site_name,meter_code,reading_date,raw_value,unit_code,category_code,source_file,source_sheet,source_row,note
MOEHE HQ / Permanent HQ,1219053,2026-03-01,55889,m3,water,Consolidated daily report +Utility Consumption & Power saving calculations -Mar 2026.xlsm,Consolidated Utility Readings.,14,Imported from 2026-03 consolidated utility readings
MOEHE HQ / Permanent HQ,1219053,2026-03-02,55952,m3,water,Consolidated daily report +Utility Consumption & Power saving calculations -Mar 2026.xlsm,Consolidated Utility Readings.,14,Imported from 2026-03 consolidated utility readings
MOEHE HQ / Permanent HQ,1219053,2026-03-03,55952,m3,water,Consolidated daily report +Utility Consumption & Power saving calculations -Mar 2026.xlsm,Consolidated Utility Readings.,14,Imported from 2026-03 consolidated utility readings
MOEHE HQ / Permanent HQ,1219053,2026-03-04,56054,m3,water,Consolidated daily report +Utility Consumption & Power saving calculations -Mar 2026.xlsm,Consolidated Utility Readings.,14,Imported from 2026-03 consolidated utility readings
MOEHE HQ / Permanent HQ,1219053,2026-03-05,56100,m3,water,Consolidated daily report +Utility Consumption & Power saving calculations -Mar 2026.xlsm,Consolidated Utility Readings.,14,Imported from 2026-03 consolidated utility readings
MOEHE HQ / Permanent HQ,1219053,2026-03-06,56158,m3,water,Consolidated daily report +Utility Consumption & Power saving calculations -Mar 2026.xlsm,Consolidated Utility Readings.,14,Imported from 2026-03 consolidated utility readings
MOEHE HQ / Permanent HQ,1219053,2026-03-07,56181,m3,water,Consolidated daily report +Utility Consumption & Power saving calculations -Mar 2026.xlsm,Consolidated Utility Readings.,14,Imported from 2026-03 consolidated utility readings
MOEHE HQ / Permanent HQ,1219053,2026-03-08,56255,m3,water,Consolidated daily report +Utility Consumption & Power saving calculations -Mar 2026.xlsm,Consolidated Utility Readings.,14,Imported from 2026-03 consolidated utility readings
MOEHE HQ / Permanent HQ,1219053,2026-03-09,56299,m3,water,Consolidated daily report +Utility Consumption & Power saving calculations -Mar 2026.xlsm,Consolidated Utility Readings.,14,Imported from 2026-03 consolidated utility readings
MOEHE HQ / Permanent HQ,1219053,2026-03-10,56299,m3,water,Consolidated daily report +Utility Consumption & Power saving calculations -Mar 2026.xlsm,Consolidated Utility Readings.,14,Imported from 2026-03 consolidated utility readings
MOEHE HQ / Permanent HQ,1219053,2026-03-11,56401,m3,water,Consolidated daily report +Utility Consumption & Power saving calculations -Mar 2026.xlsm,Consolidated Utility Readings.,14,Imported from 2026-03 consolidated utility readings
MOEHE HQ / Permanent HQ,1219053,2026-03-12,56452,m3,water,Consolidated daily report +Utility Consumption & Power saving calculations -Mar 2026.xlsm,Consolidated Utility Readings.,14,Imported from 2026-03 consolidated utility readings
MOEHE HQ / Permanent HQ,1219053,2026-03-13,56517,m3,water,Consolidated daily report +Utility Consumption & Power saving calculations -Mar 2026.xlsm,Consolidated Utility Readings.,14,Imported from 2026-03 consolidated utility readings
MOEHE HQ / Permanent HQ,1219053,2026-03-14,56538,m3,water,Consolidated daily report +Utility Consumption & Power saving calculations -Mar 2026.xlsm,Consolidated Utility Readings.,14,Imported from 2026-03 consolidated utility readings
MOEHE HQ / Permanent HQ,1219053,2026-03-15,56614,m3,water,Consolidated daily report +Utility Consumption & Power saving calculations -Mar 2026.xlsm,Consolidated Utility Readings.,14,Imported from 2026-03 consolidated utility readings
MOEHE HQ / Permanent HQ,1219053,2026-03-16,56665,m3,water,Consolidated daily report +Utility Consumption & Power saving calculations -Mar 2026.xlsm,Consolidated Utility Readings.,14,Imported from 2026-03 consolidated utility readings
MOEHE HQ / Permanent HQ,1219053,2026-03-17,56716,m3,water,Consolidated daily report +Utility Consumption & Power saving calculations -Mar 2026.xlsm,Consolidated Utility Readings.,14,Imported from 2026-03 consolidated utility readings
MOEHE HQ / Permanent HQ,1219053,2026-03-18,56758,m3,water,Consolidated daily report +Utility Consumption & Power saving calculations -Mar 2026.xlsm,Consolidated Utility Readings.,14,Imported from 2026-03 consolidated utility readings
MOEHE HQ / Permanent HQ,1219053,2026-03-19,56881,m3,water,Consolidated daily report +Utility Consumption & Power saving calculations -Mar 2026.xlsm,Consolidated Utility Readings.,14,Imported from 2026-03 consolidated utility readings
MOEHE HQ / Permanent HQ,1219053,2026-03-20,56868,m3,water,Consolidated daily report +Utility Consumption & Power saving calculations -Mar 2026.xlsm,Consolidated Utility Readings.,14,Imported from 2026-03 consolidated utility readings
MOEHE HQ / Permanent HQ,1219053,2026-03-21,56923,m3,water,Consolidated daily report +Utility Consumption & Power saving calculations -Mar 2026.xlsm,Consolidated Utility Readings.,14,Imported from 2026-03 consolidated utility readings
MOEHE HQ / Permanent HQ,1219053,2026-03-22,56968,m3,water,Consolidated daily report +Utility Consumption & Power saving calculations -Mar 2026.xlsm,Consolidated Utility Readings.,14,Imported from 2026-03 consolidated utility readings
MOEHE HQ / Permanent HQ,1219053,2026-03-23,56997,m3,water,Consolidated daily report +Utility Consumption & Power saving calculations -Mar 2026.xlsm,Consolidated Utility Readings.,14,Imported from 2026-03 consolidated utility readings
MOEHE HQ / Permanent HQ,1219053,2026-03-24,57007,m3,water,Consolidated daily report +Utility Consumption & Power saving calculations -Mar 2026.xlsm,Consolidated Utility Readings.,14,Imported from 2026-03 consolidated utility readings
MOEHE HQ / Permanent HQ,1219053,2026-03-25,57121,m3,water,Consolidated daily report +Utility Consumption & Power saving calculations -Mar 2026.xlsm,Consolidated Utility Readings.,14,Imported from 2026-03 consolidated utility readings
MOEHE HQ / Permanent HQ,1219053,2026-03-26,57226,m3,water,Consolidated daily report +Utility Consumption & Power saving calculations -Mar 2026.xlsm,Consolidated Utility Readings.,14,Imported from 2026-03 consolidated utility readings
MOEHE HQ / Permanent HQ,1219053,2026-03-27,57347,m3,water,Consolidated daily report +Utility Consumption & Power saving calculations -Mar 2026.xlsm,Consolidated Utility Readings.,14,Imported from 2026-03 consolidated utility readings
MOEHE HQ / Permanent HQ,1219053,2026-03-28,57352,m3,water,Consolidated daily report +Utility Consumption & Power saving calculations -Mar 2026.xlsm,Consolidated Utility Readings.,14,Imported from 2026-03 consolidated utility readings
MOEHE HQ / Permanent HQ,1219053,2026-03-29,57426,m3,water,Consolidated daily report +Utility Consumption & Power saving calculations -Mar 2026.xlsm,Consolidated Utility Readings.,14,Imported from 2026-03 consolidated utility readings
MOEHE HQ / Permanent HQ,1219053,2026-03-30,57696,m3,water,Consolidated daily report +Utility Consumption & Power saving calculations -Mar 2026.xlsm,Consolidated Utility Readings.,14,Imported from 2026-03 consolidated utility readings
MOEHE HQ / Permanent HQ,1219053,2026-03-31,57789,m3,water,Consolidated daily report +Utility Consumption & Power saving calculations -Mar 2026.xlsm,Consolidated Utility Readings.,14,Imported from 2026-03 consolidated utility readings
MOEHE HQ / Permanent HQ,1219053,2026-04-01,57921,m3,water,Consolidated daily report +Utility Consumption & Power saving calculations -Apr 2026.xlsm,Consolidated Utility Readings.,14,Imported from 2026-04 consolidated utility readings
MOEHE HQ / Permanent HQ,1219053,2026-04-02,58127,m3,water,Consolidated daily report +Utility Consumption & Power saving calculations -Apr 2026.xlsm,Consolidated Utility Readings.,14,Imported from 2026-04 consolidated utility readings
MOEHE HQ / Permanent HQ,1219053,2026-04-03,58232,m3,water,Consolidated daily report +Utility Consumption & Power saving calculations -Apr 2026.xlsm,Consolidated Utility Readings.,14,Imported from 2026-04 consolidated utility readings
MOEHE HQ / Permanent HQ,1219053,2026-04-04,58264,m3,water,Consolidated daily report +Utility Consumption & Power saving calculations -Apr 2026.xlsm,Consolidated Utility Readings.,14,Imported from 2026-04 consolidated utility readings
MOEHE HQ / Permanent HQ,1219053,2026-04-05,58362,m3,water,Consolidated daily report +Utility Consumption & Power saving calculations -Apr 2026.xlsm,Consolidated Utility Readings.,14,Imported from 2026-04 consolidated utility readings
MOEHE HQ / Permanent HQ,1219053,2026-04-06,58468,m3,water,Consolidated daily report +Utility Consumption & Power saving calculations -Apr 2026.xlsm,Consolidated Utility Readings.,14,Imported from 2026-04 consolidated utility readings
MOEHE HQ / Permanent HQ,1219053,2026-04-07,58570,m3,water,Consolidated daily report +Utility Consumption & Power saving calculations -Apr 2026.xlsm,Consolidated Utility Readings.,14,Imported from 2026-04 consolidated utility readings
MOEHE HQ / Permanent HQ,1219053,2026-04-08,58665,m3,water,Consolidated daily report +Utility Consumption & Power saving calculations -Apr 2026.xlsm,Consolidated Utility Readings.,14,Imported from 2026-04 consolidated utility readings
MOEHE HQ / Permanent HQ,1219053,2026-04-09,58758,m3,water,Consolidated daily report +Utility Consumption & Power saving calculations -Apr 2026.xlsm,Consolidated Utility Readings.,14,Imported from 2026-04 consolidated utility readings
MOEHE HQ / Permanent HQ,1219053,2026-04-10,58758,m3,water,Consolidated daily report +Utility Consumption & Power saving calculations -Apr 2026.xlsm,Consolidated Utility Readings.,14,Imported from 2026-04 consolidated utility readings
MOEHE HQ / Permanent HQ,1219053,2026-04-11,58907,m3,water,Consolidated daily report +Utility Consumption & Power saving calculations -Apr 2026.xlsm,Consolidated Utility Readings.,14,Imported from 2026-04 consolidated utility readings
MOEHE HQ / Permanent HQ,1219053,2026-04-12,58986,m3,water,Consolidated daily report +Utility Consumption & Power saving calculations -Apr 2026.xlsm,Consolidated Utility Readings.,14,Imported from 2026-04 consolidated utility readings
MOEHE HQ / Permanent HQ,1219053,2026-04-13,59092,m3,water,Consolidated daily report +Utility Consumption & Power saving calculations -Apr 2026.xlsm,Consolidated Utility Readings.,14,Imported from 2026-04 consolidated utility readings
MOEHE HQ / Permanent HQ,1219053,2026-04-14,59180,m3,water,Consolidated daily report +Utility Consumption & Power saving calculations -Apr 2026.xlsm,Consolidated Utility Readings.,14,Imported from 2026-04 consolidated utility readings
MOEHE HQ / Permanent HQ,1219053,2026-04-15,59271,m3,water,Consolidated daily report +Utility Consumption & Power saving calculations -Apr 2026.xlsm,Consolidated Utility Readings.,14,Imported from 2026-04 consolidated utility readings
MOEHE HQ / Permanent HQ,1219053,2026-04-16,59390,m3,water,Consolidated daily report +Utility Consumption & Power saving calculations -Apr 2026.xlsm,Consolidated Utility Readings.,14,Imported from 2026-04 consolidated utility readings
MOEHE HQ / Permanent HQ,1219053,2026-04-17,59495,m3,water,Consolidated daily report +Utility Consumption & Power saving calculations -Apr 2026.xlsm,Consolidated Utility Readings.,14,Imported from 2026-04 consolidated utility readings
MOEHE HQ / Permanent HQ,1219053,2026-04-18,59524,m3,water,Consolidated daily report +Utility Consumption & Power saving calculations -Apr 2026.xlsm,Consolidated Utility Readings.,14,Imported from 2026-04 consolidated utility readings
MOEHE HQ / Permanent HQ,1219053,2026-04-19,59594,m3,water,Consolidated daily report +Utility Consumption & Power saving calculations -Apr 2026.xlsm,Consolidated Utility Readings.,14,Imported from 2026-04 consolidated utility readings
MOEHE HQ / Permanent HQ,1219053,2026-04-20,59714,m3,water,Consolidated daily report +Utility Consumption & Power saving calculations -Apr 2026.xlsm,Consolidated Utility Readings.,14,Imported from 2026-04 consolidated utility readings
MOEHE HQ / Permanent HQ,1219053,2026-04-21,59817,m3,water,Consolidated daily report +Utility Consumption & Power saving calculations -Apr 2026.xlsm,Consolidated Utility Readings.,14,Imported from 2026-04 consolidated utility readings
MOEHE HQ / Permanent HQ,1219053,2026-04-22,59934,m3,water,Consolidated daily report +Utility Consumption & Power saving calculations -Apr 2026.xlsm,Consolidated Utility Readings.,14,Imported from 2026-04 consolidated utility readings
MOEHE HQ / Permanent HQ,1219053,2026-04-23,60031,m3,water,Consolidated daily report +Utility Consumption & Power saving calculations -Apr 2026.xlsm,Consolidated Utility Readings.,14,Imported from 2026-04 consolidated utility readings
MOEHE HQ / Permanent HQ,1219053,2026-04-24,60152,m3,water,Consolidated daily report +Utility Consumption & Power saving calculations -Apr 2026.xlsm,Consolidated Utility Readings.,14,Imported from 2026-04 consolidated utility readings
MOEHE HQ / Permanent HQ,1219053,2026-04-25,60177,m3,water,Consolidated daily report +Utility Consumption & Power saving calculations -Apr 2026.xlsm,Consolidated Utility Readings.,14,Imported from 2026-04 consolidated utility readings
MOEHE HQ / Permanent HQ,1219053,2026-04-26,60279,m3,water,Consolidated daily report +Utility Consumption & Power saving calculations -Apr 2026.xlsm,Consolidated Utility Readings.,14,Imported from 2026-04 consolidated utility readings
MOEHE HQ / Permanent HQ,1219053,2026-04-27,60378,m3,water,Consolidated daily report +Utility Consumption & Power saving calculations -Apr 2026.xlsm,Consolidated Utility Readings.,14,Imported from 2026-04 consolidated utility readings
MOEHE HQ / Permanent HQ,1219053,2026-04-28,60483,m3,water,Consolidated daily report +Utility Consumption & Power saving calculations -Apr 2026.xlsm,Consolidated Utility Readings.,14,Imported from 2026-04 consolidated utility readings
MOEHE HQ / Permanent HQ,1219053,2026-04-29,60582,m3,water,Consolidated daily report +Utility Consumption & Power saving calculations -Apr 2026.xlsm,Consolidated Utility Readings.,14,Imported from 2026-04 consolidated utility readings
MOEHE HQ / Permanent HQ,1219053,2026-04-30,60780,m3,water,Consolidated daily report +Utility Consumption & Power saving calculations -Apr 2026.xlsm,Consolidated Utility Readings.,14,Imported from 2026-04 consolidated utility readings
MOEHE HQ / Permanent HQ,1219053,2026-05-01,60890,m3,water,Consolidated daily report +Utility Consumption & Power saving calculations -May 2026.xlsm,Consolidated Utility Readings.,14,Imported from 2026-05 consolidated utility readings
MOEHE HQ / Permanent HQ,1219053,2026-05-02,60914,m3,water,Consolidated daily report +Utility Consumption & Power saving calculations -May 2026.xlsm,Consolidated Utility Readings.,14,Imported from 2026-05 consolidated utility readings
MOEHE HQ / Permanent HQ,1219053,2026-05-03,60989,m3,water,Consolidated daily report +Utility Consumption & Power saving calculations -May 2026.xlsm,Consolidated Utility Readings.,14,Imported from 2026-05 consolidated utility readings
MOEHE HQ / Permanent HQ,1219053,2026-05-04,61095,m3,water,Consolidated daily report +Utility Consumption & Power saving calculations -May 2026.xlsm,Consolidated Utility Readings.,14,Imported from 2026-05 consolidated utility readings
MOEHE HQ / Permanent HQ,1219053,2026-05-05,61191,m3,water,Consolidated daily report +Utility Consumption & Power saving calculations -May 2026.xlsm,Consolidated Utility Readings.,14,Imported from 2026-05 consolidated utility readings
MOEHE HQ / Permanent HQ,1219053,2026-05-06,61331,m3,water,Consolidated daily report +Utility Consumption & Power saving calculations -May 2026.xlsm,Consolidated Utility Readings.,14,Imported from 2026-05 consolidated utility readings
MOEHE HQ / Permanent HQ,1219053,2026-05-07,61444,m3,water,Consolidated daily report +Utility Consumption & Power saving calculations -May 2026.xlsm,Consolidated Utility Readings.,14,Imported from 2026-05 consolidated utility readings
MOEHE HQ / Permanent HQ,1219053,2026-05-08,61583,m3,water,Consolidated daily report +Utility Consumption & Power saving calculations -May 2026.xlsm,Consolidated Utility Readings.,14,Imported from 2026-05 consolidated utility readings
MOEHE HQ / Permanent HQ,1219053,2026-05-09,61587,m3,water,Consolidated daily report +Utility Consumption & Power saving calculations -May 2026.xlsm,Consolidated Utility Readings.,14,Imported from 2026-05 consolidated utility readings
MOEHE HQ / Permanent HQ,1219053,2026-05-10,61704,m3,water,Consolidated daily report +Utility Consumption & Power saving calculations -May 2026.xlsm,Consolidated Utility Readings.,14,Imported from 2026-05 consolidated utility readings
MOEHE HQ / Permanent HQ,1219053,2026-05-11,61825,m3,water,Consolidated daily report +Utility Consumption & Power saving calculations -May 2026.xlsm,Consolidated Utility Readings.,14,Imported from 2026-05 consolidated utility readings
MOEHE HQ / Permanent HQ,1219053,2026-05-12,61937,m3,water,Consolidated daily report +Utility Consumption & Power saving calculations -May 2026.xlsm,Consolidated Utility Readings.,14,Imported from 2026-05 consolidated utility readings
MOEHE HQ / Permanent HQ,1219053,2026-05-13,62030,m3,water,Consolidated daily report +Utility Consumption & Power saving calculations -May 2026.xlsm,Consolidated Utility Readings.,14,Imported from 2026-05 consolidated utility readings
MOEHE HQ / Permanent HQ,1219053,2026-05-14,62157,m3,water,Consolidated daily report +Utility Consumption & Power saving calculations -May 2026.xlsm,Consolidated Utility Readings.,14,Imported from 2026-05 consolidated utility readings
MOEHE HQ / Permanent HQ,1219053,2026-05-15,62273,m3,water,Consolidated daily report +Utility Consumption & Power saving calculations -May 2026.xlsm,Consolidated Utility Readings.,14,Imported from 2026-05 consolidated utility readings
MOEHE HQ / Permanent HQ,1219053,2026-05-16,62290,m3,water,Consolidated daily report +Utility Consumption & Power saving calculations -May 2026.xlsm,Consolidated Utility Readings.,14,Imported from 2026-05 consolidated utility readings
MOEHE HQ / Permanent HQ,1219053,2026-05-17,62290,m3,water,Consolidated daily report +Utility Consumption & Power saving calculations -May 2026.xlsm,Consolidated Utility Readings.,14,Imported from 2026-05 consolidated utility readings
MOEHE HQ / Permanent HQ,1219053,2026-05-18,62580.7,m3,water,Consolidated daily report +Utility Consumption & Power saving calculations -May 2026.xlsm,Consolidated Utility Readings.,14,Imported from 2026-05 consolidated utility readings
MOEHE HQ / Permanent HQ,1219053,2026-05-19,62618,m3,water,Consolidated daily report +Utility Consumption & Power saving calculations -May 2026.xlsm,Consolidated Utility Readings.,14,Imported from 2026-05 consolidated utility readings
MOEHE HQ / Permanent HQ,1219053,2026-05-20,62716,m3,water,Consolidated daily report +Utility Consumption & Power saving calculations -May 2026.xlsm,Consolidated Utility Readings.,14,Imported from 2026-05 consolidated utility readings
MOEHE HQ / Permanent HQ,1219053,2026-05-21,62824,m3,water,Consolidated daily report +Utility Consumption & Power saving calculations -May 2026.xlsm,Consolidated Utility Readings.,14,Imported from 2026-05 consolidated utility readings
MOEHE HQ / Permanent HQ,1219053,2026-05-22,62947,m3,water,Consolidated daily report +Utility Consumption & Power saving calculations -May 2026.xlsm,Consolidated Utility Readings.,14,Imported from 2026-05 consolidated utility readings
MOEHE HQ / Permanent HQ,1219053,2026-05-23,63060,m3,water,Consolidated daily report +Utility Consumption & Power saving calculations -May 2026.xlsm,Consolidated Utility Readings.,14,Imported from 2026-05 consolidated utility readings
MOEHE HQ / Permanent HQ,1219053,2026-05-24,63178,m3,water,Consolidated daily report +Utility Consumption & Power saving calculations -May 2026.xlsm,Consolidated Utility Readings.,14,Imported from 2026-05 consolidated utility readings
MOEHE HQ / Permanent HQ,1219053,2026-05-25,63281,m3,water,Consolidated daily report +Utility Consumption & Power saving calculations -May 2026.xlsm,Consolidated Utility Readings.,14,Imported from 2026-05 consolidated utility readings
MOEHE HQ / Permanent HQ,1219053,2026-05-26,63385,m3,water,Consolidated daily report +Utility Consumption & Power saving calculations -May 2026.xlsm,Consolidated Utility Readings.,14,Imported from 2026-05 consolidated utility readings
MOEHE HQ / Permanent HQ,1219053,2026-05-27,63385,m3,water,Consolidated daily report +Utility Consumption & Power saving calculations -May 2026.xlsm,Consolidated Utility Readings.,14,Imported from 2026-05 consolidated utility readings
MOEHE HQ / Permanent HQ,1219053,2026-05-28,63385,m3,water,Consolidated daily report +Utility Consumption & Power saving calculations -May 2026.xlsm,Consolidated Utility Readings.,14,Imported from 2026-05 consolidated utility readings
MOEHE HQ / Permanent HQ,1219053,2026-05-29,63385,m3,water,Consolidated daily report +Utility Consumption & Power saving calculations -May 2026.xlsm,Consolidated Utility Readings.,14,Imported from 2026-05 consolidated utility readings
MOEHE HQ / Permanent HQ,1219053,2026-05-30,63385,m3,water,Consolidated daily report +Utility Consumption & Power saving calculations -May 2026.xlsm,Consolidated Utility Readings.,14,Imported from 2026-05 consolidated utility readings
MOEHE HQ / Permanent HQ,1219053,2026-05-31,63686,m3,water,Consolidated daily report +Utility Consumption & Power saving calculations -May 2026.xlsm,Consolidated Utility Readings.,14,Imported from 2026-05 consolidated utility readings
MOEHE HQ / Permanent HQ,1256358,2026-03-01,549388,kwh,electricity,Consolidated daily report +Utility Consumption & Power saving calculations -Mar 2026.xlsm,Consolidated Utility Readings.,4,Imported from 2026-03 consolidated utility readings
MOEHE HQ / Permanent HQ,1256358,2026-03-02,549618,kwh,electricity,Consolidated daily report +Utility Consumption & Power saving calculations -Mar 2026.xlsm,Consolidated Utility Readings.,4,Imported from 2026-03 consolidated utility readings
MOEHE HQ / Permanent HQ,1256358,2026-03-03,549858,kwh,electricity,Consolidated daily report +Utility Consumption & Power saving calculations -Mar 2026.xlsm,Consolidated Utility Readings.,4,Imported from 2026-03 consolidated utility readings
MOEHE HQ / Permanent HQ,1256358,2026-03-04,550084,kwh,electricity,Consolidated daily report +Utility Consumption & Power saving calculations -Mar 2026.xlsm,Consolidated Utility Readings.,4,Imported from 2026-03 consolidated utility readings
MOEHE HQ / Permanent HQ,1256358,2026-03-05,550302,kwh,electricity,Consolidated daily report +Utility Consumption & Power saving calculations -Mar 2026.xlsm,Consolidated Utility Readings.,4,Imported from 2026-03 consolidated utility readings
MOEHE HQ / Permanent HQ,1256358,2026-03-06,550516,kwh,electricity,Consolidated daily report +Utility Consumption & Power saving calculations -Mar 2026.xlsm,Consolidated Utility Readings.,4,Imported from 2026-03 consolidated utility readings
MOEHE HQ / Permanent HQ,1256358,2026-03-07,550731,kwh,electricity,Consolidated daily report +Utility Consumption & Power saving calculations -Mar 2026.xlsm,Consolidated Utility Readings.,4,Imported from 2026-03 consolidated utility readings
MOEHE HQ / Permanent HQ,1256358,2026-03-08,550927,kwh,electricity,Consolidated daily report +Utility Consumption & Power saving calculations -Mar 2026.xlsm,Consolidated Utility Readings.,4,Imported from 2026-03 consolidated utility readings
MOEHE HQ / Permanent HQ,1256358,2026-03-09,551173,kwh,electricity,Consolidated daily report +Utility Consumption & Power saving calculations -Mar 2026.xlsm,Consolidated Utility Readings.,4,Imported from 2026-03 consolidated utility readings
MOEHE HQ / Permanent HQ,1256358,2026-03-10,551401,kwh,electricity,Consolidated daily report +Utility Consumption & Power saving calculations -Mar 2026.xlsm,Consolidated Utility Readings.,4,Imported from 2026-03 consolidated utility readings
MOEHE HQ / Permanent HQ,1256358,2026-03-11,551626,kwh,electricity,Consolidated daily report +Utility Consumption & Power saving calculations -Mar 2026.xlsm,Consolidated Utility Readings.,4,Imported from 2026-03 consolidated utility readings
MOEHE HQ / Permanent HQ,1256358,2026-03-12,551856,kwh,electricity,Consolidated daily report +Utility Consumption & Power saving calculations -Mar 2026.xlsm,Consolidated Utility Readings.,4,Imported from 2026-03 consolidated utility readings
MOEHE HQ / Permanent HQ,1256358,2026-03-13,552066,kwh,electricity,Consolidated daily report +Utility Consumption & Power saving calculations -Mar 2026.xlsm,Consolidated Utility Readings.,4,Imported from 2026-03 consolidated utility readings
MOEHE HQ / Permanent HQ,1256358,2026-03-14,552289,kwh,electricity,Consolidated daily report +Utility Consumption & Power saving calculations -Mar 2026.xlsm,Consolidated Utility Readings.,4,Imported from 2026-03 consolidated utility readings
MOEHE HQ / Permanent HQ,1256358,2026-03-15,552502,kwh,electricity,Consolidated daily report +Utility Consumption & Power saving calculations -Mar 2026.xlsm,Consolidated Utility Readings.,4,Imported from 2026-03 consolidated utility readings
MOEHE HQ / Permanent HQ,1256358,2026-03-16,552726,kwh,electricity,Consolidated daily report +Utility Consumption & Power saving calculations -Mar 2026.xlsm,Consolidated Utility Readings.,4,Imported from 2026-03 consolidated utility readings
MOEHE HQ / Permanent HQ,1256358,2026-03-17,552957,kwh,electricity,Consolidated daily report +Utility Consumption & Power saving calculations -Mar 2026.xlsm,Consolidated Utility Readings.,4,Imported from 2026-03 consolidated utility readings
MOEHE HQ / Permanent HQ,1256358,2026-03-18,553181,kwh,electricity,Consolidated daily report +Utility Consumption & Power saving calculations -Mar 2026.xlsm,Consolidated Utility Readings.,4,Imported from 2026-03 consolidated utility readings
MOEHE HQ / Permanent HQ,1256358,2026-03-19,553401,kwh,electricity,Consolidated daily report +Utility Consumption & Power saving calculations -Mar 2026.xlsm,Consolidated Utility Readings.,4,Imported from 2026-03 consolidated utility readings
MOEHE HQ / Permanent HQ,1256358,2026-03-20,553604,kwh,electricity,Consolidated daily report +Utility Consumption & Power saving calculations -Mar 2026.xlsm,Consolidated Utility Readings.,4,Imported from 2026-03 consolidated utility readings
MOEHE HQ / Permanent HQ,1256358,2026-03-21,553837,kwh,electricity,Consolidated daily report +Utility Consumption & Power saving calculations -Mar 2026.xlsm,Consolidated Utility Readings.,4,Imported from 2026-03 consolidated utility readings
MOEHE HQ / Permanent HQ,1256358,2026-03-22,554031,kwh,electricity,Consolidated daily report +Utility Consumption & Power saving calculations -Mar 2026.xlsm,Consolidated Utility Readings.,4,Imported from 2026-03 consolidated utility readings
MOEHE HQ / Permanent HQ,1256358,2026-03-23,554244,kwh,electricity,Consolidated daily report +Utility Consumption & Power saving calculations -Mar 2026.xlsm,Consolidated Utility Readings.,4,Imported from 2026-03 consolidated utility readings
MOEHE HQ / Permanent HQ,1256358,2026-03-24,554477,kwh,electricity,Consolidated daily report +Utility Consumption & Power saving calculations -Mar 2026.xlsm,Consolidated Utility Readings.,4,Imported from 2026-03 consolidated utility readings
MOEHE HQ / Permanent HQ,1256358,2026-03-25,554680,kwh,electricity,Consolidated daily report +Utility Consumption & Power saving calculations -Mar 2026.xlsm,Consolidated Utility Readings.,4,Imported from 2026-03 consolidated utility readings
MOEHE HQ / Permanent HQ,1256358,2026-03-26,554911,kwh,electricity,Consolidated daily report +Utility Consumption & Power saving calculations -Mar 2026.xlsm,Consolidated Utility Readings.,4,Imported from 2026-03 consolidated utility readings
MOEHE HQ / Permanent HQ,1256358,2026-03-27,555136,kwh,electricity,Consolidated daily report +Utility Consumption & Power saving calculations -Mar 2026.xlsm,Consolidated Utility Readings.,4,Imported from 2026-03 consolidated utility readings
MOEHE HQ / Permanent HQ,1256358,2026-03-28,555351,kwh,electricity,Consolidated daily report +Utility Consumption & Power saving calculations -Mar 2026.xlsm,Consolidated Utility Readings.,4,Imported from 2026-03 consolidated utility readings
MOEHE HQ / Permanent HQ,1256358,2026-03-29,555569,kwh,electricity,Consolidated daily report +Utility Consumption & Power saving calculations -Mar 2026.xlsm,Consolidated Utility Readings.,4,Imported from 2026-03 consolidated utility readings
MOEHE HQ / Permanent HQ,1256358,2026-03-30,555794,kwh,electricity,Consolidated daily report +Utility Consumption & Power saving calculations -Mar 2026.xlsm,Consolidated Utility Readings.,4,Imported from 2026-03 consolidated utility readings
MOEHE HQ / Permanent HQ,1256358,2026-03-31,556021,kwh,electricity,Consolidated daily report +Utility Consumption & Power saving calculations -Mar 2026.xlsm,Consolidated Utility Readings.,4,Imported from 2026-03 consolidated utility readings
MOEHE HQ / Permanent HQ,1256358,2026-04-01,556247,kwh,electricity,Consolidated daily report +Utility Consumption & Power saving calculations -Apr 2026.xlsm,Consolidated Utility Readings.,4,Imported from 2026-04 consolidated utility readings
MOEHE HQ / Permanent HQ,1256358,2026-04-02,556472,kwh,electricity,Consolidated daily report +Utility Consumption & Power saving calculations -Apr 2026.xlsm,Consolidated Utility Readings.,4,Imported from 2026-04 consolidated utility readings
MOEHE HQ / Permanent HQ,1256358,2026-04-03,556693,kwh,electricity,Consolidated daily report +Utility Consumption & Power saving calculations -Apr 2026.xlsm,Consolidated Utility Readings.,4,Imported from 2026-04 consolidated utility readings
MOEHE HQ / Permanent HQ,1256358,2026-04-04,556904,kwh,electricity,Consolidated daily report +Utility Consumption & Power saving calculations -Apr 2026.xlsm,Consolidated Utility Readings.,4,Imported from 2026-04 consolidated utility readings
MOEHE HQ / Permanent HQ,1256358,2026-04-05,557123,kwh,electricity,Consolidated daily report +Utility Consumption & Power saving calculations -Apr 2026.xlsm,Consolidated Utility Readings.,4,Imported from 2026-04 consolidated utility readings
MOEHE HQ / Permanent HQ,1256358,2026-04-06,557351,kwh,electricity,Consolidated daily report +Utility Consumption & Power saving calculations -Apr 2026.xlsm,Consolidated Utility Readings.,4,Imported from 2026-04 consolidated utility readings
MOEHE HQ / Permanent HQ,1256358,2026-04-07,557582,kwh,electricity,Consolidated daily report +Utility Consumption & Power saving calculations -Apr 2026.xlsm,Consolidated Utility Readings.,4,Imported from 2026-04 consolidated utility readings
MOEHE HQ / Permanent HQ,1256358,2026-04-08,557816,kwh,electricity,Consolidated daily report +Utility Consumption & Power saving calculations -Apr 2026.xlsm,Consolidated Utility Readings.,4,Imported from 2026-04 consolidated utility readings
MOEHE HQ / Permanent HQ,1256358,2026-04-09,558045,kwh,electricity,Consolidated daily report +Utility Consumption & Power saving calculations -Apr 2026.xlsm,Consolidated Utility Readings.,4,Imported from 2026-04 consolidated utility readings
MOEHE HQ / Permanent HQ,1256358,2026-04-10,558270,kwh,electricity,Consolidated daily report +Utility Consumption & Power saving calculations -Apr 2026.xlsm,Consolidated Utility Readings.,4,Imported from 2026-04 consolidated utility readings
MOEHE HQ / Permanent HQ,1256358,2026-04-11,558486,kwh,electricity,Consolidated daily report +Utility Consumption & Power saving calculations -Apr 2026.xlsm,Consolidated Utility Readings.,4,Imported from 2026-04 consolidated utility readings
MOEHE HQ / Permanent HQ,1256358,2026-04-12,558706,kwh,electricity,Consolidated daily report +Utility Consumption & Power saving calculations -Apr 2026.xlsm,Consolidated Utility Readings.,4,Imported from 2026-04 consolidated utility readings
MOEHE HQ / Permanent HQ,1256358,2026-04-13,558940,kwh,electricity,Consolidated daily report +Utility Consumption & Power saving calculations -Apr 2026.xlsm,Consolidated Utility Readings.,4,Imported from 2026-04 consolidated utility readings
MOEHE HQ / Permanent HQ,1256358,2026-04-14,559176,kwh,electricity,Consolidated daily report +Utility Consumption & Power saving calculations -Apr 2026.xlsm,Consolidated Utility Readings.,4,Imported from 2026-04 consolidated utility readings
MOEHE HQ / Permanent HQ,1256358,2026-04-15,559406,kwh,electricity,Consolidated daily report +Utility Consumption & Power saving calculations -Apr 2026.xlsm,Consolidated Utility Readings.,4,Imported from 2026-04 consolidated utility readings
MOEHE HQ / Permanent HQ,1256358,2026-04-16,559642,kwh,electricity,Consolidated daily report +Utility Consumption & Power saving calculations -Apr 2026.xlsm,Consolidated Utility Readings.,4,Imported from 2026-04 consolidated utility readings
MOEHE HQ / Permanent HQ,1256358,2026-04-17,559866,kwh,electricity,Consolidated daily report +Utility Consumption & Power saving calculations -Apr 2026.xlsm,Consolidated Utility Readings.,4,Imported from 2026-04 consolidated utility readings
MOEHE HQ / Permanent HQ,1256358,2026-04-18,560086,kwh,electricity,Consolidated daily report +Utility Consumption & Power saving calculations -Apr 2026.xlsm,Consolidated Utility Readings.,4,Imported from 2026-04 consolidated utility readings
MOEHE HQ / Permanent HQ,1256358,2026-04-19,560310,kwh,electricity,Consolidated daily report +Utility Consumption & Power saving calculations -Apr 2026.xlsm,Consolidated Utility Readings.,4,Imported from 2026-04 consolidated utility readings
MOEHE HQ / Permanent HQ,1256358,2026-04-20,560551,kwh,electricity,Consolidated daily report +Utility Consumption & Power saving calculations -Apr 2026.xlsm,Consolidated Utility Readings.,4,Imported from 2026-04 consolidated utility readings
MOEHE HQ / Permanent HQ,1256358,2026-04-21,560789,kwh,electricity,Consolidated daily report +Utility Consumption & Power saving calculations -Apr 2026.xlsm,Consolidated Utility Readings.,4,Imported from 2026-04 consolidated utility readings
MOEHE HQ / Permanent HQ,1256358,2026-04-22,561026,kwh,electricity,Consolidated daily report +Utility Consumption & Power saving calculations -Apr 2026.xlsm,Consolidated Utility Readings.,4,Imported from 2026-04 consolidated utility readings
MOEHE HQ / Permanent HQ,1256358,2026-04-23,561263,kwh,electricity,Consolidated daily report +Utility Consumption & Power saving calculations -Apr 2026.xlsm,Consolidated Utility Readings.,4,Imported from 2026-04 consolidated utility readings
MOEHE HQ / Permanent HQ,1256358,2026-04-24,561489,kwh,electricity,Consolidated daily report +Utility Consumption & Power saving calculations -Apr 2026.xlsm,Consolidated Utility Readings.,4,Imported from 2026-04 consolidated utility readings
MOEHE HQ / Permanent HQ,1256358,2026-04-25,561707,kwh,electricity,Consolidated daily report +Utility Consumption & Power saving calculations -Apr 2026.xlsm,Consolidated Utility Readings.,4,Imported from 2026-04 consolidated utility readings
MOEHE HQ / Permanent HQ,1256358,2026-04-26,561937,kwh,electricity,Consolidated daily report +Utility Consumption & Power saving calculations -Apr 2026.xlsm,Consolidated Utility Readings.,4,Imported from 2026-04 consolidated utility readings
MOEHE HQ / Permanent HQ,1256358,2026-04-27,562177,kwh,electricity,Consolidated daily report +Utility Consumption & Power saving calculations -Apr 2026.xlsm,Consolidated Utility Readings.,4,Imported from 2026-04 consolidated utility readings
MOEHE HQ / Permanent HQ,1256358,2026-04-28,562353,kwh,electricity,Consolidated daily report +Utility Consumption & Power saving calculations -Apr 2026.xlsm,Consolidated Utility Readings.,4,Imported from 2026-04 consolidated utility readings
MOEHE HQ / Permanent HQ,1256358,2026-04-29,562504,kwh,electricity,Consolidated daily report +Utility Consumption & Power saving calculations -Apr 2026.xlsm,Consolidated Utility Readings.,4,Imported from 2026-04 consolidated utility readings
MOEHE HQ / Permanent HQ,1256358,2026-04-30,562656,kwh,electricity,Consolidated daily report +Utility Consumption & Power saving calculations -Apr 2026.xlsm,Consolidated Utility Readings.,4,Imported from 2026-04 consolidated utility readings
MOEHE HQ / Permanent HQ,1256358,2026-05-01,562800,kwh,electricity,Consolidated daily report +Utility Consumption & Power saving calculations -May 2026.xlsm,Consolidated Utility Readings.,4,Imported from 2026-05 consolidated utility readings
MOEHE HQ / Permanent HQ,1256358,2026-05-02,562933,kwh,electricity,Consolidated daily report +Utility Consumption & Power saving calculations -May 2026.xlsm,Consolidated Utility Readings.,4,Imported from 2026-05 consolidated utility readings
MOEHE HQ / Permanent HQ,1256358,2026-05-03,563075,kwh,electricity,Consolidated daily report +Utility Consumption & Power saving calculations -May 2026.xlsm,Consolidated Utility Readings.,4,Imported from 2026-05 consolidated utility readings
MOEHE HQ / Permanent HQ,1256358,2026-05-04,563229,kwh,electricity,Consolidated daily report +Utility Consumption & Power saving calculations -May 2026.xlsm,Consolidated Utility Readings.,4,Imported from 2026-05 consolidated utility readings
MOEHE HQ / Permanent HQ,1256358,2026-05-05,563369,kwh,electricity,Consolidated daily report +Utility Consumption & Power saving calculations -May 2026.xlsm,Consolidated Utility Readings.,4,Imported from 2026-05 consolidated utility readings
MOEHE HQ / Permanent HQ,1256358,2026-05-06,563536,kwh,electricity,Consolidated daily report +Utility Consumption & Power saving calculations -May 2026.xlsm,Consolidated Utility Readings.,4,Imported from 2026-05 consolidated utility readings
MOEHE HQ / Permanent HQ,1256358,2026-05-07,563689,kwh,electricity,Consolidated daily report +Utility Consumption & Power saving calculations -May 2026.xlsm,Consolidated Utility Readings.,4,Imported from 2026-05 consolidated utility readings
MOEHE HQ / Permanent HQ,1256358,2026-05-08,563836,kwh,electricity,Consolidated daily report +Utility Consumption & Power saving calculations -May 2026.xlsm,Consolidated Utility Readings.,4,Imported from 2026-05 consolidated utility readings
MOEHE HQ / Permanent HQ,1256358,2026-05-09,563975,kwh,electricity,Consolidated daily report +Utility Consumption & Power saving calculations -May 2026.xlsm,Consolidated Utility Readings.,4,Imported from 2026-05 consolidated utility readings
MOEHE HQ / Permanent HQ,1256358,2026-05-10,564118,kwh,electricity,Consolidated daily report +Utility Consumption & Power saving calculations -May 2026.xlsm,Consolidated Utility Readings.,4,Imported from 2026-05 consolidated utility readings
MOEHE HQ / Permanent HQ,1256358,2026-05-11,564270,kwh,electricity,Consolidated daily report +Utility Consumption & Power saving calculations -May 2026.xlsm,Consolidated Utility Readings.,4,Imported from 2026-05 consolidated utility readings
MOEHE HQ / Permanent HQ,1256358,2026-05-12,564423,kwh,electricity,Consolidated daily report +Utility Consumption & Power saving calculations -May 2026.xlsm,Consolidated Utility Readings.,4,Imported from 2026-05 consolidated utility readings
MOEHE HQ / Permanent HQ,1256358,2026-05-13,564577,kwh,electricity,Consolidated daily report +Utility Consumption & Power saving calculations -May 2026.xlsm,Consolidated Utility Readings.,4,Imported from 2026-05 consolidated utility readings
MOEHE HQ / Permanent HQ,1256358,2026-05-14,564731,kwh,electricity,Consolidated daily report +Utility Consumption & Power saving calculations -May 2026.xlsm,Consolidated Utility Readings.,4,Imported from 2026-05 consolidated utility readings
MOEHE HQ / Permanent HQ,1256358,2026-05-15,564875,kwh,electricity,Consolidated daily report +Utility Consumption & Power saving calculations -May 2026.xlsm,Consolidated Utility Readings.,4,Imported from 2026-05 consolidated utility readings
MOEHE HQ / Permanent HQ,1256358,2026-05-16,565022,kwh,electricity,Consolidated daily report +Utility Consumption & Power saving calculations -May 2026.xlsm,Consolidated Utility Readings.,4,Imported from 2026-05 consolidated utility readings
MOEHE HQ / Permanent HQ,1256358,2026-05-17,565166,kwh,electricity,Consolidated daily report +Utility Consumption & Power saving calculations -May 2026.xlsm,Consolidated Utility Readings.,4,Imported from 2026-05 consolidated utility readings
MOEHE HQ / Permanent HQ,1256358,2026-05-18,565322,kwh,electricity,Consolidated daily report +Utility Consumption & Power saving calculations -May 2026.xlsm,Consolidated Utility Readings.,4,Imported from 2026-05 consolidated utility readings
MOEHE HQ / Permanent HQ,1256358,2026-05-19,565472,kwh,electricity,Consolidated daily report +Utility Consumption & Power saving calculations -May 2026.xlsm,Consolidated Utility Readings.,4,Imported from 2026-05 consolidated utility readings
MOEHE HQ / Permanent HQ,1256358,2026-05-20,565630,kwh,electricity,Consolidated daily report +Utility Consumption & Power saving calculations -May 2026.xlsm,Consolidated Utility Readings.,4,Imported from 2026-05 consolidated utility readings
MOEHE HQ / Permanent HQ,1256358,2026-05-21,565779,kwh,electricity,Consolidated daily report +Utility Consumption & Power saving calculations -May 2026.xlsm,Consolidated Utility Readings.,4,Imported from 2026-05 consolidated utility readings
MOEHE HQ / Permanent HQ,1256358,2026-05-22,565820,kwh,electricity,Consolidated daily report +Utility Consumption & Power saving calculations -May 2026.xlsm,Consolidated Utility Readings.,4,Imported from 2026-05 consolidated utility readings
MOEHE HQ / Permanent HQ,1256358,2026-05-23,566063,kwh,electricity,Consolidated daily report +Utility Consumption & Power saving calculations -May 2026.xlsm,Consolidated Utility Readings.,4,Imported from 2026-05 consolidated utility readings
MOEHE HQ / Permanent HQ,1256358,2026-05-24,566209,kwh,electricity,Consolidated daily report +Utility Consumption & Power saving calculations -May 2026.xlsm,Consolidated Utility Readings.,4,Imported from 2026-05 consolidated utility readings
MOEHE HQ / Permanent HQ,1256358,2026-05-25,566352,kwh,electricity,Consolidated daily report +Utility Consumption & Power saving calculations -May 2026.xlsm,Consolidated Utility Readings.,4,Imported from 2026-05 consolidated utility readings
MOEHE HQ / Permanent HQ,1256358,2026-05-26,566505,kwh,electricity,Consolidated daily report +Utility Consumption & Power saving calculations -May 2026.xlsm,Consolidated Utility Readings.,4,Imported from 2026-05 consolidated utility readings
MOEHE HQ / Permanent HQ,1256358,2026-05-27,566669,kwh,electricity,Consolidated daily report +Utility Consumption & Power saving calculations -May 2026.xlsm,Consolidated Utility Readings.,4,Imported from 2026-05 consolidated utility readings
MOEHE HQ / Permanent HQ,1256358,2026-05-28,566827,kwh,electricity,Consolidated daily report +Utility Consumption & Power saving calculations -May 2026.xlsm,Consolidated Utility Readings.,4,Imported from 2026-05 consolidated utility readings
MOEHE HQ / Permanent HQ,1256358,2026-05-29,566983,kwh,electricity,Consolidated daily report +Utility Consumption & Power saving calculations -May 2026.xlsm,Consolidated Utility Readings.,4,Imported from 2026-05 consolidated utility readings
MOEHE HQ / Permanent HQ,1256358,2026-05-30,567127,kwh,electricity,Consolidated daily report +Utility Consumption & Power saving calculations -May 2026.xlsm,Consolidated Utility Readings.,4,Imported from 2026-05 consolidated utility readings
MOEHE HQ / Permanent HQ,1256358,2026-05-31,567264,kwh,electricity,Consolidated daily report +Utility Consumption & Power saving calculations -May 2026.xlsm,Consolidated Utility Readings.,4,Imported from 2026-05 consolidated utility readings
MOEHE HQ / Permanent HQ,1256359,2026-03-01,15421885,kwh,electricity,Consolidated daily report +Utility Consumption & Power saving calculations -Mar 2026.xlsm,Consolidated Utility Readings.,5,Imported from 2026-03 consolidated utility readings
MOEHE HQ / Permanent HQ,1256359,2026-03-02,15428905,kwh,electricity,Consolidated daily report +Utility Consumption & Power saving calculations -Mar 2026.xlsm,Consolidated Utility Readings.,5,Imported from 2026-03 consolidated utility readings
MOEHE HQ / Permanent HQ,1256359,2026-03-03,15435935,kwh,electricity,Consolidated daily report +Utility Consumption & Power saving calculations -Mar 2026.xlsm,Consolidated Utility Readings.,5,Imported from 2026-03 consolidated utility readings
MOEHE HQ / Permanent HQ,1256359,2026-03-04,15442953,kwh,electricity,Consolidated daily report +Utility Consumption & Power saving calculations -Mar 2026.xlsm,Consolidated Utility Readings.,5,Imported from 2026-03 consolidated utility readings
MOEHE HQ / Permanent HQ,1256359,2026-03-05,15449671,kwh,electricity,Consolidated daily report +Utility Consumption & Power saving calculations -Mar 2026.xlsm,Consolidated Utility Readings.,5,Imported from 2026-03 consolidated utility readings
MOEHE HQ / Permanent HQ,1256359,2026-03-06,15455618,kwh,electricity,Consolidated daily report +Utility Consumption & Power saving calculations -Mar 2026.xlsm,Consolidated Utility Readings.,5,Imported from 2026-03 consolidated utility readings
MOEHE HQ / Permanent HQ,1256359,2026-03-07,15461565,kwh,electricity,Consolidated daily report +Utility Consumption & Power saving calculations -Mar 2026.xlsm,Consolidated Utility Readings.,5,Imported from 2026-03 consolidated utility readings
MOEHE HQ / Permanent HQ,1256359,2026-03-08,15466810,kwh,electricity,Consolidated daily report +Utility Consumption & Power saving calculations -Mar 2026.xlsm,Consolidated Utility Readings.,5,Imported from 2026-03 consolidated utility readings
MOEHE HQ / Permanent HQ,1256359,2026-03-09,15474216,kwh,electricity,Consolidated daily report +Utility Consumption & Power saving calculations -Mar 2026.xlsm,Consolidated Utility Readings.,5,Imported from 2026-03 consolidated utility readings
MOEHE HQ / Permanent HQ,1256359,2026-03-10,15480889,kwh,electricity,Consolidated daily report +Utility Consumption & Power saving calculations -Mar 2026.xlsm,Consolidated Utility Readings.,5,Imported from 2026-03 consolidated utility readings
MOEHE HQ / Permanent HQ,1256359,2026-03-11,15487234,kwh,electricity,Consolidated daily report +Utility Consumption & Power saving calculations -Mar 2026.xlsm,Consolidated Utility Readings.,5,Imported from 2026-03 consolidated utility readings
MOEHE HQ / Permanent HQ,1256359,2026-03-12,15493865,kwh,electricity,Consolidated daily report +Utility Consumption & Power saving calculations -Mar 2026.xlsm,Consolidated Utility Readings.,5,Imported from 2026-03 consolidated utility readings
MOEHE HQ / Permanent HQ,1256359,2026-03-13,15499812,kwh,electricity,Consolidated daily report +Utility Consumption & Power saving calculations -Mar 2026.xlsm,Consolidated Utility Readings.,5,Imported from 2026-03 consolidated utility readings
MOEHE HQ / Permanent HQ,1256359,2026-03-14,15505246,kwh,electricity,Consolidated daily report +Utility Consumption & Power saving calculations -Mar 2026.xlsm,Consolidated Utility Readings.,5,Imported from 2026-03 consolidated utility readings
MOEHE HQ / Permanent HQ,1256359,2026-03-15,15510838,kwh,electricity,Consolidated daily report +Utility Consumption & Power saving calculations -Mar 2026.xlsm,Consolidated Utility Readings.,5,Imported from 2026-03 consolidated utility readings
MOEHE HQ / Permanent HQ,1256359,2026-03-16,15517271,kwh,electricity,Consolidated daily report +Utility Consumption & Power saving calculations -Mar 2026.xlsm,Consolidated Utility Readings.,5,Imported from 2026-03 consolidated utility readings
MOEHE HQ / Permanent HQ,1256359,2026-03-17,15523816,kwh,electricity,Consolidated daily report +Utility Consumption & Power saving calculations -Mar 2026.xlsm,Consolidated Utility Readings.,5,Imported from 2026-03 consolidated utility readings
MOEHE HQ / Permanent HQ,1256359,2026-03-18,15529615,kwh,electricity,Consolidated daily report +Utility Consumption & Power saving calculations -Mar 2026.xlsm,Consolidated Utility Readings.,5,Imported from 2026-03 consolidated utility readings
MOEHE HQ / Permanent HQ,1256359,2026-03-19,15535118,kwh,electricity,Consolidated daily report +Utility Consumption & Power saving calculations -Mar 2026.xlsm,Consolidated Utility Readings.,5,Imported from 2026-03 consolidated utility readings
MOEHE HQ / Permanent HQ,1256359,2026-03-20,15540755,kwh,electricity,Consolidated daily report +Utility Consumption & Power saving calculations -Mar 2026.xlsm,Consolidated Utility Readings.,5,Imported from 2026-03 consolidated utility readings
MOEHE HQ / Permanent HQ,1256359,2026-03-21,15546421,kwh,electricity,Consolidated daily report +Utility Consumption & Power saving calculations -Mar 2026.xlsm,Consolidated Utility Readings.,5,Imported from 2026-03 consolidated utility readings
MOEHE HQ / Permanent HQ,1256359,2026-03-22,15552048,kwh,electricity,Consolidated daily report +Utility Consumption & Power saving calculations -Mar 2026.xlsm,Consolidated Utility Readings.,5,Imported from 2026-03 consolidated utility readings
MOEHE HQ / Permanent HQ,1256359,2026-03-23,15557714,kwh,electricity,Consolidated daily report +Utility Consumption & Power saving calculations -Mar 2026.xlsm,Consolidated Utility Readings.,5,Imported from 2026-03 consolidated utility readings
MOEHE HQ / Permanent HQ,1256359,2026-03-24,15563361,kwh,electricity,Consolidated daily report +Utility Consumption & Power saving calculations -Mar 2026.xlsm,Consolidated Utility Readings.,5,Imported from 2026-03 consolidated utility readings
MOEHE HQ / Permanent HQ,1256359,2026-03-25,15568997,kwh,electricity,Consolidated daily report +Utility Consumption & Power saving calculations -Mar 2026.xlsm,Consolidated Utility Readings.,5,Imported from 2026-03 consolidated utility readings
MOEHE HQ / Permanent HQ,1256359,2026-03-26,15576264,kwh,electricity,Consolidated daily report +Utility Consumption & Power saving calculations -Mar 2026.xlsm,Consolidated Utility Readings.,5,Imported from 2026-03 consolidated utility readings
MOEHE HQ / Permanent HQ,1256359,2026-03-27,15583065,kwh,electricity,Consolidated daily report +Utility Consumption & Power saving calculations -Mar 2026.xlsm,Consolidated Utility Readings.,5,Imported from 2026-03 consolidated utility readings
MOEHE HQ / Permanent HQ,1256359,2026-03-28,15588774,kwh,electricity,Consolidated daily report +Utility Consumption & Power saving calculations -Mar 2026.xlsm,Consolidated Utility Readings.,5,Imported from 2026-03 consolidated utility readings
MOEHE HQ / Permanent HQ,1256359,2026-03-29,15594976,kwh,electricity,Consolidated daily report +Utility Consumption & Power saving calculations -Mar 2026.xlsm,Consolidated Utility Readings.,5,Imported from 2026-03 consolidated utility readings
MOEHE HQ / Permanent HQ,1256359,2026-03-30,15601774,kwh,electricity,Consolidated daily report +Utility Consumption & Power saving calculations -Mar 2026.xlsm,Consolidated Utility Readings.,5,Imported from 2026-03 consolidated utility readings
MOEHE HQ / Permanent HQ,1256359,2026-03-31,15608634,kwh,electricity,Consolidated daily report +Utility Consumption & Power saving calculations -Mar 2026.xlsm,Consolidated Utility Readings.,5,Imported from 2026-03 consolidated utility readings
MOEHE HQ / Permanent HQ,1256359,2026-04-01,15615554,kwh,electricity,Consolidated daily report +Utility Consumption & Power saving calculations -Apr 2026.xlsm,Consolidated Utility Readings.,5,Imported from 2026-04 consolidated utility readings
MOEHE HQ / Permanent HQ,1256359,2026-04-02,15622498,kwh,electricity,Consolidated daily report +Utility Consumption & Power saving calculations -Apr 2026.xlsm,Consolidated Utility Readings.,5,Imported from 2026-04 consolidated utility readings
MOEHE HQ / Permanent HQ,1256359,2026-04-03,15629167,kwh,electricity,Consolidated daily report +Utility Consumption & Power saving calculations -Apr 2026.xlsm,Consolidated Utility Readings.,5,Imported from 2026-04 consolidated utility readings
MOEHE HQ / Permanent HQ,1256359,2026-04-04,15635306,kwh,electricity,Consolidated daily report +Utility Consumption & Power saving calculations -Apr 2026.xlsm,Consolidated Utility Readings.,5,Imported from 2026-04 consolidated utility readings
MOEHE HQ / Permanent HQ,1256359,2026-04-05,15641497,kwh,electricity,Consolidated daily report +Utility Consumption & Power saving calculations -Apr 2026.xlsm,Consolidated Utility Readings.,5,Imported from 2026-04 consolidated utility readings
MOEHE HQ / Permanent HQ,1256359,2026-04-06,15648434,kwh,electricity,Consolidated daily report +Utility Consumption & Power saving calculations -Apr 2026.xlsm,Consolidated Utility Readings.,5,Imported from 2026-04 consolidated utility readings
MOEHE HQ / Permanent HQ,1256359,2026-04-07,15655228,kwh,electricity,Consolidated daily report +Utility Consumption & Power saving calculations -Apr 2026.xlsm,Consolidated Utility Readings.,5,Imported from 2026-04 consolidated utility readings
MOEHE HQ / Permanent HQ,1256359,2026-04-08,15662129,kwh,electricity,Consolidated daily report +Utility Consumption & Power saving calculations -Apr 2026.xlsm,Consolidated Utility Readings.,5,Imported from 2026-04 consolidated utility readings
MOEHE HQ / Permanent HQ,1256359,2026-04-09,15668707,kwh,electricity,Consolidated daily report +Utility Consumption & Power saving calculations -Apr 2026.xlsm,Consolidated Utility Readings.,5,Imported from 2026-04 consolidated utility readings
MOEHE HQ / Permanent HQ,1256359,2026-04-10,15675319,kwh,electricity,Consolidated daily report +Utility Consumption & Power saving calculations -Apr 2026.xlsm,Consolidated Utility Readings.,5,Imported from 2026-04 consolidated utility readings
MOEHE HQ / Permanent HQ,1256359,2026-04-11,15680902,kwh,electricity,Consolidated daily report +Utility Consumption & Power saving calculations -Apr 2026.xlsm,Consolidated Utility Readings.,5,Imported from 2026-04 consolidated utility readings
MOEHE HQ / Permanent HQ,1256359,2026-04-12,15686799,kwh,electricity,Consolidated daily report +Utility Consumption & Power saving calculations -Apr 2026.xlsm,Consolidated Utility Readings.,5,Imported from 2026-04 consolidated utility readings
MOEHE HQ / Permanent HQ,1256359,2026-04-13,15693692,kwh,electricity,Consolidated daily report +Utility Consumption & Power saving calculations -Apr 2026.xlsm,Consolidated Utility Readings.,5,Imported from 2026-04 consolidated utility readings
MOEHE HQ / Permanent HQ,1256359,2026-04-14,15700767,kwh,electricity,Consolidated daily report +Utility Consumption & Power saving calculations -Apr 2026.xlsm,Consolidated Utility Readings.,5,Imported from 2026-04 consolidated utility readings
MOEHE HQ / Permanent HQ,1256359,2026-04-15,15707536,kwh,electricity,Consolidated daily report +Utility Consumption & Power saving calculations -Apr 2026.xlsm,Consolidated Utility Readings.,5,Imported from 2026-04 consolidated utility readings
MOEHE HQ / Permanent HQ,1256359,2026-04-16,15714371,kwh,electricity,Consolidated daily report +Utility Consumption & Power saving calculations -Apr 2026.xlsm,Consolidated Utility Readings.,5,Imported from 2026-04 consolidated utility readings
MOEHE HQ / Permanent HQ,1256359,2026-04-17,15720764,kwh,electricity,Consolidated daily report +Utility Consumption & Power saving calculations -Apr 2026.xlsm,Consolidated Utility Readings.,5,Imported from 2026-04 consolidated utility readings
MOEHE HQ / Permanent HQ,1256359,2026-04-18,15726262,kwh,electricity,Consolidated daily report +Utility Consumption & Power saving calculations -Apr 2026.xlsm,Consolidated Utility Readings.,5,Imported from 2026-04 consolidated utility readings
MOEHE HQ / Permanent HQ,1256359,2026-04-19,15732152,kwh,electricity,Consolidated daily report +Utility Consumption & Power saving calculations -Apr 2026.xlsm,Consolidated Utility Readings.,5,Imported from 2026-04 consolidated utility readings
MOEHE HQ / Permanent HQ,1256359,2026-04-20,15739017,kwh,electricity,Consolidated daily report +Utility Consumption & Power saving calculations -Apr 2026.xlsm,Consolidated Utility Readings.,5,Imported from 2026-04 consolidated utility readings
MOEHE HQ / Permanent HQ,1256359,2026-04-21,15745791,kwh,electricity,Consolidated daily report +Utility Consumption & Power saving calculations -Apr 2026.xlsm,Consolidated Utility Readings.,5,Imported from 2026-04 consolidated utility readings
MOEHE HQ / Permanent HQ,1256359,2026-04-22,15752626,kwh,electricity,Consolidated daily report +Utility Consumption & Power saving calculations -Apr 2026.xlsm,Consolidated Utility Readings.,5,Imported from 2026-04 consolidated utility readings
MOEHE HQ / Permanent HQ,1256359,2026-04-23,15759538,kwh,electricity,Consolidated daily report +Utility Consumption & Power saving calculations -Apr 2026.xlsm,Consolidated Utility Readings.,5,Imported from 2026-04 consolidated utility readings
MOEHE HQ / Permanent HQ,1256359,2026-04-24,15765975,kwh,electricity,Consolidated daily report +Utility Consumption & Power saving calculations -Apr 2026.xlsm,Consolidated Utility Readings.,5,Imported from 2026-04 consolidated utility readings
MOEHE HQ / Permanent HQ,1256359,2026-04-25,15771448,kwh,electricity,Consolidated daily report +Utility Consumption & Power saving calculations -Apr 2026.xlsm,Consolidated Utility Readings.,5,Imported from 2026-04 consolidated utility readings
MOEHE HQ / Permanent HQ,1256359,2026-04-26,15777466,kwh,electricity,Consolidated daily report +Utility Consumption & Power saving calculations -Apr 2026.xlsm,Consolidated Utility Readings.,5,Imported from 2026-04 consolidated utility readings
MOEHE HQ / Permanent HQ,1256359,2026-04-27,15784301,kwh,electricity,Consolidated daily report +Utility Consumption & Power saving calculations -Apr 2026.xlsm,Consolidated Utility Readings.,5,Imported from 2026-04 consolidated utility readings
MOEHE HQ / Permanent HQ,1256359,2026-04-28,15791203,kwh,electricity,Consolidated daily report +Utility Consumption & Power saving calculations -Apr 2026.xlsm,Consolidated Utility Readings.,5,Imported from 2026-04 consolidated utility readings
MOEHE HQ / Permanent HQ,1256359,2026-04-29,15798135,kwh,electricity,Consolidated daily report +Utility Consumption & Power saving calculations -Apr 2026.xlsm,Consolidated Utility Readings.,5,Imported from 2026-04 consolidated utility readings
MOEHE HQ / Permanent HQ,1256359,2026-04-30,15804953,kwh,electricity,Consolidated daily report +Utility Consumption & Power saving calculations -Apr 2026.xlsm,Consolidated Utility Readings.,5,Imported from 2026-04 consolidated utility readings
MOEHE HQ / Permanent HQ,1256359,2026-05-01,15811346,kwh,electricity,Consolidated daily report +Utility Consumption & Power saving calculations -May 2026.xlsm,Consolidated Utility Readings.,5,Imported from 2026-05 consolidated utility readings
MOEHE HQ / Permanent HQ,1256359,2026-05-02,15816820,kwh,electricity,Consolidated daily report +Utility Consumption & Power saving calculations -May 2026.xlsm,Consolidated Utility Readings.,5,Imported from 2026-05 consolidated utility readings
MOEHE HQ / Permanent HQ,1256359,2026-05-03,15822645,kwh,electricity,Consolidated daily report +Utility Consumption & Power saving calculations -May 2026.xlsm,Consolidated Utility Readings.,5,Imported from 2026-05 consolidated utility readings
MOEHE HQ / Permanent HQ,1256359,2026-05-04,15829727,kwh,electricity,Consolidated daily report +Utility Consumption & Power saving calculations -May 2026.xlsm,Consolidated Utility Readings.,5,Imported from 2026-05 consolidated utility readings
MOEHE HQ / Permanent HQ,1256359,2026-05-05,15835542,kwh,electricity,Consolidated daily report +Utility Consumption & Power saving calculations -May 2026.xlsm,Consolidated Utility Readings.,5,Imported from 2026-05 consolidated utility readings
MOEHE HQ / Permanent HQ,1256359,2026-05-06,15843746,kwh,electricity,Consolidated daily report +Utility Consumption & Power saving calculations -May 2026.xlsm,Consolidated Utility Readings.,5,Imported from 2026-05 consolidated utility readings
MOEHE HQ / Permanent HQ,1256359,2026-05-07,15851098,kwh,electricity,Consolidated daily report +Utility Consumption & Power saving calculations -May 2026.xlsm,Consolidated Utility Readings.,5,Imported from 2026-05 consolidated utility readings
MOEHE HQ / Permanent HQ,1256359,2026-05-08,15858090,kwh,electricity,Consolidated daily report +Utility Consumption & Power saving calculations -May 2026.xlsm,Consolidated Utility Readings.,5,Imported from 2026-05 consolidated utility readings
MOEHE HQ / Permanent HQ,1256359,2026-05-09,15864304,kwh,electricity,Consolidated daily report +Utility Consumption & Power saving calculations -May 2026.xlsm,Consolidated Utility Readings.,5,Imported from 2026-05 consolidated utility readings
MOEHE HQ / Permanent HQ,1256359,2026-05-10,15870558,kwh,electricity,Consolidated daily report +Utility Consumption & Power saving calculations -May 2026.xlsm,Consolidated Utility Readings.,5,Imported from 2026-05 consolidated utility readings
MOEHE HQ / Permanent HQ,1256359,2026-05-11,15878018,kwh,electricity,Consolidated daily report +Utility Consumption & Power saving calculations -May 2026.xlsm,Consolidated Utility Readings.,5,Imported from 2026-05 consolidated utility readings
MOEHE HQ / Permanent HQ,1256359,2026-05-12,15885460,kwh,electricity,Consolidated daily report +Utility Consumption & Power saving calculations -May 2026.xlsm,Consolidated Utility Readings.,5,Imported from 2026-05 consolidated utility readings
MOEHE HQ / Permanent HQ,1256359,2026-05-13,15892948,kwh,electricity,Consolidated daily report +Utility Consumption & Power saving calculations -May 2026.xlsm,Consolidated Utility Readings.,5,Imported from 2026-05 consolidated utility readings
MOEHE HQ / Permanent HQ,1256359,2026-05-14,15900444,kwh,electricity,Consolidated daily report +Utility Consumption & Power saving calculations -May 2026.xlsm,Consolidated Utility Readings.,5,Imported from 2026-05 consolidated utility readings
MOEHE HQ / Permanent HQ,1256359,2026-05-15,15907268,kwh,electricity,Consolidated daily report +Utility Consumption & Power saving calculations -May 2026.xlsm,Consolidated Utility Readings.,5,Imported from 2026-05 consolidated utility readings
MOEHE HQ / Permanent HQ,1256359,2026-05-16,15913988,kwh,electricity,Consolidated daily report +Utility Consumption & Power saving calculations -May 2026.xlsm,Consolidated Utility Readings.,5,Imported from 2026-05 consolidated utility readings
MOEHE HQ / Permanent HQ,1256359,2026-05-17,15920628,kwh,electricity,Consolidated daily report +Utility Consumption & Power saving calculations -May 2026.xlsm,Consolidated Utility Readings.,5,Imported from 2026-05 consolidated utility readings
MOEHE HQ / Permanent HQ,1256359,2026-05-18,15928048,kwh,electricity,Consolidated daily report +Utility Consumption & Power saving calculations -May 2026.xlsm,Consolidated Utility Readings.,5,Imported from 2026-05 consolidated utility readings
MOEHE HQ / Permanent HQ,1256359,2026-05-19,15935256,kwh,electricity,Consolidated daily report +Utility Consumption & Power saving calculations -May 2026.xlsm,Consolidated Utility Readings.,5,Imported from 2026-05 consolidated utility readings
MOEHE HQ / Permanent HQ,1256359,2026-05-20,15942714,kwh,electricity,Consolidated daily report +Utility Consumption & Power saving calculations -May 2026.xlsm,Consolidated Utility Readings.,5,Imported from 2026-05 consolidated utility readings
MOEHE HQ / Permanent HQ,1256359,2026-05-21,15949749,kwh,electricity,Consolidated daily report +Utility Consumption & Power saving calculations -May 2026.xlsm,Consolidated Utility Readings.,5,Imported from 2026-05 consolidated utility readings
MOEHE HQ / Permanent HQ,1256359,2026-05-22,15956600,kwh,electricity,Consolidated daily report +Utility Consumption & Power saving calculations -May 2026.xlsm,Consolidated Utility Readings.,5,Imported from 2026-05 consolidated utility readings
MOEHE HQ / Permanent HQ,1256359,2026-05-23,15962585,kwh,electricity,Consolidated daily report +Utility Consumption & Power saving calculations -May 2026.xlsm,Consolidated Utility Readings.,5,Imported from 2026-05 consolidated utility readings
MOEHE HQ / Permanent HQ,1256359,2026-05-24,15968930,kwh,electricity,Consolidated daily report +Utility Consumption & Power saving calculations -May 2026.xlsm,Consolidated Utility Readings.,5,Imported from 2026-05 consolidated utility readings
MOEHE HQ / Permanent HQ,1256359,2026-05-25,15975547,kwh,electricity,Consolidated daily report +Utility Consumption & Power saving calculations -May 2026.xlsm,Consolidated Utility Readings.,5,Imported from 2026-05 consolidated utility readings
MOEHE HQ / Permanent HQ,1256359,2026-05-26,15982416,kwh,electricity,Consolidated daily report +Utility Consumption & Power saving calculations -May 2026.xlsm,Consolidated Utility Readings.,5,Imported from 2026-05 consolidated utility readings
MOEHE HQ / Permanent HQ,1256359,2026-05-27,15989281,kwh,electricity,Consolidated daily report +Utility Consumption & Power saving calculations -May 2026.xlsm,Consolidated Utility Readings.,5,Imported from 2026-05 consolidated utility readings
MOEHE HQ / Permanent HQ,1256359,2026-05-28,15995574,kwh,electricity,Consolidated daily report +Utility Consumption & Power saving calculations -May 2026.xlsm,Consolidated Utility Readings.,5,Imported from 2026-05 consolidated utility readings
MOEHE HQ / Permanent HQ,1256359,2026-05-29,16001797,kwh,electricity,Consolidated daily report +Utility Consumption & Power saving calculations -May 2026.xlsm,Consolidated Utility Readings.,5,Imported from 2026-05 consolidated utility readings
MOEHE HQ / Permanent HQ,1256359,2026-05-30,16007307,kwh,electricity,Consolidated daily report +Utility Consumption & Power saving calculations -May 2026.xlsm,Consolidated Utility Readings.,5,Imported from 2026-05 consolidated utility readings
MOEHE HQ / Permanent HQ,1256359,2026-05-31,16012541,kwh,electricity,Consolidated daily report +Utility Consumption & Power saving calculations -May 2026.xlsm,Consolidated Utility Readings.,5,Imported from 2026-05 consolidated utility readings
MOEHE HQ / Permanent HQ,1256360,2026-03-01,7084132,kwh,electricity,Consolidated daily report +Utility Consumption & Power saving calculations -Mar 2026.xlsm,Consolidated Utility Readings.,6,Imported from 2026-03 consolidated utility readings
MOEHE HQ / Permanent HQ,1256360,2026-03-02,7087232,kwh,electricity,Consolidated daily report +Utility Consumption & Power saving calculations -Mar 2026.xlsm,Consolidated Utility Readings.,6,Imported from 2026-03 consolidated utility readings
MOEHE HQ / Permanent HQ,1256360,2026-03-03,7090342,kwh,electricity,Consolidated daily report +Utility Consumption & Power saving calculations -Mar 2026.xlsm,Consolidated Utility Readings.,6,Imported from 2026-03 consolidated utility readings
MOEHE HQ / Permanent HQ,1256360,2026-03-04,7093458,kwh,electricity,Consolidated daily report +Utility Consumption & Power saving calculations -Mar 2026.xlsm,Consolidated Utility Readings.,6,Imported from 2026-03 consolidated utility readings
MOEHE HQ / Permanent HQ,1256360,2026-03-05,7096325,kwh,electricity,Consolidated daily report +Utility Consumption & Power saving calculations -Mar 2026.xlsm,Consolidated Utility Readings.,6,Imported from 2026-03 consolidated utility readings
MOEHE HQ / Permanent HQ,1256360,2026-03-06,7098979,kwh,electricity,Consolidated daily report +Utility Consumption & Power saving calculations -Mar 2026.xlsm,Consolidated Utility Readings.,6,Imported from 2026-03 consolidated utility readings
MOEHE HQ / Permanent HQ,1256360,2026-03-07,7101633,kwh,electricity,Consolidated daily report +Utility Consumption & Power saving calculations -Mar 2026.xlsm,Consolidated Utility Readings.,6,Imported from 2026-03 consolidated utility readings
MOEHE HQ / Permanent HQ,1256360,2026-03-08,7104085,kwh,electricity,Consolidated daily report +Utility Consumption & Power saving calculations -Mar 2026.xlsm,Consolidated Utility Readings.,6,Imported from 2026-03 consolidated utility readings
MOEHE HQ / Permanent HQ,1256360,2026-03-09,7107310,kwh,electricity,Consolidated daily report +Utility Consumption & Power saving calculations -Mar 2026.xlsm,Consolidated Utility Readings.,6,Imported from 2026-03 consolidated utility readings
MOEHE HQ / Permanent HQ,1256360,2026-03-10,7110276,kwh,electricity,Consolidated daily report +Utility Consumption & Power saving calculations -Mar 2026.xlsm,Consolidated Utility Readings.,6,Imported from 2026-03 consolidated utility readings
MOEHE HQ / Permanent HQ,1256360,2026-03-11,7113159,kwh,electricity,Consolidated daily report +Utility Consumption & Power saving calculations -Mar 2026.xlsm,Consolidated Utility Readings.,6,Imported from 2026-03 consolidated utility readings
MOEHE HQ / Permanent HQ,1256360,2026-03-12,7116092,kwh,electricity,Consolidated daily report +Utility Consumption & Power saving calculations -Mar 2026.xlsm,Consolidated Utility Readings.,6,Imported from 2026-03 consolidated utility readings
MOEHE HQ / Permanent HQ,1256360,2026-03-13,7118742,kwh,electricity,Consolidated daily report +Utility Consumption & Power saving calculations -Mar 2026.xlsm,Consolidated Utility Readings.,6,Imported from 2026-03 consolidated utility readings
MOEHE HQ / Permanent HQ,1256360,2026-03-14,7121207,kwh,electricity,Consolidated daily report +Utility Consumption & Power saving calculations -Mar 2026.xlsm,Consolidated Utility Readings.,6,Imported from 2026-03 consolidated utility readings
MOEHE HQ / Permanent HQ,1256360,2026-03-15,7123814,kwh,electricity,Consolidated daily report +Utility Consumption & Power saving calculations -Mar 2026.xlsm,Consolidated Utility Readings.,6,Imported from 2026-03 consolidated utility readings
MOEHE HQ / Permanent HQ,1256360,2026-03-16,7126632,kwh,electricity,Consolidated daily report +Utility Consumption & Power saving calculations -Mar 2026.xlsm,Consolidated Utility Readings.,6,Imported from 2026-03 consolidated utility readings
MOEHE HQ / Permanent HQ,1256360,2026-03-17,7129481,kwh,electricity,Consolidated daily report +Utility Consumption & Power saving calculations -Mar 2026.xlsm,Consolidated Utility Readings.,6,Imported from 2026-03 consolidated utility readings
MOEHE HQ / Permanent HQ,1256360,2026-03-18,7132120,kwh,electricity,Consolidated daily report +Utility Consumption & Power saving calculations -Mar 2026.xlsm,Consolidated Utility Readings.,6,Imported from 2026-03 consolidated utility readings
MOEHE HQ / Permanent HQ,1256360,2026-03-19,7134622,kwh,electricity,Consolidated daily report +Utility Consumption & Power saving calculations -Mar 2026.xlsm,Consolidated Utility Readings.,6,Imported from 2026-03 consolidated utility readings
MOEHE HQ / Permanent HQ,1256360,2026-03-20,7137044,kwh,electricity,Consolidated daily report +Utility Consumption & Power saving calculations -Mar 2026.xlsm,Consolidated Utility Readings.,6,Imported from 2026-03 consolidated utility readings
MOEHE HQ / Permanent HQ,1256360,2026-03-21,7139496,kwh,electricity,Consolidated daily report +Utility Consumption & Power saving calculations -Mar 2026.xlsm,Consolidated Utility Readings.,6,Imported from 2026-03 consolidated utility readings
MOEHE HQ / Permanent HQ,1256360,2026-03-22,7141928,kwh,electricity,Consolidated daily report +Utility Consumption & Power saving calculations -Mar 2026.xlsm,Consolidated Utility Readings.,6,Imported from 2026-03 consolidated utility readings
MOEHE HQ / Permanent HQ,1256360,2026-03-23,7144359,kwh,electricity,Consolidated daily report +Utility Consumption & Power saving calculations -Mar 2026.xlsm,Consolidated Utility Readings.,6,Imported from 2026-03 consolidated utility readings
MOEHE HQ / Permanent HQ,1256360,2026-03-24,7146761,kwh,electricity,Consolidated daily report +Utility Consumption & Power saving calculations -Mar 2026.xlsm,Consolidated Utility Readings.,6,Imported from 2026-03 consolidated utility readings
MOEHE HQ / Permanent HQ,1256360,2026-03-25,7149213,kwh,electricity,Consolidated daily report +Utility Consumption & Power saving calculations -Mar 2026.xlsm,Consolidated Utility Readings.,6,Imported from 2026-03 consolidated utility readings
MOEHE HQ / Permanent HQ,1256360,2026-03-26,7152217,kwh,electricity,Consolidated daily report +Utility Consumption & Power saving calculations -Mar 2026.xlsm,Consolidated Utility Readings.,6,Imported from 2026-03 consolidated utility readings
MOEHE HQ / Permanent HQ,1256360,2026-03-27,7155067,kwh,electricity,Consolidated daily report +Utility Consumption & Power saving calculations -Mar 2026.xlsm,Consolidated Utility Readings.,6,Imported from 2026-03 consolidated utility readings
MOEHE HQ / Permanent HQ,1256360,2026-03-28,7157487,kwh,electricity,Consolidated daily report +Utility Consumption & Power saving calculations -Mar 2026.xlsm,Consolidated Utility Readings.,6,Imported from 2026-03 consolidated utility readings
MOEHE HQ / Permanent HQ,1256360,2026-03-29,7160180,kwh,electricity,Consolidated daily report +Utility Consumption & Power saving calculations -Mar 2026.xlsm,Consolidated Utility Readings.,6,Imported from 2026-03 consolidated utility readings
MOEHE HQ / Permanent HQ,1256360,2026-03-30,7163182,kwh,electricity,Consolidated daily report +Utility Consumption & Power saving calculations -Mar 2026.xlsm,Consolidated Utility Readings.,6,Imported from 2026-03 consolidated utility readings
MOEHE HQ / Permanent HQ,1256360,2026-03-31,7166150,kwh,electricity,Consolidated daily report +Utility Consumption & Power saving calculations -Mar 2026.xlsm,Consolidated Utility Readings.,6,Imported from 2026-03 consolidated utility readings
MOEHE HQ / Permanent HQ,1256360,2026-04-01,7169180,kwh,electricity,Consolidated daily report +Utility Consumption & Power saving calculations -Apr 2026.xlsm,Consolidated Utility Readings.,6,Imported from 2026-04 consolidated utility readings
MOEHE HQ / Permanent HQ,1256360,2026-04-02,7172204,kwh,electricity,Consolidated daily report +Utility Consumption & Power saving calculations -Apr 2026.xlsm,Consolidated Utility Readings.,6,Imported from 2026-04 consolidated utility readings
MOEHE HQ / Permanent HQ,1256360,2026-04-03,7175080,kwh,electricity,Consolidated daily report +Utility Consumption & Power saving calculations -Apr 2026.xlsm,Consolidated Utility Readings.,6,Imported from 2026-04 consolidated utility readings
MOEHE HQ / Permanent HQ,1256360,2026-04-04,7177517,kwh,electricity,Consolidated daily report +Utility Consumption & Power saving calculations -Apr 2026.xlsm,Consolidated Utility Readings.,6,Imported from 2026-04 consolidated utility readings
MOEHE HQ / Permanent HQ,1256360,2026-04-05,7180123,kwh,electricity,Consolidated daily report +Utility Consumption & Power saving calculations -Apr 2026.xlsm,Consolidated Utility Readings.,6,Imported from 2026-04 consolidated utility readings
MOEHE HQ / Permanent HQ,1256360,2026-04-06,7183105,kwh,electricity,Consolidated daily report +Utility Consumption & Power saving calculations -Apr 2026.xlsm,Consolidated Utility Readings.,6,Imported from 2026-04 consolidated utility readings
MOEHE HQ / Permanent HQ,1256360,2026-04-07,7186104,kwh,electricity,Consolidated daily report +Utility Consumption & Power saving calculations -Apr 2026.xlsm,Consolidated Utility Readings.,6,Imported from 2026-04 consolidated utility readings
MOEHE HQ / Permanent HQ,1256360,2026-04-08,7189177,kwh,electricity,Consolidated daily report +Utility Consumption & Power saving calculations -Apr 2026.xlsm,Consolidated Utility Readings.,6,Imported from 2026-04 consolidated utility readings
MOEHE HQ / Permanent HQ,1256360,2026-04-09,7192179,kwh,electricity,Consolidated daily report +Utility Consumption & Power saving calculations -Apr 2026.xlsm,Consolidated Utility Readings.,6,Imported from 2026-04 consolidated utility readings
MOEHE HQ / Permanent HQ,1256360,2026-04-10,7195043,kwh,electricity,Consolidated daily report +Utility Consumption & Power saving calculations -Apr 2026.xlsm,Consolidated Utility Readings.,6,Imported from 2026-04 consolidated utility readings
MOEHE HQ / Permanent HQ,1256360,2026-04-11,7197461,kwh,electricity,Consolidated daily report +Utility Consumption & Power saving calculations -Apr 2026.xlsm,Consolidated Utility Readings.,6,Imported from 2026-04 consolidated utility readings
MOEHE HQ / Permanent HQ,1256360,2026-04-12,7200083,kwh,electricity,Consolidated daily report +Utility Consumption & Power saving calculations -Apr 2026.xlsm,Consolidated Utility Readings.,6,Imported from 2026-04 consolidated utility readings
MOEHE HQ / Permanent HQ,1256360,2026-04-13,7203058,kwh,electricity,Consolidated daily report +Utility Consumption & Power saving calculations -Apr 2026.xlsm,Consolidated Utility Readings.,6,Imported from 2026-04 consolidated utility readings
MOEHE HQ / Permanent HQ,1256360,2026-04-14,7206073,kwh,electricity,Consolidated daily report +Utility Consumption & Power saving calculations -Apr 2026.xlsm,Consolidated Utility Readings.,6,Imported from 2026-04 consolidated utility readings
MOEHE HQ / Permanent HQ,1256360,2026-04-15,7209006,kwh,electricity,Consolidated daily report +Utility Consumption & Power saving calculations -Apr 2026.xlsm,Consolidated Utility Readings.,6,Imported from 2026-04 consolidated utility readings
MOEHE HQ / Permanent HQ,1256360,2026-04-16,7212045,kwh,electricity,Consolidated daily report +Utility Consumption & Power saving calculations -Apr 2026.xlsm,Consolidated Utility Readings.,6,Imported from 2026-04 consolidated utility readings
MOEHE HQ / Permanent HQ,1256360,2026-04-17,7214878,kwh,electricity,Consolidated daily report +Utility Consumption & Power saving calculations -Apr 2026.xlsm,Consolidated Utility Readings.,6,Imported from 2026-04 consolidated utility readings
MOEHE HQ / Permanent HQ,1256360,2026-04-18,7217341,kwh,electricity,Consolidated daily report +Utility Consumption & Power saving calculations -Apr 2026.xlsm,Consolidated Utility Readings.,6,Imported from 2026-04 consolidated utility readings
MOEHE HQ / Permanent HQ,1256360,2026-04-19,7219947,kwh,electricity,Consolidated daily report +Utility Consumption & Power saving calculations -Apr 2026.xlsm,Consolidated Utility Readings.,6,Imported from 2026-04 consolidated utility readings
MOEHE HQ / Permanent HQ,1256360,2026-04-20,7223184,kwh,electricity,Consolidated daily report +Utility Consumption & Power saving calculations -Apr 2026.xlsm,Consolidated Utility Readings.,6,Imported from 2026-04 consolidated utility readings
MOEHE HQ / Permanent HQ,1256360,2026-04-21,7226290,kwh,electricity,Consolidated daily report +Utility Consumption & Power saving calculations -Apr 2026.xlsm,Consolidated Utility Readings.,6,Imported from 2026-04 consolidated utility readings
MOEHE HQ / Permanent HQ,1256360,2026-04-22,7229569,kwh,electricity,Consolidated daily report +Utility Consumption & Power saving calculations -Apr 2026.xlsm,Consolidated Utility Readings.,6,Imported from 2026-04 consolidated utility readings
MOEHE HQ / Permanent HQ,1256360,2026-04-23,7232734,kwh,electricity,Consolidated daily report +Utility Consumption & Power saving calculations -Apr 2026.xlsm,Consolidated Utility Readings.,6,Imported from 2026-04 consolidated utility readings
MOEHE HQ / Permanent HQ,1256360,2026-04-24,7235691,kwh,electricity,Consolidated daily report +Utility Consumption & Power saving calculations -Apr 2026.xlsm,Consolidated Utility Readings.,6,Imported from 2026-04 consolidated utility readings
MOEHE HQ / Permanent HQ,1256360,2026-04-25,7238244,kwh,electricity,Consolidated daily report +Utility Consumption & Power saving calculations -Apr 2026.xlsm,Consolidated Utility Readings.,6,Imported from 2026-04 consolidated utility readings
MOEHE HQ / Permanent HQ,1256360,2026-04-26,7240764,kwh,electricity,Consolidated daily report +Utility Consumption & Power saving calculations -Apr 2026.xlsm,Consolidated Utility Readings.,6,Imported from 2026-04 consolidated utility readings
MOEHE HQ / Permanent HQ,1256360,2026-04-27,7243833,kwh,electricity,Consolidated daily report +Utility Consumption & Power saving calculations -Apr 2026.xlsm,Consolidated Utility Readings.,6,Imported from 2026-04 consolidated utility readings
MOEHE HQ / Permanent HQ,1256360,2026-04-28,7249044,kwh,electricity,Consolidated daily report +Utility Consumption & Power saving calculations -Apr 2026.xlsm,Consolidated Utility Readings.,6,Imported from 2026-04 consolidated utility readings
MOEHE HQ / Permanent HQ,1256360,2026-04-29,7255224,kwh,electricity,Consolidated daily report +Utility Consumption & Power saving calculations -Apr 2026.xlsm,Consolidated Utility Readings.,6,Imported from 2026-04 consolidated utility readings
MOEHE HQ / Permanent HQ,1256360,2026-04-30,7261323,kwh,electricity,Consolidated daily report +Utility Consumption & Power saving calculations -Apr 2026.xlsm,Consolidated Utility Readings.,6,Imported from 2026-04 consolidated utility readings
MOEHE HQ / Permanent HQ,1256360,2026-05-01,7267198,kwh,electricity,Consolidated daily report +Utility Consumption & Power saving calculations -May 2026.xlsm,Consolidated Utility Readings.,6,Imported from 2026-05 consolidated utility readings
MOEHE HQ / Permanent HQ,1256360,2026-05-02,7272776,kwh,electricity,Consolidated daily report +Utility Consumption & Power saving calculations -May 2026.xlsm,Consolidated Utility Readings.,6,Imported from 2026-05 consolidated utility readings
MOEHE HQ / Permanent HQ,1256360,2026-05-03,7278521,kwh,electricity,Consolidated daily report +Utility Consumption & Power saving calculations -May 2026.xlsm,Consolidated Utility Readings.,6,Imported from 2026-05 consolidated utility readings
MOEHE HQ / Permanent HQ,1256360,2026-05-04,7284878,kwh,electricity,Consolidated daily report +Utility Consumption & Power saving calculations -May 2026.xlsm,Consolidated Utility Readings.,6,Imported from 2026-05 consolidated utility readings
MOEHE HQ / Permanent HQ,1256360,2026-05-05,7290618,kwh,electricity,Consolidated daily report +Utility Consumption & Power saving calculations -May 2026.xlsm,Consolidated Utility Readings.,6,Imported from 2026-05 consolidated utility readings
MOEHE HQ / Permanent HQ,1256360,2026-05-06,7297284,kwh,electricity,Consolidated daily report +Utility Consumption & Power saving calculations -May 2026.xlsm,Consolidated Utility Readings.,6,Imported from 2026-05 consolidated utility readings
MOEHE HQ / Permanent HQ,1256360,2026-05-07,7303580,kwh,electricity,Consolidated daily report +Utility Consumption & Power saving calculations -May 2026.xlsm,Consolidated Utility Readings.,6,Imported from 2026-05 consolidated utility readings
MOEHE HQ / Permanent HQ,1256360,2026-05-08,7309380,kwh,electricity,Consolidated daily report +Utility Consumption & Power saving calculations -May 2026.xlsm,Consolidated Utility Readings.,6,Imported from 2026-05 consolidated utility readings
MOEHE HQ / Permanent HQ,1256360,2026-05-09,7314919,kwh,electricity,Consolidated daily report +Utility Consumption & Power saving calculations -May 2026.xlsm,Consolidated Utility Readings.,6,Imported from 2026-05 consolidated utility readings
MOEHE HQ / Permanent HQ,1256360,2026-05-10,7320547,kwh,electricity,Consolidated daily report +Utility Consumption & Power saving calculations -May 2026.xlsm,Consolidated Utility Readings.,6,Imported from 2026-05 consolidated utility readings
MOEHE HQ / Permanent HQ,1256360,2026-05-11,7326725,kwh,electricity,Consolidated daily report +Utility Consumption & Power saving calculations -May 2026.xlsm,Consolidated Utility Readings.,6,Imported from 2026-05 consolidated utility readings
MOEHE HQ / Permanent HQ,1256360,2026-05-12,7333186,kwh,electricity,Consolidated daily report +Utility Consumption & Power saving calculations -May 2026.xlsm,Consolidated Utility Readings.,6,Imported from 2026-05 consolidated utility readings
MOEHE HQ / Permanent HQ,1256360,2026-05-13,7339444,kwh,electricity,Consolidated daily report +Utility Consumption & Power saving calculations -May 2026.xlsm,Consolidated Utility Readings.,6,Imported from 2026-05 consolidated utility readings
MOEHE HQ / Permanent HQ,1256360,2026-05-14,7345609,kwh,electricity,Consolidated daily report +Utility Consumption & Power saving calculations -May 2026.xlsm,Consolidated Utility Readings.,6,Imported from 2026-05 consolidated utility readings
MOEHE HQ / Permanent HQ,1256360,2026-05-15,7351275,kwh,electricity,Consolidated daily report +Utility Consumption & Power saving calculations -May 2026.xlsm,Consolidated Utility Readings.,6,Imported from 2026-05 consolidated utility readings
MOEHE HQ / Permanent HQ,1256360,2026-05-16,7357301,kwh,electricity,Consolidated daily report +Utility Consumption & Power saving calculations -May 2026.xlsm,Consolidated Utility Readings.,6,Imported from 2026-05 consolidated utility readings
MOEHE HQ / Permanent HQ,1256360,2026-05-17,7363247,kwh,electricity,Consolidated daily report +Utility Consumption & Power saving calculations -May 2026.xlsm,Consolidated Utility Readings.,6,Imported from 2026-05 consolidated utility readings
MOEHE HQ / Permanent HQ,1256360,2026-05-18,7369906,kwh,electricity,Consolidated daily report +Utility Consumption & Power saving calculations -May 2026.xlsm,Consolidated Utility Readings.,6,Imported from 2026-05 consolidated utility readings
MOEHE HQ / Permanent HQ,1256360,2026-05-19,7376296,kwh,electricity,Consolidated daily report +Utility Consumption & Power saving calculations -May 2026.xlsm,Consolidated Utility Readings.,6,Imported from 2026-05 consolidated utility readings
MOEHE HQ / Permanent HQ,1256360,2026-05-20,7382879,kwh,electricity,Consolidated daily report +Utility Consumption & Power saving calculations -May 2026.xlsm,Consolidated Utility Readings.,6,Imported from 2026-05 consolidated utility readings
MOEHE HQ / Permanent HQ,1256360,2026-05-21,7389137,kwh,electricity,Consolidated daily report +Utility Consumption & Power saving calculations -May 2026.xlsm,Consolidated Utility Readings.,6,Imported from 2026-05 consolidated utility readings
MOEHE HQ / Permanent HQ,1256360,2026-05-22,7395300,kwh,electricity,Consolidated daily report +Utility Consumption & Power saving calculations -May 2026.xlsm,Consolidated Utility Readings.,6,Imported from 2026-05 consolidated utility readings
MOEHE HQ / Permanent HQ,1256360,2026-05-23,7401015,kwh,electricity,Consolidated daily report +Utility Consumption & Power saving calculations -May 2026.xlsm,Consolidated Utility Readings.,6,Imported from 2026-05 consolidated utility readings
MOEHE HQ / Permanent HQ,1256360,2026-05-24,7407125,kwh,electricity,Consolidated daily report +Utility Consumption & Power saving calculations -May 2026.xlsm,Consolidated Utility Readings.,6,Imported from 2026-05 consolidated utility readings
MOEHE HQ / Permanent HQ,1256360,2026-05-25,7413128,kwh,electricity,Consolidated daily report +Utility Consumption & Power saving calculations -May 2026.xlsm,Consolidated Utility Readings.,6,Imported from 2026-05 consolidated utility readings
MOEHE HQ / Permanent HQ,1256360,2026-05-26,7419403,kwh,electricity,Consolidated daily report +Utility Consumption & Power saving calculations -May 2026.xlsm,Consolidated Utility Readings.,6,Imported from 2026-05 consolidated utility readings
MOEHE HQ / Permanent HQ,1256360,2026-05-27,7425681,kwh,electricity,Consolidated daily report +Utility Consumption & Power saving calculations -May 2026.xlsm,Consolidated Utility Readings.,6,Imported from 2026-05 consolidated utility readings
MOEHE HQ / Permanent HQ,1256360,2026-05-28,7431638,kwh,electricity,Consolidated daily report +Utility Consumption & Power saving calculations -May 2026.xlsm,Consolidated Utility Readings.,6,Imported from 2026-05 consolidated utility readings
MOEHE HQ / Permanent HQ,1256360,2026-05-29,7437613,kwh,electricity,Consolidated daily report +Utility Consumption & Power saving calculations -May 2026.xlsm,Consolidated Utility Readings.,6,Imported from 2026-05 consolidated utility readings
MOEHE HQ / Permanent HQ,1256360,2026-05-30,7443497,kwh,electricity,Consolidated daily report +Utility Consumption & Power saving calculations -May 2026.xlsm,Consolidated Utility Readings.,6,Imported from 2026-05 consolidated utility readings
MOEHE HQ / Permanent HQ,1256360,2026-05-31,7448989,kwh,electricity,Consolidated daily report +Utility Consumption & Power saving calculations -May 2026.xlsm,Consolidated Utility Readings.,6,Imported from 2026-05 consolidated utility readings
MOEHE HQ / Permanent HQ,1256361,2026-03-01,2266703,kwh,electricity,Consolidated daily report +Utility Consumption & Power saving calculations -Mar 2026.xlsm,Consolidated Utility Readings.,7,Imported from 2026-03 consolidated utility readings
MOEHE HQ / Permanent HQ,1256361,2026-03-02,2266783,kwh,electricity,Consolidated daily report +Utility Consumption & Power saving calculations -Mar 2026.xlsm,Consolidated Utility Readings.,7,Imported from 2026-03 consolidated utility readings
MOEHE HQ / Permanent HQ,1256361,2026-03-03,2266873,kwh,electricity,Consolidated daily report +Utility Consumption & Power saving calculations -Mar 2026.xlsm,Consolidated Utility Readings.,7,Imported from 2026-03 consolidated utility readings
MOEHE HQ / Permanent HQ,1256361,2026-03-04,2266955,kwh,electricity,Consolidated daily report +Utility Consumption & Power saving calculations -Mar 2026.xlsm,Consolidated Utility Readings.,7,Imported from 2026-03 consolidated utility readings
MOEHE HQ / Permanent HQ,1256361,2026-03-05,2267036,kwh,electricity,Consolidated daily report +Utility Consumption & Power saving calculations -Mar 2026.xlsm,Consolidated Utility Readings.,7,Imported from 2026-03 consolidated utility readings
MOEHE HQ / Permanent HQ,1256361,2026-03-06,2267234,kwh,electricity,Consolidated daily report +Utility Consumption & Power saving calculations -Mar 2026.xlsm,Consolidated Utility Readings.,7,Imported from 2026-03 consolidated utility readings
MOEHE HQ / Permanent HQ,1256361,2026-03-07,2267433,kwh,electricity,Consolidated daily report +Utility Consumption & Power saving calculations -Mar 2026.xlsm,Consolidated Utility Readings.,7,Imported from 2026-03 consolidated utility readings
MOEHE HQ / Permanent HQ,1256361,2026-03-08,2273589,kwh,electricity,Consolidated daily report +Utility Consumption & Power saving calculations -Mar 2026.xlsm,Consolidated Utility Readings.,7,Imported from 2026-03 consolidated utility readings
MOEHE HQ / Permanent HQ,1256361,2026-03-09,2281084,kwh,electricity,Consolidated daily report +Utility Consumption & Power saving calculations -Mar 2026.xlsm,Consolidated Utility Readings.,7,Imported from 2026-03 consolidated utility readings
MOEHE HQ / Permanent HQ,1256361,2026-03-10,2289428,kwh,electricity,Consolidated daily report +Utility Consumption & Power saving calculations -Mar 2026.xlsm,Consolidated Utility Readings.,7,Imported from 2026-03 consolidated utility readings
MOEHE HQ / Permanent HQ,1256361,2026-03-11,2297255,kwh,electricity,Consolidated daily report +Utility Consumption & Power saving calculations -Mar 2026.xlsm,Consolidated Utility Readings.,7,Imported from 2026-03 consolidated utility readings
MOEHE HQ / Permanent HQ,1256361,2026-03-12,2304920,kwh,electricity,Consolidated daily report +Utility Consumption & Power saving calculations -Mar 2026.xlsm,Consolidated Utility Readings.,7,Imported from 2026-03 consolidated utility readings
MOEHE HQ / Permanent HQ,1256361,2026-03-13,2310115,kwh,electricity,Consolidated daily report +Utility Consumption & Power saving calculations -Mar 2026.xlsm,Consolidated Utility Readings.,7,Imported from 2026-03 consolidated utility readings
MOEHE HQ / Permanent HQ,1256361,2026-03-14,2319425,kwh,electricity,Consolidated daily report +Utility Consumption & Power saving calculations -Mar 2026.xlsm,Consolidated Utility Readings.,7,Imported from 2026-03 consolidated utility readings
MOEHE HQ / Permanent HQ,1256361,2026-03-15,2326276,kwh,electricity,Consolidated daily report +Utility Consumption & Power saving calculations -Mar 2026.xlsm,Consolidated Utility Readings.,7,Imported from 2026-03 consolidated utility readings
MOEHE HQ / Permanent HQ,1256361,2026-03-16,2333651,kwh,electricity,Consolidated daily report +Utility Consumption & Power saving calculations -Mar 2026.xlsm,Consolidated Utility Readings.,7,Imported from 2026-03 consolidated utility readings
MOEHE HQ / Permanent HQ,1256361,2026-03-17,2340537,kwh,electricity,Consolidated daily report +Utility Consumption & Power saving calculations -Mar 2026.xlsm,Consolidated Utility Readings.,7,Imported from 2026-03 consolidated utility readings
MOEHE HQ / Permanent HQ,1256361,2026-03-18,2348026,kwh,electricity,Consolidated daily report +Utility Consumption & Power saving calculations -Mar 2026.xlsm,Consolidated Utility Readings.,7,Imported from 2026-03 consolidated utility readings
MOEHE HQ / Permanent HQ,1256361,2026-03-19,2355338,kwh,electricity,Consolidated daily report +Utility Consumption & Power saving calculations -Mar 2026.xlsm,Consolidated Utility Readings.,7,Imported from 2026-03 consolidated utility readings
MOEHE HQ / Permanent HQ,1256361,2026-03-20,2357801,kwh,electricity,Consolidated daily report +Utility Consumption & Power saving calculations -Mar 2026.xlsm,Consolidated Utility Readings.,7,Imported from 2026-03 consolidated utility readings
MOEHE HQ / Permanent HQ,1256361,2026-03-21,2360274,kwh,electricity,Consolidated daily report +Utility Consumption & Power saving calculations -Mar 2026.xlsm,Consolidated Utility Readings.,7,Imported from 2026-03 consolidated utility readings
MOEHE HQ / Permanent HQ,1256361,2026-03-22,2362737,kwh,electricity,Consolidated daily report +Utility Consumption & Power saving calculations -Mar 2026.xlsm,Consolidated Utility Readings.,7,Imported from 2026-03 consolidated utility readings
MOEHE HQ / Permanent HQ,1256361,2026-03-23,2365199,kwh,electricity,Consolidated daily report +Utility Consumption & Power saving calculations -Mar 2026.xlsm,Consolidated Utility Readings.,7,Imported from 2026-03 consolidated utility readings
MOEHE HQ / Permanent HQ,1256361,2026-03-24,2367642,kwh,electricity,Consolidated daily report +Utility Consumption & Power saving calculations -Mar 2026.xlsm,Consolidated Utility Readings.,7,Imported from 2026-03 consolidated utility readings
MOEHE HQ / Permanent HQ,1256361,2026-03-25,2370115,kwh,electricity,Consolidated daily report +Utility Consumption & Power saving calculations -Mar 2026.xlsm,Consolidated Utility Readings.,7,Imported from 2026-03 consolidated utility readings
MOEHE HQ / Permanent HQ,1256361,2026-03-26,2370196,kwh,electricity,Consolidated daily report +Utility Consumption & Power saving calculations -Mar 2026.xlsm,Consolidated Utility Readings.,7,Imported from 2026-03 consolidated utility readings
MOEHE HQ / Permanent HQ,1256361,2026-03-27,2370274,kwh,electricity,Consolidated daily report +Utility Consumption & Power saving calculations -Mar 2026.xlsm,Consolidated Utility Readings.,7,Imported from 2026-03 consolidated utility readings
MOEHE HQ / Permanent HQ,1256361,2026-03-28,2370358,kwh,electricity,Consolidated daily report +Utility Consumption & Power saving calculations -Mar 2026.xlsm,Consolidated Utility Readings.,7,Imported from 2026-03 consolidated utility readings
MOEHE HQ / Permanent HQ,1256361,2026-03-29,2370441,kwh,electricity,Consolidated daily report +Utility Consumption & Power saving calculations -Mar 2026.xlsm,Consolidated Utility Readings.,7,Imported from 2026-03 consolidated utility readings
MOEHE HQ / Permanent HQ,1256361,2026-03-30,2370520,kwh,electricity,Consolidated daily report +Utility Consumption & Power saving calculations -Mar 2026.xlsm,Consolidated Utility Readings.,7,Imported from 2026-03 consolidated utility readings
MOEHE HQ / Permanent HQ,1256361,2026-03-31,2370601,kwh,electricity,Consolidated daily report +Utility Consumption & Power saving calculations -Mar 2026.xlsm,Consolidated Utility Readings.,7,Imported from 2026-03 consolidated utility readings
MOEHE HQ / Permanent HQ,1256361,2026-04-01,2370682,kwh,electricity,Consolidated daily report +Utility Consumption & Power saving calculations -Apr 2026.xlsm,Consolidated Utility Readings.,7,Imported from 2026-04 consolidated utility readings
MOEHE HQ / Permanent HQ,1256361,2026-04-02,2370762,kwh,electricity,Consolidated daily report +Utility Consumption & Power saving calculations -Apr 2026.xlsm,Consolidated Utility Readings.,7,Imported from 2026-04 consolidated utility readings
MOEHE HQ / Permanent HQ,1256361,2026-04-03,2370841,kwh,electricity,Consolidated daily report +Utility Consumption & Power saving calculations -Apr 2026.xlsm,Consolidated Utility Readings.,7,Imported from 2026-04 consolidated utility readings
MOEHE HQ / Permanent HQ,1256361,2026-04-04,2370925,kwh,electricity,Consolidated daily report +Utility Consumption & Power saving calculations -Apr 2026.xlsm,Consolidated Utility Readings.,7,Imported from 2026-04 consolidated utility readings
MOEHE HQ / Permanent HQ,1256361,2026-04-05,2377755,kwh,electricity,Consolidated daily report +Utility Consumption & Power saving calculations -Apr 2026.xlsm,Consolidated Utility Readings.,7,Imported from 2026-04 consolidated utility readings
MOEHE HQ / Permanent HQ,1256361,2026-04-06,2385795,kwh,electricity,Consolidated daily report +Utility Consumption & Power saving calculations -Apr 2026.xlsm,Consolidated Utility Readings.,7,Imported from 2026-04 consolidated utility readings
MOEHE HQ / Permanent HQ,1256361,2026-04-07,2393404,kwh,electricity,Consolidated daily report +Utility Consumption & Power saving calculations -Apr 2026.xlsm,Consolidated Utility Readings.,7,Imported from 2026-04 consolidated utility readings
MOEHE HQ / Permanent HQ,1256361,2026-04-08,2401035,kwh,electricity,Consolidated daily report +Utility Consumption & Power saving calculations -Apr 2026.xlsm,Consolidated Utility Readings.,7,Imported from 2026-04 consolidated utility readings
MOEHE HQ / Permanent HQ,1256361,2026-04-09,2408734,kwh,electricity,Consolidated daily report +Utility Consumption & Power saving calculations -Apr 2026.xlsm,Consolidated Utility Readings.,7,Imported from 2026-04 consolidated utility readings
MOEHE HQ / Permanent HQ,1256361,2026-04-10,2416667,kwh,electricity,Consolidated daily report +Utility Consumption & Power saving calculations -Apr 2026.xlsm,Consolidated Utility Readings.,7,Imported from 2026-04 consolidated utility readings
MOEHE HQ / Permanent HQ,1256361,2026-04-11,2424525,kwh,electricity,Consolidated daily report +Utility Consumption & Power saving calculations -Apr 2026.xlsm,Consolidated Utility Readings.,7,Imported from 2026-04 consolidated utility readings
MOEHE HQ / Permanent HQ,1256361,2026-04-12,2432227,kwh,electricity,Consolidated daily report +Utility Consumption & Power saving calculations -Apr 2026.xlsm,Consolidated Utility Readings.,7,Imported from 2026-04 consolidated utility readings
MOEHE HQ / Permanent HQ,1256361,2026-04-13,2440523,kwh,electricity,Consolidated daily report +Utility Consumption & Power saving calculations -Apr 2026.xlsm,Consolidated Utility Readings.,7,Imported from 2026-04 consolidated utility readings
MOEHE HQ / Permanent HQ,1256361,2026-04-14,2448871,kwh,electricity,Consolidated daily report +Utility Consumption & Power saving calculations -Apr 2026.xlsm,Consolidated Utility Readings.,7,Imported from 2026-04 consolidated utility readings
MOEHE HQ / Permanent HQ,1256361,2026-04-15,2456829,kwh,electricity,Consolidated daily report +Utility Consumption & Power saving calculations -Apr 2026.xlsm,Consolidated Utility Readings.,7,Imported from 2026-04 consolidated utility readings
MOEHE HQ / Permanent HQ,1256361,2026-04-16,2464849,kwh,electricity,Consolidated daily report +Utility Consumption & Power saving calculations -Apr 2026.xlsm,Consolidated Utility Readings.,7,Imported from 2026-04 consolidated utility readings
MOEHE HQ / Permanent HQ,1256361,2026-04-17,2472461,kwh,electricity,Consolidated daily report +Utility Consumption & Power saving calculations -Apr 2026.xlsm,Consolidated Utility Readings.,7,Imported from 2026-04 consolidated utility readings
MOEHE HQ / Permanent HQ,1256361,2026-04-18,2479952,kwh,electricity,Consolidated daily report +Utility Consumption & Power saving calculations -Apr 2026.xlsm,Consolidated Utility Readings.,7,Imported from 2026-04 consolidated utility readings
MOEHE HQ / Permanent HQ,1256361,2026-04-19,2480265,kwh,electricity,Consolidated daily report +Utility Consumption & Power saving calculations -Apr 2026.xlsm,Consolidated Utility Readings.,7,Imported from 2026-04 consolidated utility readings
MOEHE HQ / Permanent HQ,1256361,2026-04-20,2480346,kwh,electricity,Consolidated daily report +Utility Consumption & Power saving calculations -Apr 2026.xlsm,Consolidated Utility Readings.,7,Imported from 2026-04 consolidated utility readings
MOEHE HQ / Permanent HQ,1256361,2026-04-21,2480427,kwh,electricity,Consolidated daily report +Utility Consumption & Power saving calculations -Apr 2026.xlsm,Consolidated Utility Readings.,7,Imported from 2026-04 consolidated utility readings
MOEHE HQ / Permanent HQ,1256361,2026-04-22,2480641,kwh,electricity,Consolidated daily report +Utility Consumption & Power saving calculations -Apr 2026.xlsm,Consolidated Utility Readings.,7,Imported from 2026-04 consolidated utility readings
MOEHE HQ / Permanent HQ,1256361,2026-04-23,2480722,kwh,electricity,Consolidated daily report +Utility Consumption & Power saving calculations -Apr 2026.xlsm,Consolidated Utility Readings.,7,Imported from 2026-04 consolidated utility readings
MOEHE HQ / Permanent HQ,1256361,2026-04-24,2480798,kwh,electricity,Consolidated daily report +Utility Consumption & Power saving calculations -Apr 2026.xlsm,Consolidated Utility Readings.,7,Imported from 2026-04 consolidated utility readings
MOEHE HQ / Permanent HQ,1256361,2026-04-25,2480881,kwh,electricity,Consolidated daily report +Utility Consumption & Power saving calculations -Apr 2026.xlsm,Consolidated Utility Readings.,7,Imported from 2026-04 consolidated utility readings
MOEHE HQ / Permanent HQ,1256361,2026-04-26,2480962,kwh,electricity,Consolidated daily report +Utility Consumption & Power saving calculations -Apr 2026.xlsm,Consolidated Utility Readings.,7,Imported from 2026-04 consolidated utility readings
MOEHE HQ / Permanent HQ,1256361,2026-04-27,2481043,kwh,electricity,Consolidated daily report +Utility Consumption & Power saving calculations -Apr 2026.xlsm,Consolidated Utility Readings.,7,Imported from 2026-04 consolidated utility readings
MOEHE HQ / Permanent HQ,1256361,2026-04-28,2481123,kwh,electricity,Consolidated daily report +Utility Consumption & Power saving calculations -Apr 2026.xlsm,Consolidated Utility Readings.,7,Imported from 2026-04 consolidated utility readings
MOEHE HQ / Permanent HQ,1256361,2026-04-29,2481203,kwh,electricity,Consolidated daily report +Utility Consumption & Power saving calculations -Apr 2026.xlsm,Consolidated Utility Readings.,7,Imported from 2026-04 consolidated utility readings
MOEHE HQ / Permanent HQ,1256361,2026-04-30,2481283,kwh,electricity,Consolidated daily report +Utility Consumption & Power saving calculations -Apr 2026.xlsm,Consolidated Utility Readings.,7,Imported from 2026-04 consolidated utility readings
MOEHE HQ / Permanent HQ,1256361,2026-05-01,2483678,kwh,electricity,Consolidated daily report +Utility Consumption & Power saving calculations -May 2026.xlsm,Consolidated Utility Readings.,7,Imported from 2026-05 consolidated utility readings
MOEHE HQ / Permanent HQ,1256361,2026-05-02,2483762,kwh,electricity,Consolidated daily report +Utility Consumption & Power saving calculations -May 2026.xlsm,Consolidated Utility Readings.,7,Imported from 2026-05 consolidated utility readings
MOEHE HQ / Permanent HQ,1256361,2026-05-03,2492159,kwh,electricity,Consolidated daily report +Utility Consumption & Power saving calculations -May 2026.xlsm,Consolidated Utility Readings.,7,Imported from 2026-05 consolidated utility readings
MOEHE HQ / Permanent HQ,1256361,2026-05-04,2501954,kwh,electricity,Consolidated daily report +Utility Consumption & Power saving calculations -May 2026.xlsm,Consolidated Utility Readings.,7,Imported from 2026-05 consolidated utility readings
MOEHE HQ / Permanent HQ,1256361,2026-05-05,2510434,kwh,electricity,Consolidated daily report +Utility Consumption & Power saving calculations -May 2026.xlsm,Consolidated Utility Readings.,7,Imported from 2026-05 consolidated utility readings
MOEHE HQ / Permanent HQ,1256361,2026-05-06,2516119,kwh,electricity,Consolidated daily report +Utility Consumption & Power saving calculations -May 2026.xlsm,Consolidated Utility Readings.,7,Imported from 2026-05 consolidated utility readings
MOEHE HQ / Permanent HQ,1256361,2026-05-07,2525055,kwh,electricity,Consolidated daily report +Utility Consumption & Power saving calculations -May 2026.xlsm,Consolidated Utility Readings.,7,Imported from 2026-05 consolidated utility readings
MOEHE HQ / Permanent HQ,1256361,2026-05-08,2534307,kwh,electricity,Consolidated daily report +Utility Consumption & Power saving calculations -May 2026.xlsm,Consolidated Utility Readings.,7,Imported from 2026-05 consolidated utility readings
MOEHE HQ / Permanent HQ,1256361,2026-05-09,2544387,kwh,electricity,Consolidated daily report +Utility Consumption & Power saving calculations -May 2026.xlsm,Consolidated Utility Readings.,7,Imported from 2026-05 consolidated utility readings
MOEHE HQ / Permanent HQ,1256361,2026-05-10,2554077,kwh,electricity,Consolidated daily report +Utility Consumption & Power saving calculations -May 2026.xlsm,Consolidated Utility Readings.,7,Imported from 2026-05 consolidated utility readings
MOEHE HQ / Permanent HQ,1256361,2026-05-11,2565123,kwh,electricity,Consolidated daily report +Utility Consumption & Power saving calculations -May 2026.xlsm,Consolidated Utility Readings.,7,Imported from 2026-05 consolidated utility readings
MOEHE HQ / Permanent HQ,1256361,2026-05-12,2569810,kwh,electricity,Consolidated daily report +Utility Consumption & Power saving calculations -May 2026.xlsm,Consolidated Utility Readings.,7,Imported from 2026-05 consolidated utility readings
MOEHE HQ / Permanent HQ,1256361,2026-05-13,2572042,kwh,electricity,Consolidated daily report +Utility Consumption & Power saving calculations -May 2026.xlsm,Consolidated Utility Readings.,7,Imported from 2026-05 consolidated utility readings
MOEHE HQ / Permanent HQ,1256361,2026-05-14,2574537,kwh,electricity,Consolidated daily report +Utility Consumption & Power saving calculations -May 2026.xlsm,Consolidated Utility Readings.,7,Imported from 2026-05 consolidated utility readings
MOEHE HQ / Permanent HQ,1256361,2026-05-15,2576955,kwh,electricity,Consolidated daily report +Utility Consumption & Power saving calculations -May 2026.xlsm,Consolidated Utility Readings.,7,Imported from 2026-05 consolidated utility readings
MOEHE HQ / Permanent HQ,1256361,2026-05-16,2577044,kwh,electricity,Consolidated daily report +Utility Consumption & Power saving calculations -May 2026.xlsm,Consolidated Utility Readings.,7,Imported from 2026-05 consolidated utility readings
MOEHE HQ / Permanent HQ,1256361,2026-05-17,2586956,kwh,electricity,Consolidated daily report +Utility Consumption & Power saving calculations -May 2026.xlsm,Consolidated Utility Readings.,7,Imported from 2026-05 consolidated utility readings
MOEHE HQ / Permanent HQ,1256361,2026-05-18,2598884,kwh,electricity,Consolidated daily report +Utility Consumption & Power saving calculations -May 2026.xlsm,Consolidated Utility Readings.,7,Imported from 2026-05 consolidated utility readings
MOEHE HQ / Permanent HQ,1256361,2026-05-19,2609628,kwh,electricity,Consolidated daily report +Utility Consumption & Power saving calculations -May 2026.xlsm,Consolidated Utility Readings.,7,Imported from 2026-05 consolidated utility readings
MOEHE HQ / Permanent HQ,1256361,2026-05-20,2620291,kwh,electricity,Consolidated daily report +Utility Consumption & Power saving calculations -May 2026.xlsm,Consolidated Utility Readings.,7,Imported from 2026-05 consolidated utility readings
MOEHE HQ / Permanent HQ,1256361,2026-05-21,2630544,kwh,electricity,Consolidated daily report +Utility Consumption & Power saving calculations -May 2026.xlsm,Consolidated Utility Readings.,7,Imported from 2026-05 consolidated utility readings
MOEHE HQ / Permanent HQ,1256361,2026-05-22,2640637,kwh,electricity,Consolidated daily report +Utility Consumption & Power saving calculations -May 2026.xlsm,Consolidated Utility Readings.,7,Imported from 2026-05 consolidated utility readings
MOEHE HQ / Permanent HQ,1256361,2026-05-23,2649179,kwh,electricity,Consolidated daily report +Utility Consumption & Power saving calculations -May 2026.xlsm,Consolidated Utility Readings.,7,Imported from 2026-05 consolidated utility readings
MOEHE HQ / Permanent HQ,1256361,2026-05-24,2658349,kwh,electricity,Consolidated daily report +Utility Consumption & Power saving calculations -May 2026.xlsm,Consolidated Utility Readings.,7,Imported from 2026-05 consolidated utility readings
MOEHE HQ / Permanent HQ,1256361,2026-05-25,2667928,kwh,electricity,Consolidated daily report +Utility Consumption & Power saving calculations -May 2026.xlsm,Consolidated Utility Readings.,7,Imported from 2026-05 consolidated utility readings
MOEHE HQ / Permanent HQ,1256361,2026-05-26,2677313,kwh,electricity,Consolidated daily report +Utility Consumption & Power saving calculations -May 2026.xlsm,Consolidated Utility Readings.,7,Imported from 2026-05 consolidated utility readings
MOEHE HQ / Permanent HQ,1256361,2026-05-27,2685854,kwh,electricity,Consolidated daily report +Utility Consumption & Power saving calculations -May 2026.xlsm,Consolidated Utility Readings.,7,Imported from 2026-05 consolidated utility readings
MOEHE HQ / Permanent HQ,1256361,2026-05-28,2694253,kwh,electricity,Consolidated daily report +Utility Consumption & Power saving calculations -May 2026.xlsm,Consolidated Utility Readings.,7,Imported from 2026-05 consolidated utility readings
MOEHE HQ / Permanent HQ,1256361,2026-05-29,2703099,kwh,electricity,Consolidated daily report +Utility Consumption & Power saving calculations -May 2026.xlsm,Consolidated Utility Readings.,7,Imported from 2026-05 consolidated utility readings
MOEHE HQ / Permanent HQ,1256361,2026-05-30,2711327,kwh,electricity,Consolidated daily report +Utility Consumption & Power saving calculations -May 2026.xlsm,Consolidated Utility Readings.,7,Imported from 2026-05 consolidated utility readings
MOEHE HQ / Permanent HQ,1256361,2026-05-31,2711401,kwh,electricity,Consolidated daily report +Utility Consumption & Power saving calculations -May 2026.xlsm,Consolidated Utility Readings.,7,Imported from 2026-05 consolidated utility readings
MOEHE HQ / Permanent HQ,1256362,2026-03-01,2062629,kwh,electricity,Consolidated daily report +Utility Consumption & Power saving calculations -Mar 2026.xlsm,Consolidated Utility Readings.,8,Imported from 2026-03 consolidated utility readings
MOEHE HQ / Permanent HQ,1256362,2026-03-02,2069059,kwh,electricity,Consolidated daily report +Utility Consumption & Power saving calculations -Mar 2026.xlsm,Consolidated Utility Readings.,8,Imported from 2026-03 consolidated utility readings
MOEHE HQ / Permanent HQ,1256362,2026-03-03,2075499,kwh,electricity,Consolidated daily report +Utility Consumption & Power saving calculations -Mar 2026.xlsm,Consolidated Utility Readings.,8,Imported from 2026-03 consolidated utility readings
MOEHE HQ / Permanent HQ,1256362,2026-03-04,2081947,kwh,electricity,Consolidated daily report +Utility Consumption & Power saving calculations -Mar 2026.xlsm,Consolidated Utility Readings.,8,Imported from 2026-03 consolidated utility readings
MOEHE HQ / Permanent HQ,1256362,2026-03-05,2088118,kwh,electricity,Consolidated daily report +Utility Consumption & Power saving calculations -Mar 2026.xlsm,Consolidated Utility Readings.,8,Imported from 2026-03 consolidated utility readings
MOEHE HQ / Permanent HQ,1256362,2026-03-06,2094189,kwh,electricity,Consolidated daily report +Utility Consumption & Power saving calculations -Mar 2026.xlsm,Consolidated Utility Readings.,8,Imported from 2026-03 consolidated utility readings
MOEHE HQ / Permanent HQ,1256362,2026-03-07,2100261,kwh,electricity,Consolidated daily report +Utility Consumption & Power saving calculations -Mar 2026.xlsm,Consolidated Utility Readings.,8,Imported from 2026-03 consolidated utility readings
MOEHE HQ / Permanent HQ,1256362,2026-03-08,2100336,kwh,electricity,Consolidated daily report +Utility Consumption & Power saving calculations -Mar 2026.xlsm,Consolidated Utility Readings.,8,Imported from 2026-03 consolidated utility readings
MOEHE HQ / Permanent HQ,1256362,2026-03-09,2100421,kwh,electricity,Consolidated daily report +Utility Consumption & Power saving calculations -Mar 2026.xlsm,Consolidated Utility Readings.,8,Imported from 2026-03 consolidated utility readings
MOEHE HQ / Permanent HQ,1256362,2026-03-10,2100502,kwh,electricity,Consolidated daily report +Utility Consumption & Power saving calculations -Mar 2026.xlsm,Consolidated Utility Readings.,8,Imported from 2026-03 consolidated utility readings
MOEHE HQ / Permanent HQ,1256362,2026-03-11,2100581,kwh,electricity,Consolidated daily report +Utility Consumption & Power saving calculations -Mar 2026.xlsm,Consolidated Utility Readings.,8,Imported from 2026-03 consolidated utility readings
MOEHE HQ / Permanent HQ,1256362,2026-03-12,2100660,kwh,electricity,Consolidated daily report +Utility Consumption & Power saving calculations -Mar 2026.xlsm,Consolidated Utility Readings.,8,Imported from 2026-03 consolidated utility readings
MOEHE HQ / Permanent HQ,1256362,2026-03-13,2100730,kwh,electricity,Consolidated daily report +Utility Consumption & Power saving calculations -Mar 2026.xlsm,Consolidated Utility Readings.,8,Imported from 2026-03 consolidated utility readings
MOEHE HQ / Permanent HQ,1256362,2026-03-14,2100820,kwh,electricity,Consolidated daily report +Utility Consumption & Power saving calculations -Mar 2026.xlsm,Consolidated Utility Readings.,8,Imported from 2026-03 consolidated utility readings
MOEHE HQ / Permanent HQ,1256362,2026-03-15,2100899,kwh,electricity,Consolidated daily report +Utility Consumption & Power saving calculations -Mar 2026.xlsm,Consolidated Utility Readings.,8,Imported from 2026-03 consolidated utility readings
MOEHE HQ / Permanent HQ,1256362,2026-03-16,2100980,kwh,electricity,Consolidated daily report +Utility Consumption & Power saving calculations -Mar 2026.xlsm,Consolidated Utility Readings.,8,Imported from 2026-03 consolidated utility readings
MOEHE HQ / Permanent HQ,1256362,2026-03-17,2101060,kwh,electricity,Consolidated daily report +Utility Consumption & Power saving calculations -Mar 2026.xlsm,Consolidated Utility Readings.,8,Imported from 2026-03 consolidated utility readings
MOEHE HQ / Permanent HQ,1256362,2026-03-18,2101141,kwh,electricity,Consolidated daily report +Utility Consumption & Power saving calculations -Mar 2026.xlsm,Consolidated Utility Readings.,8,Imported from 2026-03 consolidated utility readings
MOEHE HQ / Permanent HQ,1256362,2026-03-19,2101243,kwh,electricity,Consolidated daily report +Utility Consumption & Power saving calculations -Mar 2026.xlsm,Consolidated Utility Readings.,8,Imported from 2026-03 consolidated utility readings
MOEHE HQ / Permanent HQ,1256362,2026-03-20,2106217,kwh,electricity,Consolidated daily report +Utility Consumption & Power saving calculations -Mar 2026.xlsm,Consolidated Utility Readings.,8,Imported from 2026-03 consolidated utility readings
MOEHE HQ / Permanent HQ,1256362,2026-03-21,2111222,kwh,electricity,Consolidated daily report +Utility Consumption & Power saving calculations -Mar 2026.xlsm,Consolidated Utility Readings.,8,Imported from 2026-03 consolidated utility readings
MOEHE HQ / Permanent HQ,1256362,2026-03-22,2116186,kwh,electricity,Consolidated daily report +Utility Consumption & Power saving calculations -Mar 2026.xlsm,Consolidated Utility Readings.,8,Imported from 2026-03 consolidated utility readings
MOEHE HQ / Permanent HQ,1256362,2026-03-23,2121170,kwh,electricity,Consolidated daily report +Utility Consumption & Power saving calculations -Mar 2026.xlsm,Consolidated Utility Readings.,8,Imported from 2026-03 consolidated utility readings
MOEHE HQ / Permanent HQ,1256362,2026-03-24,2126155,kwh,electricity,Consolidated daily report +Utility Consumption & Power saving calculations -Mar 2026.xlsm,Consolidated Utility Readings.,8,Imported from 2026-03 consolidated utility readings
MOEHE HQ / Permanent HQ,1256362,2026-03-25,2131149,kwh,electricity,Consolidated daily report +Utility Consumption & Power saving calculations -Mar 2026.xlsm,Consolidated Utility Readings.,8,Imported from 2026-03 consolidated utility readings
MOEHE HQ / Permanent HQ,1256362,2026-03-26,2139121,kwh,electricity,Consolidated daily report +Utility Consumption & Power saving calculations -Mar 2026.xlsm,Consolidated Utility Readings.,8,Imported from 2026-03 consolidated utility readings
MOEHE HQ / Permanent HQ,1256362,2026-03-27,2147492,kwh,electricity,Consolidated daily report +Utility Consumption & Power saving calculations -Mar 2026.xlsm,Consolidated Utility Readings.,8,Imported from 2026-03 consolidated utility readings
MOEHE HQ / Permanent HQ,1256362,2026-03-28,2154777,kwh,electricity,Consolidated daily report +Utility Consumption & Power saving calculations -Mar 2026.xlsm,Consolidated Utility Readings.,8,Imported from 2026-03 consolidated utility readings
MOEHE HQ / Permanent HQ,1256362,2026-03-29,2161998,kwh,electricity,Consolidated daily report +Utility Consumption & Power saving calculations -Mar 2026.xlsm,Consolidated Utility Readings.,8,Imported from 2026-03 consolidated utility readings
MOEHE HQ / Permanent HQ,1256362,2026-03-30,2169461,kwh,electricity,Consolidated daily report +Utility Consumption & Power saving calculations -Mar 2026.xlsm,Consolidated Utility Readings.,8,Imported from 2026-03 consolidated utility readings
MOEHE HQ / Permanent HQ,1256362,2026-03-31,2176965,kwh,electricity,Consolidated daily report +Utility Consumption & Power saving calculations -Mar 2026.xlsm,Consolidated Utility Readings.,8,Imported from 2026-03 consolidated utility readings
MOEHE HQ / Permanent HQ,1256362,2026-04-01,2184729,kwh,electricity,Consolidated daily report +Utility Consumption & Power saving calculations -Apr 2026.xlsm,Consolidated Utility Readings.,8,Imported from 2026-04 consolidated utility readings
MOEHE HQ / Permanent HQ,1256362,2026-04-02,2192069,kwh,electricity,Consolidated daily report +Utility Consumption & Power saving calculations -Apr 2026.xlsm,Consolidated Utility Readings.,8,Imported from 2026-04 consolidated utility readings
MOEHE HQ / Permanent HQ,1256362,2026-04-03,2198708,kwh,electricity,Consolidated daily report +Utility Consumption & Power saving calculations -Apr 2026.xlsm,Consolidated Utility Readings.,8,Imported from 2026-04 consolidated utility readings
MOEHE HQ / Permanent HQ,1256362,2026-04-04,2205336,kwh,electricity,Consolidated daily report +Utility Consumption & Power saving calculations -Apr 2026.xlsm,Consolidated Utility Readings.,8,Imported from 2026-04 consolidated utility readings
MOEHE HQ / Permanent HQ,1256362,2026-04-05,2205652,kwh,electricity,Consolidated daily report +Utility Consumption & Power saving calculations -Apr 2026.xlsm,Consolidated Utility Readings.,8,Imported from 2026-04 consolidated utility readings
MOEHE HQ / Permanent HQ,1256362,2026-04-06,2205730,kwh,electricity,Consolidated daily report +Utility Consumption & Power saving calculations -Apr 2026.xlsm,Consolidated Utility Readings.,8,Imported from 2026-04 consolidated utility readings
MOEHE HQ / Permanent HQ,1256362,2026-04-07,2205810,kwh,electricity,Consolidated daily report +Utility Consumption & Power saving calculations -Apr 2026.xlsm,Consolidated Utility Readings.,8,Imported from 2026-04 consolidated utility readings
MOEHE HQ / Permanent HQ,1256362,2026-04-08,2205890,kwh,electricity,Consolidated daily report +Utility Consumption & Power saving calculations -Apr 2026.xlsm,Consolidated Utility Readings.,8,Imported from 2026-04 consolidated utility readings
MOEHE HQ / Permanent HQ,1256362,2026-04-09,2205967,kwh,electricity,Consolidated daily report +Utility Consumption & Power saving calculations -Apr 2026.xlsm,Consolidated Utility Readings.,8,Imported from 2026-04 consolidated utility readings
MOEHE HQ / Permanent HQ,1256362,2026-04-10,2206045,kwh,electricity,Consolidated daily report +Utility Consumption & Power saving calculations -Apr 2026.xlsm,Consolidated Utility Readings.,8,Imported from 2026-04 consolidated utility readings
MOEHE HQ / Permanent HQ,1256362,2026-04-11,2206126,kwh,electricity,Consolidated daily report +Utility Consumption & Power saving calculations -Apr 2026.xlsm,Consolidated Utility Readings.,8,Imported from 2026-04 consolidated utility readings
MOEHE HQ / Permanent HQ,1256362,2026-04-12,2206204,kwh,electricity,Consolidated daily report +Utility Consumption & Power saving calculations -Apr 2026.xlsm,Consolidated Utility Readings.,8,Imported from 2026-04 consolidated utility readings
MOEHE HQ / Permanent HQ,1256362,2026-04-13,2206282,kwh,electricity,Consolidated daily report +Utility Consumption & Power saving calculations -Apr 2026.xlsm,Consolidated Utility Readings.,8,Imported from 2026-04 consolidated utility readings
MOEHE HQ / Permanent HQ,1256362,2026-04-14,2206362,kwh,electricity,Consolidated daily report +Utility Consumption & Power saving calculations -Apr 2026.xlsm,Consolidated Utility Readings.,8,Imported from 2026-04 consolidated utility readings
MOEHE HQ / Permanent HQ,1256362,2026-04-15,2206440,kwh,electricity,Consolidated daily report +Utility Consumption & Power saving calculations -Apr 2026.xlsm,Consolidated Utility Readings.,8,Imported from 2026-04 consolidated utility readings
MOEHE HQ / Permanent HQ,1256362,2026-04-16,2206519,kwh,electricity,Consolidated daily report +Utility Consumption & Power saving calculations -Apr 2026.xlsm,Consolidated Utility Readings.,8,Imported from 2026-04 consolidated utility readings
MOEHE HQ / Permanent HQ,1256362,2026-04-17,2206595,kwh,electricity,Consolidated daily report +Utility Consumption & Power saving calculations -Apr 2026.xlsm,Consolidated Utility Readings.,8,Imported from 2026-04 consolidated utility readings
MOEHE HQ / Permanent HQ,1256362,2026-04-18,2206676,kwh,electricity,Consolidated daily report +Utility Consumption & Power saving calculations -Apr 2026.xlsm,Consolidated Utility Readings.,8,Imported from 2026-04 consolidated utility readings
MOEHE HQ / Permanent HQ,1256362,2026-04-19,2213452,kwh,electricity,Consolidated daily report +Utility Consumption & Power saving calculations -Apr 2026.xlsm,Consolidated Utility Readings.,8,Imported from 2026-04 consolidated utility readings
MOEHE HQ / Permanent HQ,1256362,2026-04-20,2221504,kwh,electricity,Consolidated daily report +Utility Consumption & Power saving calculations -Apr 2026.xlsm,Consolidated Utility Readings.,8,Imported from 2026-04 consolidated utility readings
MOEHE HQ / Permanent HQ,1256362,2026-04-21,2229691,kwh,electricity,Consolidated daily report +Utility Consumption & Power saving calculations -Apr 2026.xlsm,Consolidated Utility Readings.,8,Imported from 2026-04 consolidated utility readings
MOEHE HQ / Permanent HQ,1256362,2026-04-22,2238294,kwh,electricity,Consolidated daily report +Utility Consumption & Power saving calculations -Apr 2026.xlsm,Consolidated Utility Readings.,8,Imported from 2026-04 consolidated utility readings
MOEHE HQ / Permanent HQ,1256362,2026-04-23,2247083,kwh,electricity,Consolidated daily report +Utility Consumption & Power saving calculations -Apr 2026.xlsm,Consolidated Utility Readings.,8,Imported from 2026-04 consolidated utility readings
MOEHE HQ / Permanent HQ,1256362,2026-04-24,2255026,kwh,electricity,Consolidated daily report +Utility Consumption & Power saving calculations -Apr 2026.xlsm,Consolidated Utility Readings.,8,Imported from 2026-04 consolidated utility readings
MOEHE HQ / Permanent HQ,1256362,2026-04-25,2262722,kwh,electricity,Consolidated daily report +Utility Consumption & Power saving calculations -Apr 2026.xlsm,Consolidated Utility Readings.,8,Imported from 2026-04 consolidated utility readings
MOEHE HQ / Permanent HQ,1256362,2026-04-26,2271051,kwh,electricity,Consolidated daily report +Utility Consumption & Power saving calculations -Apr 2026.xlsm,Consolidated Utility Readings.,8,Imported from 2026-04 consolidated utility readings
MOEHE HQ / Permanent HQ,1256362,2026-04-27,2279406,kwh,electricity,Consolidated daily report +Utility Consumption & Power saving calculations -Apr 2026.xlsm,Consolidated Utility Readings.,8,Imported from 2026-04 consolidated utility readings
MOEHE HQ / Permanent HQ,1256362,2026-04-28,2287983,kwh,electricity,Consolidated daily report +Utility Consumption & Power saving calculations -Apr 2026.xlsm,Consolidated Utility Readings.,8,Imported from 2026-04 consolidated utility readings
MOEHE HQ / Permanent HQ,1256362,2026-04-29,2296578,kwh,electricity,Consolidated daily report +Utility Consumption & Power saving calculations -Apr 2026.xlsm,Consolidated Utility Readings.,8,Imported from 2026-04 consolidated utility readings
MOEHE HQ / Permanent HQ,1256362,2026-04-30,2305726,kwh,electricity,Consolidated daily report +Utility Consumption & Power saving calculations -Apr 2026.xlsm,Consolidated Utility Readings.,8,Imported from 2026-04 consolidated utility readings
MOEHE HQ / Permanent HQ,1256362,2026-05-01,2313035,kwh,electricity,Consolidated daily report +Utility Consumption & Power saving calculations -May 2026.xlsm,Consolidated Utility Readings.,8,Imported from 2026-05 consolidated utility readings
MOEHE HQ / Permanent HQ,1256362,2026-05-02,2321095,kwh,electricity,Consolidated daily report +Utility Consumption & Power saving calculations -May 2026.xlsm,Consolidated Utility Readings.,8,Imported from 2026-05 consolidated utility readings
MOEHE HQ / Permanent HQ,1256362,2026-05-03,2321537,kwh,electricity,Consolidated daily report +Utility Consumption & Power saving calculations -May 2026.xlsm,Consolidated Utility Readings.,8,Imported from 2026-05 consolidated utility readings
MOEHE HQ / Permanent HQ,1256362,2026-05-04,2323108,kwh,electricity,Consolidated daily report +Utility Consumption & Power saving calculations -May 2026.xlsm,Consolidated Utility Readings.,8,Imported from 2026-05 consolidated utility readings
MOEHE HQ / Permanent HQ,1256362,2026-05-05,2324678,kwh,electricity,Consolidated daily report +Utility Consumption & Power saving calculations -May 2026.xlsm,Consolidated Utility Readings.,8,Imported from 2026-05 consolidated utility readings
MOEHE HQ / Permanent HQ,1256362,2026-05-06,2330755,kwh,electricity,Consolidated daily report +Utility Consumption & Power saving calculations -May 2026.xlsm,Consolidated Utility Readings.,8,Imported from 2026-05 consolidated utility readings
MOEHE HQ / Permanent HQ,1256362,2026-05-07,2334247,kwh,electricity,Consolidated daily report +Utility Consumption & Power saving calculations -May 2026.xlsm,Consolidated Utility Readings.,8,Imported from 2026-05 consolidated utility readings
MOEHE HQ / Permanent HQ,1256362,2026-05-08,2334323,kwh,electricity,Consolidated daily report +Utility Consumption & Power saving calculations -May 2026.xlsm,Consolidated Utility Readings.,8,Imported from 2026-05 consolidated utility readings
MOEHE HQ / Permanent HQ,1256362,2026-05-09,2334406,kwh,electricity,Consolidated daily report +Utility Consumption & Power saving calculations -May 2026.xlsm,Consolidated Utility Readings.,8,Imported from 2026-05 consolidated utility readings
MOEHE HQ / Permanent HQ,1256362,2026-05-10,2334486,kwh,electricity,Consolidated daily report +Utility Consumption & Power saving calculations -May 2026.xlsm,Consolidated Utility Readings.,8,Imported from 2026-05 consolidated utility readings
MOEHE HQ / Permanent HQ,1256362,2026-05-11,2334565,kwh,electricity,Consolidated daily report +Utility Consumption & Power saving calculations -May 2026.xlsm,Consolidated Utility Readings.,8,Imported from 2026-05 consolidated utility readings
MOEHE HQ / Permanent HQ,1256362,2026-05-12,2340204,kwh,electricity,Consolidated daily report +Utility Consumption & Power saving calculations -May 2026.xlsm,Consolidated Utility Readings.,8,Imported from 2026-05 consolidated utility readings
MOEHE HQ / Permanent HQ,1256362,2026-05-13,2349909,kwh,electricity,Consolidated daily report +Utility Consumption & Power saving calculations -May 2026.xlsm,Consolidated Utility Readings.,8,Imported from 2026-05 consolidated utility readings
MOEHE HQ / Permanent HQ,1256362,2026-05-14,2359209,kwh,electricity,Consolidated daily report +Utility Consumption & Power saving calculations -May 2026.xlsm,Consolidated Utility Readings.,8,Imported from 2026-05 consolidated utility readings
MOEHE HQ / Permanent HQ,1256362,2026-05-15,2367636,kwh,electricity,Consolidated daily report +Utility Consumption & Power saving calculations -May 2026.xlsm,Consolidated Utility Readings.,8,Imported from 2026-05 consolidated utility readings
MOEHE HQ / Permanent HQ,1256362,2026-05-16,2378126,kwh,electricity,Consolidated daily report +Utility Consumption & Power saving calculations -May 2026.xlsm,Consolidated Utility Readings.,8,Imported from 2026-05 consolidated utility readings
MOEHE HQ / Permanent HQ,1256362,2026-05-17,2378257,kwh,electricity,Consolidated daily report +Utility Consumption & Power saving calculations -May 2026.xlsm,Consolidated Utility Readings.,8,Imported from 2026-05 consolidated utility readings
MOEHE HQ / Permanent HQ,1256362,2026-05-18,2378340,kwh,electricity,Consolidated daily report +Utility Consumption & Power saving calculations -May 2026.xlsm,Consolidated Utility Readings.,8,Imported from 2026-05 consolidated utility readings
MOEHE HQ / Permanent HQ,1256362,2026-05-19,2378422,kwh,electricity,Consolidated daily report +Utility Consumption & Power saving calculations -May 2026.xlsm,Consolidated Utility Readings.,8,Imported from 2026-05 consolidated utility readings
MOEHE HQ / Permanent HQ,1256362,2026-05-20,2378505,kwh,electricity,Consolidated daily report +Utility Consumption & Power saving calculations -May 2026.xlsm,Consolidated Utility Readings.,8,Imported from 2026-05 consolidated utility readings
MOEHE HQ / Permanent HQ,1256362,2026-05-21,2378586,kwh,electricity,Consolidated daily report +Utility Consumption & Power saving calculations -May 2026.xlsm,Consolidated Utility Readings.,8,Imported from 2026-05 consolidated utility readings
MOEHE HQ / Permanent HQ,1256362,2026-05-22,2378603,kwh,electricity,Consolidated daily report +Utility Consumption & Power saving calculations -May 2026.xlsm,Consolidated Utility Readings.,8,Imported from 2026-05 consolidated utility readings
MOEHE HQ / Permanent HQ,1256362,2026-05-23,2378749,kwh,electricity,Consolidated daily report +Utility Consumption & Power saving calculations -May 2026.xlsm,Consolidated Utility Readings.,8,Imported from 2026-05 consolidated utility readings
MOEHE HQ / Permanent HQ,1256362,2026-05-24,2378833,kwh,electricity,Consolidated daily report +Utility Consumption & Power saving calculations -May 2026.xlsm,Consolidated Utility Readings.,8,Imported from 2026-05 consolidated utility readings
MOEHE HQ / Permanent HQ,1256362,2026-05-25,2378910,kwh,electricity,Consolidated daily report +Utility Consumption & Power saving calculations -May 2026.xlsm,Consolidated Utility Readings.,8,Imported from 2026-05 consolidated utility readings
MOEHE HQ / Permanent HQ,1256362,2026-05-26,2378992,kwh,electricity,Consolidated daily report +Utility Consumption & Power saving calculations -May 2026.xlsm,Consolidated Utility Readings.,8,Imported from 2026-05 consolidated utility readings
MOEHE HQ / Permanent HQ,1256362,2026-05-27,2379080,kwh,electricity,Consolidated daily report +Utility Consumption & Power saving calculations -May 2026.xlsm,Consolidated Utility Readings.,8,Imported from 2026-05 consolidated utility readings
MOEHE HQ / Permanent HQ,1256362,2026-05-28,2379163,kwh,electricity,Consolidated daily report +Utility Consumption & Power saving calculations -May 2026.xlsm,Consolidated Utility Readings.,8,Imported from 2026-05 consolidated utility readings
MOEHE HQ / Permanent HQ,1256362,2026-05-29,2379247,kwh,electricity,Consolidated daily report +Utility Consumption & Power saving calculations -May 2026.xlsm,Consolidated Utility Readings.,8,Imported from 2026-05 consolidated utility readings
MOEHE HQ / Permanent HQ,1256362,2026-05-30,2379876,kwh,electricity,Consolidated daily report +Utility Consumption & Power saving calculations -May 2026.xlsm,Consolidated Utility Readings.,8,Imported from 2026-05 consolidated utility readings
MOEHE HQ / Permanent HQ,1256362,2026-05-31,2387426,kwh,electricity,Consolidated daily report +Utility Consumption & Power saving calculations -May 2026.xlsm,Consolidated Utility Readings.,8,Imported from 2026-05 consolidated utility readings
MOEHE HQ / Permanent HQ,1256363,2026-03-01,2968350,kwh,electricity,Consolidated daily report +Utility Consumption & Power saving calculations -Mar 2026.xlsm,Consolidated Utility Readings.,9,Imported from 2026-03 consolidated utility readings
MOEHE HQ / Permanent HQ,1256363,2026-03-02,2973160,kwh,electricity,Consolidated daily report +Utility Consumption & Power saving calculations -Mar 2026.xlsm,Consolidated Utility Readings.,9,Imported from 2026-03 consolidated utility readings
MOEHE HQ / Permanent HQ,1256363,2026-03-03,2977980,kwh,electricity,Consolidated daily report +Utility Consumption & Power saving calculations -Mar 2026.xlsm,Consolidated Utility Readings.,9,Imported from 2026-03 consolidated utility readings
MOEHE HQ / Permanent HQ,1256363,2026-03-04,2982805,kwh,electricity,Consolidated daily report +Utility Consumption & Power saving calculations -Mar 2026.xlsm,Consolidated Utility Readings.,9,Imported from 2026-03 consolidated utility readings
MOEHE HQ / Permanent HQ,1256363,2026-03-05,2987297,kwh,electricity,Consolidated daily report +Utility Consumption & Power saving calculations -Mar 2026.xlsm,Consolidated Utility Readings.,9,Imported from 2026-03 consolidated utility readings
MOEHE HQ / Permanent HQ,1256363,2026-03-06,2991946,kwh,electricity,Consolidated daily report +Utility Consumption & Power saving calculations -Mar 2026.xlsm,Consolidated Utility Readings.,9,Imported from 2026-03 consolidated utility readings
MOEHE HQ / Permanent HQ,1256363,2026-03-07,2996596,kwh,electricity,Consolidated daily report +Utility Consumption & Power saving calculations -Mar 2026.xlsm,Consolidated Utility Readings.,9,Imported from 2026-03 consolidated utility readings
MOEHE HQ / Permanent HQ,1256363,2026-03-08,3001037,kwh,electricity,Consolidated daily report +Utility Consumption & Power saving calculations -Mar 2026.xlsm,Consolidated Utility Readings.,9,Imported from 2026-03 consolidated utility readings
MOEHE HQ / Permanent HQ,1256363,2026-03-09,3006158,kwh,electricity,Consolidated daily report +Utility Consumption & Power saving calculations -Mar 2026.xlsm,Consolidated Utility Readings.,9,Imported from 2026-03 consolidated utility readings
MOEHE HQ / Permanent HQ,1256363,2026-03-10,3011271,kwh,electricity,Consolidated daily report +Utility Consumption & Power saving calculations -Mar 2026.xlsm,Consolidated Utility Readings.,9,Imported from 2026-03 consolidated utility readings
MOEHE HQ / Permanent HQ,1256363,2026-03-11,3016287,kwh,electricity,Consolidated daily report +Utility Consumption & Power saving calculations -Mar 2026.xlsm,Consolidated Utility Readings.,9,Imported from 2026-03 consolidated utility readings
MOEHE HQ / Permanent HQ,1256363,2026-03-12,3021717,kwh,electricity,Consolidated daily report +Utility Consumption & Power saving calculations -Mar 2026.xlsm,Consolidated Utility Readings.,9,Imported from 2026-03 consolidated utility readings
MOEHE HQ / Permanent HQ,1256363,2026-03-13,3026367,kwh,electricity,Consolidated daily report +Utility Consumption & Power saving calculations -Mar 2026.xlsm,Consolidated Utility Readings.,9,Imported from 2026-03 consolidated utility readings
MOEHE HQ / Permanent HQ,1256363,2026-03-14,3032288,kwh,electricity,Consolidated daily report +Utility Consumption & Power saving calculations -Mar 2026.xlsm,Consolidated Utility Readings.,9,Imported from 2026-03 consolidated utility readings
MOEHE HQ / Permanent HQ,1256363,2026-03-15,3037489,kwh,electricity,Consolidated daily report +Utility Consumption & Power saving calculations -Mar 2026.xlsm,Consolidated Utility Readings.,9,Imported from 2026-03 consolidated utility readings
MOEHE HQ / Permanent HQ,1256363,2026-03-16,3042974,kwh,electricity,Consolidated daily report +Utility Consumption & Power saving calculations -Mar 2026.xlsm,Consolidated Utility Readings.,9,Imported from 2026-03 consolidated utility readings
MOEHE HQ / Permanent HQ,1256363,2026-03-17,3048444,kwh,electricity,Consolidated daily report +Utility Consumption & Power saving calculations -Mar 2026.xlsm,Consolidated Utility Readings.,9,Imported from 2026-03 consolidated utility readings
MOEHE HQ / Permanent HQ,1256363,2026-03-18,3053811,kwh,electricity,Consolidated daily report +Utility Consumption & Power saving calculations -Mar 2026.xlsm,Consolidated Utility Readings.,9,Imported from 2026-03 consolidated utility readings
MOEHE HQ / Permanent HQ,1256363,2026-03-19,3058852,kwh,electricity,Consolidated daily report +Utility Consumption & Power saving calculations -Mar 2026.xlsm,Consolidated Utility Readings.,9,Imported from 2026-03 consolidated utility readings
MOEHE HQ / Permanent HQ,1256363,2026-03-20,3063747,kwh,electricity,Consolidated daily report +Utility Consumption & Power saving calculations -Mar 2026.xlsm,Consolidated Utility Readings.,9,Imported from 2026-03 consolidated utility readings
MOEHE HQ / Permanent HQ,1256363,2026-03-21,3068673,kwh,electricity,Consolidated daily report +Utility Consumption & Power saving calculations -Mar 2026.xlsm,Consolidated Utility Readings.,9,Imported from 2026-03 consolidated utility readings
MOEHE HQ / Permanent HQ,1256363,2026-03-22,3073588,kwh,electricity,Consolidated daily report +Utility Consumption & Power saving calculations -Mar 2026.xlsm,Consolidated Utility Readings.,9,Imported from 2026-03 consolidated utility readings
MOEHE HQ / Permanent HQ,1256363,2026-03-23,3078483,kwh,electricity,Consolidated daily report +Utility Consumption & Power saving calculations -Mar 2026.xlsm,Consolidated Utility Readings.,9,Imported from 2026-03 consolidated utility readings
MOEHE HQ / Permanent HQ,1256363,2026-03-24,3083369,kwh,electricity,Consolidated daily report +Utility Consumption & Power saving calculations -Mar 2026.xlsm,Consolidated Utility Readings.,9,Imported from 2026-03 consolidated utility readings
MOEHE HQ / Permanent HQ,1256363,2026-03-25,3088284,kwh,electricity,Consolidated daily report +Utility Consumption & Power saving calculations -Mar 2026.xlsm,Consolidated Utility Readings.,9,Imported from 2026-03 consolidated utility readings
MOEHE HQ / Permanent HQ,1256363,2026-03-26,3093744,kwh,electricity,Consolidated daily report +Utility Consumption & Power saving calculations -Mar 2026.xlsm,Consolidated Utility Readings.,9,Imported from 2026-03 consolidated utility readings
MOEHE HQ / Permanent HQ,1256363,2026-03-27,3099069,kwh,electricity,Consolidated daily report +Utility Consumption & Power saving calculations -Mar 2026.xlsm,Consolidated Utility Readings.,9,Imported from 2026-03 consolidated utility readings
MOEHE HQ / Permanent HQ,1256363,2026-03-28,3104266,kwh,electricity,Consolidated daily report +Utility Consumption & Power saving calculations -Mar 2026.xlsm,Consolidated Utility Readings.,9,Imported from 2026-03 consolidated utility readings
MOEHE HQ / Permanent HQ,1256363,2026-03-29,3109256,kwh,electricity,Consolidated daily report +Utility Consumption & Power saving calculations -Mar 2026.xlsm,Consolidated Utility Readings.,9,Imported from 2026-03 consolidated utility readings
MOEHE HQ / Permanent HQ,1256363,2026-03-30,3114446,kwh,electricity,Consolidated daily report +Utility Consumption & Power saving calculations -Mar 2026.xlsm,Consolidated Utility Readings.,9,Imported from 2026-03 consolidated utility readings
MOEHE HQ / Permanent HQ,1256363,2026-03-31,3119714,kwh,electricity,Consolidated daily report +Utility Consumption & Power saving calculations -Mar 2026.xlsm,Consolidated Utility Readings.,9,Imported from 2026-03 consolidated utility readings
MOEHE HQ / Permanent HQ,1256363,2026-04-01,3124968,kwh,electricity,Consolidated daily report +Utility Consumption & Power saving calculations -Apr 2026.xlsm,Consolidated Utility Readings.,9,Imported from 2026-04 consolidated utility readings
MOEHE HQ / Permanent HQ,1256363,2026-04-02,3130260,kwh,electricity,Consolidated daily report +Utility Consumption & Power saving calculations -Apr 2026.xlsm,Consolidated Utility Readings.,9,Imported from 2026-04 consolidated utility readings
MOEHE HQ / Permanent HQ,1256363,2026-04-03,3135585,kwh,electricity,Consolidated daily report +Utility Consumption & Power saving calculations -Apr 2026.xlsm,Consolidated Utility Readings.,9,Imported from 2026-04 consolidated utility readings
MOEHE HQ / Permanent HQ,1256363,2026-04-04,3140917,kwh,electricity,Consolidated daily report +Utility Consumption & Power saving calculations -Apr 2026.xlsm,Consolidated Utility Readings.,9,Imported from 2026-04 consolidated utility readings
MOEHE HQ / Permanent HQ,1256363,2026-04-05,3146434,kwh,electricity,Consolidated daily report +Utility Consumption & Power saving calculations -Apr 2026.xlsm,Consolidated Utility Readings.,9,Imported from 2026-04 consolidated utility readings
MOEHE HQ / Permanent HQ,1256363,2026-04-06,3152064,kwh,electricity,Consolidated daily report +Utility Consumption & Power saving calculations -Apr 2026.xlsm,Consolidated Utility Readings.,9,Imported from 2026-04 consolidated utility readings
MOEHE HQ / Permanent HQ,1256363,2026-04-07,3157499,kwh,electricity,Consolidated daily report +Utility Consumption & Power saving calculations -Apr 2026.xlsm,Consolidated Utility Readings.,9,Imported from 2026-04 consolidated utility readings
MOEHE HQ / Permanent HQ,1256363,2026-04-08,3162945,kwh,electricity,Consolidated daily report +Utility Consumption & Power saving calculations -Apr 2026.xlsm,Consolidated Utility Readings.,9,Imported from 2026-04 consolidated utility readings
MOEHE HQ / Permanent HQ,1256363,2026-04-09,3168217,kwh,electricity,Consolidated daily report +Utility Consumption & Power saving calculations -Apr 2026.xlsm,Consolidated Utility Readings.,9,Imported from 2026-04 consolidated utility readings
MOEHE HQ / Permanent HQ,1256363,2026-04-10,3172868,kwh,electricity,Consolidated daily report +Utility Consumption & Power saving calculations -Apr 2026.xlsm,Consolidated Utility Readings.,9,Imported from 2026-04 consolidated utility readings
MOEHE HQ / Permanent HQ,1256363,2026-04-11,3177892,kwh,electricity,Consolidated daily report +Utility Consumption & Power saving calculations -Apr 2026.xlsm,Consolidated Utility Readings.,9,Imported from 2026-04 consolidated utility readings
MOEHE HQ / Permanent HQ,1256363,2026-04-12,3182957,kwh,electricity,Consolidated daily report +Utility Consumption & Power saving calculations -Apr 2026.xlsm,Consolidated Utility Readings.,9,Imported from 2026-04 consolidated utility readings
MOEHE HQ / Permanent HQ,1256363,2026-04-13,3188202,kwh,electricity,Consolidated daily report +Utility Consumption & Power saving calculations -Apr 2026.xlsm,Consolidated Utility Readings.,9,Imported from 2026-04 consolidated utility readings
MOEHE HQ / Permanent HQ,1256363,2026-04-14,3193529,kwh,electricity,Consolidated daily report +Utility Consumption & Power saving calculations -Apr 2026.xlsm,Consolidated Utility Readings.,9,Imported from 2026-04 consolidated utility readings
MOEHE HQ / Permanent HQ,1256363,2026-04-15,3198734,kwh,electricity,Consolidated daily report +Utility Consumption & Power saving calculations -Apr 2026.xlsm,Consolidated Utility Readings.,9,Imported from 2026-04 consolidated utility readings
MOEHE HQ / Permanent HQ,1256363,2026-04-16,3203879,kwh,electricity,Consolidated daily report +Utility Consumption & Power saving calculations -Apr 2026.xlsm,Consolidated Utility Readings.,9,Imported from 2026-04 consolidated utility readings
MOEHE HQ / Permanent HQ,1256363,2026-04-17,3208740,kwh,electricity,Consolidated daily report +Utility Consumption & Power saving calculations -Apr 2026.xlsm,Consolidated Utility Readings.,9,Imported from 2026-04 consolidated utility readings
MOEHE HQ / Permanent HQ,1256363,2026-04-18,3213678,kwh,electricity,Consolidated daily report +Utility Consumption & Power saving calculations -Apr 2026.xlsm,Consolidated Utility Readings.,9,Imported from 2026-04 consolidated utility readings
MOEHE HQ / Permanent HQ,1256363,2026-04-19,3218768,kwh,electricity,Consolidated daily report +Utility Consumption & Power saving calculations -Apr 2026.xlsm,Consolidated Utility Readings.,9,Imported from 2026-04 consolidated utility readings
MOEHE HQ / Permanent HQ,1256363,2026-04-20,3224224,kwh,electricity,Consolidated daily report +Utility Consumption & Power saving calculations -Apr 2026.xlsm,Consolidated Utility Readings.,9,Imported from 2026-04 consolidated utility readings
MOEHE HQ / Permanent HQ,1256363,2026-04-21,3229737,kwh,electricity,Consolidated daily report +Utility Consumption & Power saving calculations -Apr 2026.xlsm,Consolidated Utility Readings.,9,Imported from 2026-04 consolidated utility readings
MOEHE HQ / Permanent HQ,1256363,2026-04-22,3235020,kwh,electricity,Consolidated daily report +Utility Consumption & Power saving calculations -Apr 2026.xlsm,Consolidated Utility Readings.,9,Imported from 2026-04 consolidated utility readings
MOEHE HQ / Permanent HQ,1256363,2026-04-23,3240822,kwh,electricity,Consolidated daily report +Utility Consumption & Power saving calculations -Apr 2026.xlsm,Consolidated Utility Readings.,9,Imported from 2026-04 consolidated utility readings
MOEHE HQ / Permanent HQ,1256363,2026-04-24,3246290,kwh,electricity,Consolidated daily report +Utility Consumption & Power saving calculations -Apr 2026.xlsm,Consolidated Utility Readings.,9,Imported from 2026-04 consolidated utility readings
MOEHE HQ / Permanent HQ,1256363,2026-04-25,3251658,kwh,electricity,Consolidated daily report +Utility Consumption & Power saving calculations -Apr 2026.xlsm,Consolidated Utility Readings.,9,Imported from 2026-04 consolidated utility readings
MOEHE HQ / Permanent HQ,1256363,2026-04-26,3257332,kwh,electricity,Consolidated daily report +Utility Consumption & Power saving calculations -Apr 2026.xlsm,Consolidated Utility Readings.,9,Imported from 2026-04 consolidated utility readings
MOEHE HQ / Permanent HQ,1256363,2026-04-27,3263023,kwh,electricity,Consolidated daily report +Utility Consumption & Power saving calculations -Apr 2026.xlsm,Consolidated Utility Readings.,9,Imported from 2026-04 consolidated utility readings
MOEHE HQ / Permanent HQ,1256363,2026-04-28,3268821,kwh,electricity,Consolidated daily report +Utility Consumption & Power saving calculations -Apr 2026.xlsm,Consolidated Utility Readings.,9,Imported from 2026-04 consolidated utility readings
MOEHE HQ / Permanent HQ,1256363,2026-04-29,3274611,kwh,electricity,Consolidated daily report +Utility Consumption & Power saving calculations -Apr 2026.xlsm,Consolidated Utility Readings.,9,Imported from 2026-04 consolidated utility readings
MOEHE HQ / Permanent HQ,1256363,2026-04-30,3280170,kwh,electricity,Consolidated daily report +Utility Consumption & Power saving calculations -Apr 2026.xlsm,Consolidated Utility Readings.,9,Imported from 2026-04 consolidated utility readings
MOEHE HQ / Permanent HQ,1256363,2026-05-01,3285987,kwh,electricity,Consolidated daily report +Utility Consumption & Power saving calculations -May 2026.xlsm,Consolidated Utility Readings.,9,Imported from 2026-05 consolidated utility readings
MOEHE HQ / Permanent HQ,1256363,2026-05-02,3291080,kwh,electricity,Consolidated daily report +Utility Consumption & Power saving calculations -May 2026.xlsm,Consolidated Utility Readings.,9,Imported from 2026-05 consolidated utility readings
MOEHE HQ / Permanent HQ,1256363,2026-05-03,3296433,kwh,electricity,Consolidated daily report +Utility Consumption & Power saving calculations -May 2026.xlsm,Consolidated Utility Readings.,9,Imported from 2026-05 consolidated utility readings
MOEHE HQ / Permanent HQ,1256363,2026-05-04,3302776,kwh,electricity,Consolidated daily report +Utility Consumption & Power saving calculations -May 2026.xlsm,Consolidated Utility Readings.,9,Imported from 2026-05 consolidated utility readings
MOEHE HQ / Permanent HQ,1256363,2026-05-05,3309116,kwh,electricity,Consolidated daily report +Utility Consumption & Power saving calculations -May 2026.xlsm,Consolidated Utility Readings.,9,Imported from 2026-05 consolidated utility readings
MOEHE HQ / Permanent HQ,1256363,2026-05-06,3315634,kwh,electricity,Consolidated daily report +Utility Consumption & Power saving calculations -May 2026.xlsm,Consolidated Utility Readings.,9,Imported from 2026-05 consolidated utility readings
MOEHE HQ / Permanent HQ,1256363,2026-05-07,3321888,kwh,electricity,Consolidated daily report +Utility Consumption & Power saving calculations -May 2026.xlsm,Consolidated Utility Readings.,9,Imported from 2026-05 consolidated utility readings
MOEHE HQ / Permanent HQ,1256363,2026-05-08,3327389,kwh,electricity,Consolidated daily report +Utility Consumption & Power saving calculations -May 2026.xlsm,Consolidated Utility Readings.,9,Imported from 2026-05 consolidated utility readings
MOEHE HQ / Permanent HQ,1256363,2026-05-09,3332968,kwh,electricity,Consolidated daily report +Utility Consumption & Power saving calculations -May 2026.xlsm,Consolidated Utility Readings.,9,Imported from 2026-05 consolidated utility readings
MOEHE HQ / Permanent HQ,1256363,2026-05-10,3338396,kwh,electricity,Consolidated daily report +Utility Consumption & Power saving calculations -May 2026.xlsm,Consolidated Utility Readings.,9,Imported from 2026-05 consolidated utility readings
MOEHE HQ / Permanent HQ,1256363,2026-05-11,3345045,kwh,electricity,Consolidated daily report +Utility Consumption & Power saving calculations -May 2026.xlsm,Consolidated Utility Readings.,9,Imported from 2026-05 consolidated utility readings
MOEHE HQ / Permanent HQ,1256363,2026-05-12,3351116,kwh,electricity,Consolidated daily report +Utility Consumption & Power saving calculations -May 2026.xlsm,Consolidated Utility Readings.,9,Imported from 2026-05 consolidated utility readings
MOEHE HQ / Permanent HQ,1256363,2026-05-13,3358082,kwh,electricity,Consolidated daily report +Utility Consumption & Power saving calculations -May 2026.xlsm,Consolidated Utility Readings.,9,Imported from 2026-05 consolidated utility readings
MOEHE HQ / Permanent HQ,1256363,2026-05-14,3365068,kwh,electricity,Consolidated daily report +Utility Consumption & Power saving calculations -May 2026.xlsm,Consolidated Utility Readings.,9,Imported from 2026-05 consolidated utility readings
MOEHE HQ / Permanent HQ,1256363,2026-05-15,3371343,kwh,electricity,Consolidated daily report +Utility Consumption & Power saving calculations -May 2026.xlsm,Consolidated Utility Readings.,9,Imported from 2026-05 consolidated utility readings
MOEHE HQ / Permanent HQ,1256363,2026-05-16,3377116,kwh,electricity,Consolidated daily report +Utility Consumption & Power saving calculations -May 2026.xlsm,Consolidated Utility Readings.,9,Imported from 2026-05 consolidated utility readings
MOEHE HQ / Permanent HQ,1256363,2026-05-17,3382653,kwh,electricity,Consolidated daily report +Utility Consumption & Power saving calculations -May 2026.xlsm,Consolidated Utility Readings.,9,Imported from 2026-05 consolidated utility readings
MOEHE HQ / Permanent HQ,1256363,2026-05-18,3389155,kwh,electricity,Consolidated daily report +Utility Consumption & Power saving calculations -May 2026.xlsm,Consolidated Utility Readings.,9,Imported from 2026-05 consolidated utility readings
MOEHE HQ / Permanent HQ,1256363,2026-05-19,3394691,kwh,electricity,Consolidated daily report +Utility Consumption & Power saving calculations -May 2026.xlsm,Consolidated Utility Readings.,9,Imported from 2026-05 consolidated utility readings
MOEHE HQ / Permanent HQ,1256363,2026-05-20,3400585,kwh,electricity,Consolidated daily report +Utility Consumption & Power saving calculations -May 2026.xlsm,Consolidated Utility Readings.,9,Imported from 2026-05 consolidated utility readings
MOEHE HQ / Permanent HQ,1256363,2026-05-21,3406115,kwh,electricity,Consolidated daily report +Utility Consumption & Power saving calculations -May 2026.xlsm,Consolidated Utility Readings.,9,Imported from 2026-05 consolidated utility readings
MOEHE HQ / Permanent HQ,1256363,2026-05-22,3411206,kwh,electricity,Consolidated daily report +Utility Consumption & Power saving calculations -May 2026.xlsm,Consolidated Utility Readings.,9,Imported from 2026-05 consolidated utility readings
MOEHE HQ / Permanent HQ,1256363,2026-05-23,3417783,kwh,electricity,Consolidated daily report +Utility Consumption & Power saving calculations -May 2026.xlsm,Consolidated Utility Readings.,9,Imported from 2026-05 consolidated utility readings
MOEHE HQ / Permanent HQ,1256363,2026-05-24,3423723,kwh,electricity,Consolidated daily report +Utility Consumption & Power saving calculations -May 2026.xlsm,Consolidated Utility Readings.,9,Imported from 2026-05 consolidated utility readings
MOEHE HQ / Permanent HQ,1256363,2026-05-25,3429341,kwh,electricity,Consolidated daily report +Utility Consumption & Power saving calculations -May 2026.xlsm,Consolidated Utility Readings.,9,Imported from 2026-05 consolidated utility readings
MOEHE HQ / Permanent HQ,1256363,2026-05-26,3435408,kwh,electricity,Consolidated daily report +Utility Consumption & Power saving calculations -May 2026.xlsm,Consolidated Utility Readings.,9,Imported from 2026-05 consolidated utility readings
MOEHE HQ / Permanent HQ,1256363,2026-05-27,3441622,kwh,electricity,Consolidated daily report +Utility Consumption & Power saving calculations -May 2026.xlsm,Consolidated Utility Readings.,9,Imported from 2026-05 consolidated utility readings
MOEHE HQ / Permanent HQ,1256363,2026-05-28,3447267,kwh,electricity,Consolidated daily report +Utility Consumption & Power saving calculations -May 2026.xlsm,Consolidated Utility Readings.,9,Imported from 2026-05 consolidated utility readings
MOEHE HQ / Permanent HQ,1256363,2026-05-29,3452958,kwh,electricity,Consolidated daily report +Utility Consumption & Power saving calculations -May 2026.xlsm,Consolidated Utility Readings.,9,Imported from 2026-05 consolidated utility readings
MOEHE HQ / Permanent HQ,1256363,2026-05-30,3458685,kwh,electricity,Consolidated daily report +Utility Consumption & Power saving calculations -May 2026.xlsm,Consolidated Utility Readings.,9,Imported from 2026-05 consolidated utility readings
MOEHE HQ / Permanent HQ,1256363,2026-05-31,3463808,kwh,electricity,Consolidated daily report +Utility Consumption & Power saving calculations -May 2026.xlsm,Consolidated Utility Readings.,9,Imported from 2026-05 consolidated utility readings
MOEHE HQ / Permanent HQ,1256364,2026-03-01,9618901,kwh,electricity,Consolidated daily report +Utility Consumption & Power saving calculations -Mar 2026.xlsm,Consolidated Utility Readings.,10,Imported from 2026-03 consolidated utility readings
MOEHE HQ / Permanent HQ,1256364,2026-03-02,9622121,kwh,electricity,Consolidated daily report +Utility Consumption & Power saving calculations -Mar 2026.xlsm,Consolidated Utility Readings.,10,Imported from 2026-03 consolidated utility readings
MOEHE HQ / Permanent HQ,1256364,2026-03-03,9625351,kwh,electricity,Consolidated daily report +Utility Consumption & Power saving calculations -Mar 2026.xlsm,Consolidated Utility Readings.,10,Imported from 2026-03 consolidated utility readings
MOEHE HQ / Permanent HQ,1256364,2026-03-04,9628582,kwh,electricity,Consolidated daily report +Utility Consumption & Power saving calculations -Mar 2026.xlsm,Consolidated Utility Readings.,10,Imported from 2026-03 consolidated utility readings
MOEHE HQ / Permanent HQ,1256364,2026-03-05,9631531,kwh,electricity,Consolidated daily report +Utility Consumption & Power saving calculations -Mar 2026.xlsm,Consolidated Utility Readings.,10,Imported from 2026-03 consolidated utility readings
MOEHE HQ / Permanent HQ,1256364,2026-03-06,9633563,kwh,electricity,Consolidated daily report +Utility Consumption & Power saving calculations -Mar 2026.xlsm,Consolidated Utility Readings.,10,Imported from 2026-03 consolidated utility readings
MOEHE HQ / Permanent HQ,1256364,2026-03-07,9635596,kwh,electricity,Consolidated daily report +Utility Consumption & Power saving calculations -Mar 2026.xlsm,Consolidated Utility Readings.,10,Imported from 2026-03 consolidated utility readings
MOEHE HQ / Permanent HQ,1256364,2026-03-08,9637482,kwh,electricity,Consolidated daily report +Utility Consumption & Power saving calculations -Mar 2026.xlsm,Consolidated Utility Readings.,10,Imported from 2026-03 consolidated utility readings
MOEHE HQ / Permanent HQ,1256364,2026-03-09,9640514,kwh,electricity,Consolidated daily report +Utility Consumption & Power saving calculations -Mar 2026.xlsm,Consolidated Utility Readings.,10,Imported from 2026-03 consolidated utility readings
MOEHE HQ / Permanent HQ,1256364,2026-03-10,9643555,kwh,electricity,Consolidated daily report +Utility Consumption & Power saving calculations -Mar 2026.xlsm,Consolidated Utility Readings.,10,Imported from 2026-03 consolidated utility readings
MOEHE HQ / Permanent HQ,1256364,2026-03-11,9646521,kwh,electricity,Consolidated daily report +Utility Consumption & Power saving calculations -Mar 2026.xlsm,Consolidated Utility Readings.,10,Imported from 2026-03 consolidated utility readings
MOEHE HQ / Permanent HQ,1256364,2026-03-12,9649602,kwh,electricity,Consolidated daily report +Utility Consumption & Power saving calculations -Mar 2026.xlsm,Consolidated Utility Readings.,10,Imported from 2026-03 consolidated utility readings
MOEHE HQ / Permanent HQ,1256364,2026-03-13,9651634,kwh,electricity,Consolidated daily report +Utility Consumption & Power saving calculations -Mar 2026.xlsm,Consolidated Utility Readings.,10,Imported from 2026-03 consolidated utility readings
MOEHE HQ / Permanent HQ,1256364,2026-03-14,9654408,kwh,electricity,Consolidated daily report +Utility Consumption & Power saving calculations -Mar 2026.xlsm,Consolidated Utility Readings.,10,Imported from 2026-03 consolidated utility readings
MOEHE HQ / Permanent HQ,1256364,2026-03-15,9656817,kwh,electricity,Consolidated daily report +Utility Consumption & Power saving calculations -Mar 2026.xlsm,Consolidated Utility Readings.,10,Imported from 2026-03 consolidated utility readings
MOEHE HQ / Permanent HQ,1256364,2026-03-16,9659910,kwh,electricity,Consolidated daily report +Utility Consumption & Power saving calculations -Mar 2026.xlsm,Consolidated Utility Readings.,10,Imported from 2026-03 consolidated utility readings
MOEHE HQ / Permanent HQ,1256364,2026-03-17,9663070,kwh,electricity,Consolidated daily report +Utility Consumption & Power saving calculations -Mar 2026.xlsm,Consolidated Utility Readings.,10,Imported from 2026-03 consolidated utility readings
MOEHE HQ / Permanent HQ,1256364,2026-03-18,9665384,kwh,electricity,Consolidated daily report +Utility Consumption & Power saving calculations -Mar 2026.xlsm,Consolidated Utility Readings.,10,Imported from 2026-03 consolidated utility readings
MOEHE HQ / Permanent HQ,1256364,2026-03-19,9667367,kwh,electricity,Consolidated daily report +Utility Consumption & Power saving calculations -Mar 2026.xlsm,Consolidated Utility Readings.,10,Imported from 2026-03 consolidated utility readings
MOEHE HQ / Permanent HQ,1256364,2026-03-20,9669537,kwh,electricity,Consolidated daily report +Utility Consumption & Power saving calculations -Mar 2026.xlsm,Consolidated Utility Readings.,10,Imported from 2026-03 consolidated utility readings
MOEHE HQ / Permanent HQ,1256364,2026-03-21,9671736,kwh,electricity,Consolidated daily report +Utility Consumption & Power saving calculations -Mar 2026.xlsm,Consolidated Utility Readings.,10,Imported from 2026-03 consolidated utility readings
MOEHE HQ / Permanent HQ,1256364,2026-03-22,9673926,kwh,electricity,Consolidated daily report +Utility Consumption & Power saving calculations -Mar 2026.xlsm,Consolidated Utility Readings.,10,Imported from 2026-03 consolidated utility readings
MOEHE HQ / Permanent HQ,1256364,2026-03-23,9676095,kwh,electricity,Consolidated daily report +Utility Consumption & Power saving calculations -Mar 2026.xlsm,Consolidated Utility Readings.,10,Imported from 2026-03 consolidated utility readings
MOEHE HQ / Permanent HQ,1256364,2026-03-24,9678255,kwh,electricity,Consolidated daily report +Utility Consumption & Power saving calculations -Mar 2026.xlsm,Consolidated Utility Readings.,10,Imported from 2026-03 consolidated utility readings
MOEHE HQ / Permanent HQ,1256364,2026-03-25,9680444,kwh,electricity,Consolidated daily report +Utility Consumption & Power saving calculations -Mar 2026.xlsm,Consolidated Utility Readings.,10,Imported from 2026-03 consolidated utility readings
MOEHE HQ / Permanent HQ,1256364,2026-03-26,9683697,kwh,electricity,Consolidated daily report +Utility Consumption & Power saving calculations -Mar 2026.xlsm,Consolidated Utility Readings.,10,Imported from 2026-03 consolidated utility readings
MOEHE HQ / Permanent HQ,1256364,2026-03-27,9686945,kwh,electricity,Consolidated daily report +Utility Consumption & Power saving calculations -Mar 2026.xlsm,Consolidated Utility Readings.,10,Imported from 2026-03 consolidated utility readings
MOEHE HQ / Permanent HQ,1256364,2026-03-28,9689030,kwh,electricity,Consolidated daily report +Utility Consumption & Power saving calculations -Mar 2026.xlsm,Consolidated Utility Readings.,10,Imported from 2026-03 consolidated utility readings
MOEHE HQ / Permanent HQ,1256364,2026-03-29,9691857,kwh,electricity,Consolidated daily report +Utility Consumption & Power saving calculations -Mar 2026.xlsm,Consolidated Utility Readings.,10,Imported from 2026-03 consolidated utility readings
MOEHE HQ / Permanent HQ,1256364,2026-03-30,9695263,kwh,electricity,Consolidated daily report +Utility Consumption & Power saving calculations -Mar 2026.xlsm,Consolidated Utility Readings.,10,Imported from 2026-03 consolidated utility readings
MOEHE HQ / Permanent HQ,1256364,2026-03-31,9698498,kwh,electricity,Consolidated daily report +Utility Consumption & Power saving calculations -Mar 2026.xlsm,Consolidated Utility Readings.,10,Imported from 2026-03 consolidated utility readings
MOEHE HQ / Permanent HQ,1256364,2026-04-01,9701698,kwh,electricity,Consolidated daily report +Utility Consumption & Power saving calculations -Apr 2026.xlsm,Consolidated Utility Readings.,10,Imported from 2026-04 consolidated utility readings
MOEHE HQ / Permanent HQ,1256364,2026-04-02,9704940,kwh,electricity,Consolidated daily report +Utility Consumption & Power saving calculations -Apr 2026.xlsm,Consolidated Utility Readings.,10,Imported from 2026-04 consolidated utility readings
MOEHE HQ / Permanent HQ,1256364,2026-04-03,9707992,kwh,electricity,Consolidated daily report +Utility Consumption & Power saving calculations -Apr 2026.xlsm,Consolidated Utility Readings.,10,Imported from 2026-04 consolidated utility readings
MOEHE HQ / Permanent HQ,1256364,2026-04-04,9710050,kwh,electricity,Consolidated daily report +Utility Consumption & Power saving calculations -Apr 2026.xlsm,Consolidated Utility Readings.,10,Imported from 2026-04 consolidated utility readings
MOEHE HQ / Permanent HQ,1256364,2026-04-05,9712505,kwh,electricity,Consolidated daily report +Utility Consumption & Power saving calculations -Apr 2026.xlsm,Consolidated Utility Readings.,10,Imported from 2026-04 consolidated utility readings
MOEHE HQ / Permanent HQ,1256364,2026-04-06,9715779,kwh,electricity,Consolidated daily report +Utility Consumption & Power saving calculations -Apr 2026.xlsm,Consolidated Utility Readings.,10,Imported from 2026-04 consolidated utility readings
MOEHE HQ / Permanent HQ,1256364,2026-04-07,9719034,kwh,electricity,Consolidated daily report +Utility Consumption & Power saving calculations -Apr 2026.xlsm,Consolidated Utility Readings.,10,Imported from 2026-04 consolidated utility readings
MOEHE HQ / Permanent HQ,1256364,2026-04-08,9722286,kwh,electricity,Consolidated daily report +Utility Consumption & Power saving calculations -Apr 2026.xlsm,Consolidated Utility Readings.,10,Imported from 2026-04 consolidated utility readings
MOEHE HQ / Permanent HQ,1256364,2026-04-09,9725503,kwh,electricity,Consolidated daily report +Utility Consumption & Power saving calculations -Apr 2026.xlsm,Consolidated Utility Readings.,10,Imported from 2026-04 consolidated utility readings
MOEHE HQ / Permanent HQ,1256364,2026-04-10,9728628,kwh,electricity,Consolidated daily report +Utility Consumption & Power saving calculations -Apr 2026.xlsm,Consolidated Utility Readings.,10,Imported from 2026-04 consolidated utility readings
MOEHE HQ / Permanent HQ,1256364,2026-04-11,9730727,kwh,electricity,Consolidated daily report +Utility Consumption & Power saving calculations -Apr 2026.xlsm,Consolidated Utility Readings.,10,Imported from 2026-04 consolidated utility readings
MOEHE HQ / Permanent HQ,1256364,2026-04-12,9733264,kwh,electricity,Consolidated daily report +Utility Consumption & Power saving calculations -Apr 2026.xlsm,Consolidated Utility Readings.,10,Imported from 2026-04 consolidated utility readings
MOEHE HQ / Permanent HQ,1256364,2026-04-13,9736654,kwh,electricity,Consolidated daily report +Utility Consumption & Power saving calculations -Apr 2026.xlsm,Consolidated Utility Readings.,10,Imported from 2026-04 consolidated utility readings
MOEHE HQ / Permanent HQ,1256364,2026-04-14,9740195,kwh,electricity,Consolidated daily report +Utility Consumption & Power saving calculations -Apr 2026.xlsm,Consolidated Utility Readings.,10,Imported from 2026-04 consolidated utility readings
MOEHE HQ / Permanent HQ,1256364,2026-04-15,9743580,kwh,electricity,Consolidated daily report +Utility Consumption & Power saving calculations -Apr 2026.xlsm,Consolidated Utility Readings.,10,Imported from 2026-04 consolidated utility readings
MOEHE HQ / Permanent HQ,1256364,2026-04-16,9747030,kwh,electricity,Consolidated daily report +Utility Consumption & Power saving calculations -Apr 2026.xlsm,Consolidated Utility Readings.,10,Imported from 2026-04 consolidated utility readings
MOEHE HQ / Permanent HQ,1256364,2026-04-17,9750256,kwh,electricity,Consolidated daily report +Utility Consumption & Power saving calculations -Apr 2026.xlsm,Consolidated Utility Readings.,10,Imported from 2026-04 consolidated utility readings
MOEHE HQ / Permanent HQ,1256364,2026-04-18,9752439,kwh,electricity,Consolidated daily report +Utility Consumption & Power saving calculations -Apr 2026.xlsm,Consolidated Utility Readings.,10,Imported from 2026-04 consolidated utility readings
MOEHE HQ / Permanent HQ,1256364,2026-04-19,9755132,kwh,electricity,Consolidated daily report +Utility Consumption & Power saving calculations -Apr 2026.xlsm,Consolidated Utility Readings.,10,Imported from 2026-04 consolidated utility readings
MOEHE HQ / Permanent HQ,1256364,2026-04-20,9758732,kwh,electricity,Consolidated daily report +Utility Consumption & Power saving calculations -Apr 2026.xlsm,Consolidated Utility Readings.,10,Imported from 2026-04 consolidated utility readings
MOEHE HQ / Permanent HQ,1256364,2026-04-21,9762296,kwh,electricity,Consolidated daily report +Utility Consumption & Power saving calculations -Apr 2026.xlsm,Consolidated Utility Readings.,10,Imported from 2026-04 consolidated utility readings
MOEHE HQ / Permanent HQ,1256364,2026-04-22,9765859,kwh,electricity,Consolidated daily report +Utility Consumption & Power saving calculations -Apr 2026.xlsm,Consolidated Utility Readings.,10,Imported from 2026-04 consolidated utility readings
MOEHE HQ / Permanent HQ,1256364,2026-04-23,9769406,kwh,electricity,Consolidated daily report +Utility Consumption & Power saving calculations -Apr 2026.xlsm,Consolidated Utility Readings.,10,Imported from 2026-04 consolidated utility readings
MOEHE HQ / Permanent HQ,1256364,2026-04-24,9772642,kwh,electricity,Consolidated daily report +Utility Consumption & Power saving calculations -Apr 2026.xlsm,Consolidated Utility Readings.,10,Imported from 2026-04 consolidated utility readings
MOEHE HQ / Permanent HQ,1256364,2026-04-25,9774775,kwh,electricity,Consolidated daily report +Utility Consumption & Power saving calculations -Apr 2026.xlsm,Consolidated Utility Readings.,10,Imported from 2026-04 consolidated utility readings
MOEHE HQ / Permanent HQ,1256364,2026-04-26,9777459,kwh,electricity,Consolidated daily report +Utility Consumption & Power saving calculations -Apr 2026.xlsm,Consolidated Utility Readings.,10,Imported from 2026-04 consolidated utility readings
MOEHE HQ / Permanent HQ,1256364,2026-04-27,9780963,kwh,electricity,Consolidated daily report +Utility Consumption & Power saving calculations -Apr 2026.xlsm,Consolidated Utility Readings.,10,Imported from 2026-04 consolidated utility readings
MOEHE HQ / Permanent HQ,1256364,2026-04-28,9784546,kwh,electricity,Consolidated daily report +Utility Consumption & Power saving calculations -Apr 2026.xlsm,Consolidated Utility Readings.,10,Imported from 2026-04 consolidated utility readings
MOEHE HQ / Permanent HQ,1256364,2026-04-29,9788272,kwh,electricity,Consolidated daily report +Utility Consumption & Power saving calculations -Apr 2026.xlsm,Consolidated Utility Readings.,10,Imported from 2026-04 consolidated utility readings
MOEHE HQ / Permanent HQ,1256364,2026-04-30,9791942,kwh,electricity,Consolidated daily report +Utility Consumption & Power saving calculations -Apr 2026.xlsm,Consolidated Utility Readings.,10,Imported from 2026-04 consolidated utility readings
MOEHE HQ / Permanent HQ,1256364,2026-05-01,9795309,kwh,electricity,Consolidated daily report +Utility Consumption & Power saving calculations -May 2026.xlsm,Consolidated Utility Readings.,10,Imported from 2026-05 consolidated utility readings
MOEHE HQ / Permanent HQ,1256364,2026-05-02,9797830,kwh,electricity,Consolidated daily report +Utility Consumption & Power saving calculations -May 2026.xlsm,Consolidated Utility Readings.,10,Imported from 2026-05 consolidated utility readings
MOEHE HQ / Permanent HQ,1256364,2026-05-03,9800753,kwh,electricity,Consolidated daily report +Utility Consumption & Power saving calculations -May 2026.xlsm,Consolidated Utility Readings.,10,Imported from 2026-05 consolidated utility readings
MOEHE HQ / Permanent HQ,1256364,2026-05-04,9804596,kwh,electricity,Consolidated daily report +Utility Consumption & Power saving calculations -May 2026.xlsm,Consolidated Utility Readings.,10,Imported from 2026-05 consolidated utility readings
MOEHE HQ / Permanent HQ,1256364,2026-05-05,9808396,kwh,electricity,Consolidated daily report +Utility Consumption & Power saving calculations -May 2026.xlsm,Consolidated Utility Readings.,10,Imported from 2026-05 consolidated utility readings
MOEHE HQ / Permanent HQ,1256364,2026-05-06,9812469,kwh,electricity,Consolidated daily report +Utility Consumption & Power saving calculations -May 2026.xlsm,Consolidated Utility Readings.,10,Imported from 2026-05 consolidated utility readings
MOEHE HQ / Permanent HQ,1256364,2026-05-07,9816548,kwh,electricity,Consolidated daily report +Utility Consumption & Power saving calculations -May 2026.xlsm,Consolidated Utility Readings.,10,Imported from 2026-05 consolidated utility readings
MOEHE HQ / Permanent HQ,1256364,2026-05-08,9820259,kwh,electricity,Consolidated daily report +Utility Consumption & Power saving calculations -May 2026.xlsm,Consolidated Utility Readings.,10,Imported from 2026-05 consolidated utility readings
MOEHE HQ / Permanent HQ,1256364,2026-05-09,9823006,kwh,electricity,Consolidated daily report +Utility Consumption & Power saving calculations -May 2026.xlsm,Consolidated Utility Readings.,10,Imported from 2026-05 consolidated utility readings
MOEHE HQ / Permanent HQ,1256364,2026-05-10,9826117,kwh,electricity,Consolidated daily report +Utility Consumption & Power saving calculations -May 2026.xlsm,Consolidated Utility Readings.,10,Imported from 2026-05 consolidated utility readings
MOEHE HQ / Permanent HQ,1256364,2026-05-11,9830005,kwh,electricity,Consolidated daily report +Utility Consumption & Power saving calculations -May 2026.xlsm,Consolidated Utility Readings.,10,Imported from 2026-05 consolidated utility readings
MOEHE HQ / Permanent HQ,1256364,2026-05-12,9833919,kwh,electricity,Consolidated daily report +Utility Consumption & Power saving calculations -May 2026.xlsm,Consolidated Utility Readings.,10,Imported from 2026-05 consolidated utility readings
MOEHE HQ / Permanent HQ,1256364,2026-05-13,9837925,kwh,electricity,Consolidated daily report +Utility Consumption & Power saving calculations -May 2026.xlsm,Consolidated Utility Readings.,10,Imported from 2026-05 consolidated utility readings
MOEHE HQ / Permanent HQ,1256364,2026-05-14,9841987,kwh,electricity,Consolidated daily report +Utility Consumption & Power saving calculations -May 2026.xlsm,Consolidated Utility Readings.,10,Imported from 2026-05 consolidated utility readings
MOEHE HQ / Permanent HQ,1256364,2026-05-15,9845729,kwh,electricity,Consolidated daily report +Utility Consumption & Power saving calculations -May 2026.xlsm,Consolidated Utility Readings.,10,Imported from 2026-05 consolidated utility readings
MOEHE HQ / Permanent HQ,1256364,2026-05-16,9848692,kwh,electricity,Consolidated daily report +Utility Consumption & Power saving calculations -May 2026.xlsm,Consolidated Utility Readings.,10,Imported from 2026-05 consolidated utility readings
MOEHE HQ / Permanent HQ,1256364,2026-05-17,9851962,kwh,electricity,Consolidated daily report +Utility Consumption & Power saving calculations -May 2026.xlsm,Consolidated Utility Readings.,10,Imported from 2026-05 consolidated utility readings
MOEHE HQ / Permanent HQ,1256364,2026-05-18,9856148,kwh,electricity,Consolidated daily report +Utility Consumption & Power saving calculations -May 2026.xlsm,Consolidated Utility Readings.,10,Imported from 2026-05 consolidated utility readings
MOEHE HQ / Permanent HQ,1256364,2026-05-19,9860131,kwh,electricity,Consolidated daily report +Utility Consumption & Power saving calculations -May 2026.xlsm,Consolidated Utility Readings.,10,Imported from 2026-05 consolidated utility readings
MOEHE HQ / Permanent HQ,1256364,2026-05-20,9864479,kwh,electricity,Consolidated daily report +Utility Consumption & Power saving calculations -May 2026.xlsm,Consolidated Utility Readings.,10,Imported from 2026-05 consolidated utility readings
MOEHE HQ / Permanent HQ,1256364,2026-05-21,9868407,kwh,electricity,Consolidated daily report +Utility Consumption & Power saving calculations -May 2026.xlsm,Consolidated Utility Readings.,10,Imported from 2026-05 consolidated utility readings
MOEHE HQ / Permanent HQ,1256364,2026-05-22,9872203,kwh,electricity,Consolidated daily report +Utility Consumption & Power saving calculations -May 2026.xlsm,Consolidated Utility Readings.,10,Imported from 2026-05 consolidated utility readings
MOEHE HQ / Permanent HQ,1256364,2026-05-23,9874701,kwh,electricity,Consolidated daily report +Utility Consumption & Power saving calculations -May 2026.xlsm,Consolidated Utility Readings.,10,Imported from 2026-05 consolidated utility readings
MOEHE HQ / Permanent HQ,1256364,2026-05-24,9877861,kwh,electricity,Consolidated daily report +Utility Consumption & Power saving calculations -May 2026.xlsm,Consolidated Utility Readings.,10,Imported from 2026-05 consolidated utility readings
MOEHE HQ / Permanent HQ,1256364,2026-05-25,9881340,kwh,electricity,Consolidated daily report +Utility Consumption & Power saving calculations -May 2026.xlsm,Consolidated Utility Readings.,10,Imported from 2026-05 consolidated utility readings
MOEHE HQ / Permanent HQ,1256364,2026-05-26,9885113,kwh,electricity,Consolidated daily report +Utility Consumption & Power saving calculations -May 2026.xlsm,Consolidated Utility Readings.,10,Imported from 2026-05 consolidated utility readings
MOEHE HQ / Permanent HQ,1256364,2026-05-27,9888348,kwh,electricity,Consolidated daily report +Utility Consumption & Power saving calculations -May 2026.xlsm,Consolidated Utility Readings.,10,Imported from 2026-05 consolidated utility readings
MOEHE HQ / Permanent HQ,1256364,2026-05-28,9891058,kwh,electricity,Consolidated daily report +Utility Consumption & Power saving calculations -May 2026.xlsm,Consolidated Utility Readings.,10,Imported from 2026-05 consolidated utility readings
MOEHE HQ / Permanent HQ,1256364,2026-05-29,9893730,kwh,electricity,Consolidated daily report +Utility Consumption & Power saving calculations -May 2026.xlsm,Consolidated Utility Readings.,10,Imported from 2026-05 consolidated utility readings
MOEHE HQ / Permanent HQ,1256364,2026-05-30,9896107,kwh,electricity,Consolidated daily report +Utility Consumption & Power saving calculations -May 2026.xlsm,Consolidated Utility Readings.,10,Imported from 2026-05 consolidated utility readings
MOEHE HQ / Permanent HQ,1256364,2026-05-31,9898655,kwh,electricity,Consolidated daily report +Utility Consumption & Power saving calculations -May 2026.xlsm,Consolidated Utility Readings.,10,Imported from 2026-05 consolidated utility readings
MOEHE HQ / Permanent HQ,1256365,2026-03-01,367379,kwh,electricity,Consolidated daily report +Utility Consumption & Power saving calculations -Mar 2026.xlsm,Consolidated Utility Readings.,11,Imported from 2026-03 consolidated utility readings
MOEHE HQ / Permanent HQ,1256365,2026-03-02,367499,kwh,electricity,Consolidated daily report +Utility Consumption & Power saving calculations -Mar 2026.xlsm,Consolidated Utility Readings.,11,Imported from 2026-03 consolidated utility readings
MOEHE HQ / Permanent HQ,1256365,2026-03-03,367629,kwh,electricity,Consolidated daily report +Utility Consumption & Power saving calculations -Mar 2026.xlsm,Consolidated Utility Readings.,11,Imported from 2026-03 consolidated utility readings
MOEHE HQ / Permanent HQ,1256365,2026-03-04,367757,kwh,electricity,Consolidated daily report +Utility Consumption & Power saving calculations -Mar 2026.xlsm,Consolidated Utility Readings.,11,Imported from 2026-03 consolidated utility readings
MOEHE HQ / Permanent HQ,1256365,2026-03-05,367874,kwh,electricity,Consolidated daily report +Utility Consumption & Power saving calculations -Mar 2026.xlsm,Consolidated Utility Readings.,11,Imported from 2026-03 consolidated utility readings
MOEHE HQ / Permanent HQ,1256365,2026-03-06,367974,kwh,electricity,Consolidated daily report +Utility Consumption & Power saving calculations -Mar 2026.xlsm,Consolidated Utility Readings.,11,Imported from 2026-03 consolidated utility readings
MOEHE HQ / Permanent HQ,1256365,2026-03-07,368075,kwh,electricity,Consolidated daily report +Utility Consumption & Power saving calculations -Mar 2026.xlsm,Consolidated Utility Readings.,11,Imported from 2026-03 consolidated utility readings
MOEHE HQ / Permanent HQ,1256365,2026-03-08,368163,kwh,electricity,Consolidated daily report +Utility Consumption & Power saving calculations -Mar 2026.xlsm,Consolidated Utility Readings.,11,Imported from 2026-03 consolidated utility readings
MOEHE HQ / Permanent HQ,1256365,2026-03-09,368292,kwh,electricity,Consolidated daily report +Utility Consumption & Power saving calculations -Mar 2026.xlsm,Consolidated Utility Readings.,11,Imported from 2026-03 consolidated utility readings
MOEHE HQ / Permanent HQ,1256365,2026-03-10,368412,kwh,electricity,Consolidated daily report +Utility Consumption & Power saving calculations -Mar 2026.xlsm,Consolidated Utility Readings.,11,Imported from 2026-03 consolidated utility readings
MOEHE HQ / Permanent HQ,1256365,2026-03-11,368527,kwh,electricity,Consolidated daily report +Utility Consumption & Power saving calculations -Mar 2026.xlsm,Consolidated Utility Readings.,11,Imported from 2026-03 consolidated utility readings
MOEHE HQ / Permanent HQ,1256365,2026-03-12,368644,kwh,electricity,Consolidated daily report +Utility Consumption & Power saving calculations -Mar 2026.xlsm,Consolidated Utility Readings.,11,Imported from 2026-03 consolidated utility readings
MOEHE HQ / Permanent HQ,1256365,2026-03-13,368744,kwh,electricity,Consolidated daily report +Utility Consumption & Power saving calculations -Mar 2026.xlsm,Consolidated Utility Readings.,11,Imported from 2026-03 consolidated utility readings
MOEHE HQ / Permanent HQ,1256365,2026-03-14,368848,kwh,electricity,Consolidated daily report +Utility Consumption & Power saving calculations -Mar 2026.xlsm,Consolidated Utility Readings.,11,Imported from 2026-03 consolidated utility readings
MOEHE HQ / Permanent HQ,1256365,2026-03-15,368951,kwh,electricity,Consolidated daily report +Utility Consumption & Power saving calculations -Mar 2026.xlsm,Consolidated Utility Readings.,11,Imported from 2026-03 consolidated utility readings
MOEHE HQ / Permanent HQ,1256365,2026-03-16,369070,kwh,electricity,Consolidated daily report +Utility Consumption & Power saving calculations -Mar 2026.xlsm,Consolidated Utility Readings.,11,Imported from 2026-03 consolidated utility readings
MOEHE HQ / Permanent HQ,1256365,2026-03-17,369188,kwh,electricity,Consolidated daily report +Utility Consumption & Power saving calculations -Mar 2026.xlsm,Consolidated Utility Readings.,11,Imported from 2026-03 consolidated utility readings
MOEHE HQ / Permanent HQ,1256365,2026-03-18,369293,kwh,electricity,Consolidated daily report +Utility Consumption & Power saving calculations -Mar 2026.xlsm,Consolidated Utility Readings.,11,Imported from 2026-03 consolidated utility readings
MOEHE HQ / Permanent HQ,1256365,2026-03-19,369372,kwh,electricity,Consolidated daily report +Utility Consumption & Power saving calculations -Mar 2026.xlsm,Consolidated Utility Readings.,11,Imported from 2026-03 consolidated utility readings
MOEHE HQ / Permanent HQ,1256365,2026-03-20,369464,kwh,electricity,Consolidated daily report +Utility Consumption & Power saving calculations -Mar 2026.xlsm,Consolidated Utility Readings.,11,Imported from 2026-03 consolidated utility readings
MOEHE HQ / Permanent HQ,1256365,2026-03-21,369586,kwh,electricity,Consolidated daily report +Utility Consumption & Power saving calculations -Mar 2026.xlsm,Consolidated Utility Readings.,11,Imported from 2026-03 consolidated utility readings
MOEHE HQ / Permanent HQ,1256365,2026-03-22,369668,kwh,electricity,Consolidated daily report +Utility Consumption & Power saving calculations -Mar 2026.xlsm,Consolidated Utility Readings.,11,Imported from 2026-03 consolidated utility readings
MOEHE HQ / Permanent HQ,1256365,2026-03-23,369789,kwh,electricity,Consolidated daily report +Utility Consumption & Power saving calculations -Mar 2026.xlsm,Consolidated Utility Readings.,11,Imported from 2026-03 consolidated utility readings
MOEHE HQ / Permanent HQ,1256365,2026-03-24,369881,kwh,electricity,Consolidated daily report +Utility Consumption & Power saving calculations -Mar 2026.xlsm,Consolidated Utility Readings.,11,Imported from 2026-03 consolidated utility readings
MOEHE HQ / Permanent HQ,1256365,2026-03-25,369983,kwh,electricity,Consolidated daily report +Utility Consumption & Power saving calculations -Mar 2026.xlsm,Consolidated Utility Readings.,11,Imported from 2026-03 consolidated utility readings
MOEHE HQ / Permanent HQ,1256365,2026-03-26,370122,kwh,electricity,Consolidated daily report +Utility Consumption & Power saving calculations -Mar 2026.xlsm,Consolidated Utility Readings.,11,Imported from 2026-03 consolidated utility readings
MOEHE HQ / Permanent HQ,1256365,2026-03-27,370255,kwh,electricity,Consolidated daily report +Utility Consumption & Power saving calculations -Mar 2026.xlsm,Consolidated Utility Readings.,11,Imported from 2026-03 consolidated utility readings
MOEHE HQ / Permanent HQ,1256365,2026-03-28,370357,kwh,electricity,Consolidated daily report +Utility Consumption & Power saving calculations -Mar 2026.xlsm,Consolidated Utility Readings.,11,Imported from 2026-03 consolidated utility readings
MOEHE HQ / Permanent HQ,1256365,2026-03-29,370475,kwh,electricity,Consolidated daily report +Utility Consumption & Power saving calculations -Mar 2026.xlsm,Consolidated Utility Readings.,11,Imported from 2026-03 consolidated utility readings
MOEHE HQ / Permanent HQ,1256365,2026-03-30,370619,kwh,electricity,Consolidated daily report +Utility Consumption & Power saving calculations -Mar 2026.xlsm,Consolidated Utility Readings.,11,Imported from 2026-03 consolidated utility readings
MOEHE HQ / Permanent HQ,1256365,2026-03-31,370758,kwh,electricity,Consolidated daily report +Utility Consumption & Power saving calculations -Mar 2026.xlsm,Consolidated Utility Readings.,11,Imported from 2026-03 consolidated utility readings
MOEHE HQ / Permanent HQ,1256365,2026-04-01,370896,kwh,electricity,Consolidated daily report +Utility Consumption & Power saving calculations -Apr 2026.xlsm,Consolidated Utility Readings.,11,Imported from 2026-04 consolidated utility readings
MOEHE HQ / Permanent HQ,1256365,2026-04-02,371035,kwh,electricity,Consolidated daily report +Utility Consumption & Power saving calculations -Apr 2026.xlsm,Consolidated Utility Readings.,11,Imported from 2026-04 consolidated utility readings
MOEHE HQ / Permanent HQ,1256365,2026-04-03,371167,kwh,electricity,Consolidated daily report +Utility Consumption & Power saving calculations -Apr 2026.xlsm,Consolidated Utility Readings.,11,Imported from 2026-04 consolidated utility readings
MOEHE HQ / Permanent HQ,1256365,2026-04-04,371274,kwh,electricity,Consolidated daily report +Utility Consumption & Power saving calculations -Apr 2026.xlsm,Consolidated Utility Readings.,11,Imported from 2026-04 consolidated utility readings
MOEHE HQ / Permanent HQ,1256365,2026-04-05,371387,kwh,electricity,Consolidated daily report +Utility Consumption & Power saving calculations -Apr 2026.xlsm,Consolidated Utility Readings.,11,Imported from 2026-04 consolidated utility readings
MOEHE HQ / Permanent HQ,1256365,2026-04-06,371523,kwh,electricity,Consolidated daily report +Utility Consumption & Power saving calculations -Apr 2026.xlsm,Consolidated Utility Readings.,11,Imported from 2026-04 consolidated utility readings
MOEHE HQ / Permanent HQ,1256365,2026-04-07,371658,kwh,electricity,Consolidated daily report +Utility Consumption & Power saving calculations -Apr 2026.xlsm,Consolidated Utility Readings.,11,Imported from 2026-04 consolidated utility readings
MOEHE HQ / Permanent HQ,1256365,2026-04-08,371791,kwh,electricity,Consolidated daily report +Utility Consumption & Power saving calculations -Apr 2026.xlsm,Consolidated Utility Readings.,11,Imported from 2026-04 consolidated utility readings
MOEHE HQ / Permanent HQ,1256365,2026-04-09,371921,kwh,electricity,Consolidated daily report +Utility Consumption & Power saving calculations -Apr 2026.xlsm,Consolidated Utility Readings.,11,Imported from 2026-04 consolidated utility readings
MOEHE HQ / Permanent HQ,1256365,2026-04-10,372049,kwh,electricity,Consolidated daily report +Utility Consumption & Power saving calculations -Apr 2026.xlsm,Consolidated Utility Readings.,11,Imported from 2026-04 consolidated utility readings
MOEHE HQ / Permanent HQ,1256365,2026-04-11,372143,kwh,electricity,Consolidated daily report +Utility Consumption & Power saving calculations -Apr 2026.xlsm,Consolidated Utility Readings.,11,Imported from 2026-04 consolidated utility readings
MOEHE HQ / Permanent HQ,1256365,2026-04-12,372249,kwh,electricity,Consolidated daily report +Utility Consumption & Power saving calculations -Apr 2026.xlsm,Consolidated Utility Readings.,11,Imported from 2026-04 consolidated utility readings
MOEHE HQ / Permanent HQ,1256365,2026-04-13,372380,kwh,electricity,Consolidated daily report +Utility Consumption & Power saving calculations -Apr 2026.xlsm,Consolidated Utility Readings.,11,Imported from 2026-04 consolidated utility readings
MOEHE HQ / Permanent HQ,1256365,2026-04-14,372512,kwh,electricity,Consolidated daily report +Utility Consumption & Power saving calculations -Apr 2026.xlsm,Consolidated Utility Readings.,11,Imported from 2026-04 consolidated utility readings
MOEHE HQ / Permanent HQ,1256365,2026-04-15,372641,kwh,electricity,Consolidated daily report +Utility Consumption & Power saving calculations -Apr 2026.xlsm,Consolidated Utility Readings.,11,Imported from 2026-04 consolidated utility readings
MOEHE HQ / Permanent HQ,1256365,2026-04-16,372769,kwh,electricity,Consolidated daily report +Utility Consumption & Power saving calculations -Apr 2026.xlsm,Consolidated Utility Readings.,11,Imported from 2026-04 consolidated utility readings
MOEHE HQ / Permanent HQ,1256365,2026-04-17,372890,kwh,electricity,Consolidated daily report +Utility Consumption & Power saving calculations -Apr 2026.xlsm,Consolidated Utility Readings.,11,Imported from 2026-04 consolidated utility readings
MOEHE HQ / Permanent HQ,1256365,2026-04-18,372982,kwh,electricity,Consolidated daily report +Utility Consumption & Power saving calculations -Apr 2026.xlsm,Consolidated Utility Readings.,11,Imported from 2026-04 consolidated utility readings
MOEHE HQ / Permanent HQ,1256365,2026-04-19,373087,kwh,electricity,Consolidated daily report +Utility Consumption & Power saving calculations -Apr 2026.xlsm,Consolidated Utility Readings.,11,Imported from 2026-04 consolidated utility readings
MOEHE HQ / Permanent HQ,1256365,2026-04-20,373221,kwh,electricity,Consolidated daily report +Utility Consumption & Power saving calculations -Apr 2026.xlsm,Consolidated Utility Readings.,11,Imported from 2026-04 consolidated utility readings
MOEHE HQ / Permanent HQ,1256365,2026-04-21,373353,kwh,electricity,Consolidated daily report +Utility Consumption & Power saving calculations -Apr 2026.xlsm,Consolidated Utility Readings.,11,Imported from 2026-04 consolidated utility readings
MOEHE HQ / Permanent HQ,1256365,2026-04-22,373489,kwh,electricity,Consolidated daily report +Utility Consumption & Power saving calculations -Apr 2026.xlsm,Consolidated Utility Readings.,11,Imported from 2026-04 consolidated utility readings
MOEHE HQ / Permanent HQ,1256365,2026-04-23,373623,kwh,electricity,Consolidated daily report +Utility Consumption & Power saving calculations -Apr 2026.xlsm,Consolidated Utility Readings.,11,Imported from 2026-04 consolidated utility readings
MOEHE HQ / Permanent HQ,1256365,2026-04-24,373753,kwh,electricity,Consolidated daily report +Utility Consumption & Power saving calculations -Apr 2026.xlsm,Consolidated Utility Readings.,11,Imported from 2026-04 consolidated utility readings
MOEHE HQ / Permanent HQ,1256365,2026-04-25,373850,kwh,electricity,Consolidated daily report +Utility Consumption & Power saving calculations -Apr 2026.xlsm,Consolidated Utility Readings.,11,Imported from 2026-04 consolidated utility readings
MOEHE HQ / Permanent HQ,1256365,2026-04-26,373960,kwh,electricity,Consolidated daily report +Utility Consumption & Power saving calculations -Apr 2026.xlsm,Consolidated Utility Readings.,11,Imported from 2026-04 consolidated utility readings
MOEHE HQ / Permanent HQ,1256365,2026-04-27,374093,kwh,electricity,Consolidated daily report +Utility Consumption & Power saving calculations -Apr 2026.xlsm,Consolidated Utility Readings.,11,Imported from 2026-04 consolidated utility readings
MOEHE HQ / Permanent HQ,1256365,2026-04-28,374228,kwh,electricity,Consolidated daily report +Utility Consumption & Power saving calculations -Apr 2026.xlsm,Consolidated Utility Readings.,11,Imported from 2026-04 consolidated utility readings
MOEHE HQ / Permanent HQ,1256365,2026-04-29,374365,kwh,electricity,Consolidated daily report +Utility Consumption & Power saving calculations -Apr 2026.xlsm,Consolidated Utility Readings.,11,Imported from 2026-04 consolidated utility readings
MOEHE HQ / Permanent HQ,1256365,2026-04-30,374501,kwh,electricity,Consolidated daily report +Utility Consumption & Power saving calculations -Apr 2026.xlsm,Consolidated Utility Readings.,11,Imported from 2026-04 consolidated utility readings
MOEHE HQ / Permanent HQ,1256365,2026-05-01,374623,kwh,electricity,Consolidated daily report +Utility Consumption & Power saving calculations -May 2026.xlsm,Consolidated Utility Readings.,11,Imported from 2026-05 consolidated utility readings
MOEHE HQ / Permanent HQ,1256365,2026-05-02,374707,kwh,electricity,Consolidated daily report +Utility Consumption & Power saving calculations -May 2026.xlsm,Consolidated Utility Readings.,11,Imported from 2026-05 consolidated utility readings
MOEHE HQ / Permanent HQ,1256365,2026-05-03,374809,kwh,electricity,Consolidated daily report +Utility Consumption & Power saving calculations -May 2026.xlsm,Consolidated Utility Readings.,11,Imported from 2026-05 consolidated utility readings
MOEHE HQ / Permanent HQ,1256365,2026-05-04,374948,kwh,electricity,Consolidated daily report +Utility Consumption & Power saving calculations -May 2026.xlsm,Consolidated Utility Readings.,11,Imported from 2026-05 consolidated utility readings
MOEHE HQ / Permanent HQ,1256365,2026-05-05,375073,kwh,electricity,Consolidated daily report +Utility Consumption & Power saving calculations -May 2026.xlsm,Consolidated Utility Readings.,11,Imported from 2026-05 consolidated utility readings
MOEHE HQ / Permanent HQ,1256365,2026-05-06,375219,kwh,electricity,Consolidated daily report +Utility Consumption & Power saving calculations -May 2026.xlsm,Consolidated Utility Readings.,11,Imported from 2026-05 consolidated utility readings
MOEHE HQ / Permanent HQ,1256365,2026-05-07,375356,kwh,electricity,Consolidated daily report +Utility Consumption & Power saving calculations -May 2026.xlsm,Consolidated Utility Readings.,11,Imported from 2026-05 consolidated utility readings
MOEHE HQ / Permanent HQ,1256365,2026-05-08,375485,kwh,electricity,Consolidated daily report +Utility Consumption & Power saving calculations -May 2026.xlsm,Consolidated Utility Readings.,11,Imported from 2026-05 consolidated utility readings
MOEHE HQ / Permanent HQ,1256365,2026-05-09,375587,kwh,electricity,Consolidated daily report +Utility Consumption & Power saving calculations -May 2026.xlsm,Consolidated Utility Readings.,11,Imported from 2026-05 consolidated utility readings
MOEHE HQ / Permanent HQ,1256365,2026-05-10,375701,kwh,electricity,Consolidated daily report +Utility Consumption & Power saving calculations -May 2026.xlsm,Consolidated Utility Readings.,11,Imported from 2026-05 consolidated utility readings
MOEHE HQ / Permanent HQ,1256365,2026-05-11,375837,kwh,electricity,Consolidated daily report +Utility Consumption & Power saving calculations -May 2026.xlsm,Consolidated Utility Readings.,11,Imported from 2026-05 consolidated utility readings
MOEHE HQ / Permanent HQ,1256365,2026-05-12,375976,kwh,electricity,Consolidated daily report +Utility Consumption & Power saving calculations -May 2026.xlsm,Consolidated Utility Readings.,11,Imported from 2026-05 consolidated utility readings
MOEHE HQ / Permanent HQ,1256365,2026-05-13,376108,kwh,electricity,Consolidated daily report +Utility Consumption & Power saving calculations -May 2026.xlsm,Consolidated Utility Readings.,11,Imported from 2026-05 consolidated utility readings
MOEHE HQ / Permanent HQ,1256365,2026-05-14,376243,kwh,electricity,Consolidated daily report +Utility Consumption & Power saving calculations -May 2026.xlsm,Consolidated Utility Readings.,11,Imported from 2026-05 consolidated utility readings
MOEHE HQ / Permanent HQ,1256365,2026-05-15,376366,kwh,electricity,Consolidated daily report +Utility Consumption & Power saving calculations -May 2026.xlsm,Consolidated Utility Readings.,11,Imported from 2026-05 consolidated utility readings
MOEHE HQ / Permanent HQ,1256365,2026-05-16,376470,kwh,electricity,Consolidated daily report +Utility Consumption & Power saving calculations -May 2026.xlsm,Consolidated Utility Readings.,11,Imported from 2026-05 consolidated utility readings
MOEHE HQ / Permanent HQ,1256365,2026-05-17,376578,kwh,electricity,Consolidated daily report +Utility Consumption & Power saving calculations -May 2026.xlsm,Consolidated Utility Readings.,11,Imported from 2026-05 consolidated utility readings
MOEHE HQ / Permanent HQ,1256365,2026-05-18,376714,kwh,electricity,Consolidated daily report +Utility Consumption & Power saving calculations -May 2026.xlsm,Consolidated Utility Readings.,11,Imported from 2026-05 consolidated utility readings
MOEHE HQ / Permanent HQ,1256365,2026-05-19,376842,kwh,electricity,Consolidated daily report +Utility Consumption & Power saving calculations -May 2026.xlsm,Consolidated Utility Readings.,11,Imported from 2026-05 consolidated utility readings
MOEHE HQ / Permanent HQ,1256365,2026-05-20,376975,kwh,electricity,Consolidated daily report +Utility Consumption & Power saving calculations -May 2026.xlsm,Consolidated Utility Readings.,11,Imported from 2026-05 consolidated utility readings
MOEHE HQ / Permanent HQ,1256365,2026-05-21,377100,kwh,electricity,Consolidated daily report +Utility Consumption & Power saving calculations -May 2026.xlsm,Consolidated Utility Readings.,11,Imported from 2026-05 consolidated utility readings
MOEHE HQ / Permanent HQ,1256365,2026-05-22,377127,kwh,electricity,Consolidated daily report +Utility Consumption & Power saving calculations -May 2026.xlsm,Consolidated Utility Readings.,11,Imported from 2026-05 consolidated utility readings
MOEHE HQ / Permanent HQ,1256365,2026-05-23,377314,kwh,electricity,Consolidated daily report +Utility Consumption & Power saving calculations -May 2026.xlsm,Consolidated Utility Readings.,11,Imported from 2026-05 consolidated utility readings
MOEHE HQ / Permanent HQ,1256365,2026-05-24,377418,kwh,electricity,Consolidated daily report +Utility Consumption & Power saving calculations -May 2026.xlsm,Consolidated Utility Readings.,11,Imported from 2026-05 consolidated utility readings
MOEHE HQ / Permanent HQ,1256365,2026-05-25,377537,kwh,electricity,Consolidated daily report +Utility Consumption & Power saving calculations -May 2026.xlsm,Consolidated Utility Readings.,11,Imported from 2026-05 consolidated utility readings
MOEHE HQ / Permanent HQ,1256365,2026-05-26,377661,kwh,electricity,Consolidated daily report +Utility Consumption & Power saving calculations -May 2026.xlsm,Consolidated Utility Readings.,11,Imported from 2026-05 consolidated utility readings
MOEHE HQ / Permanent HQ,1256365,2026-05-27,377776,kwh,electricity,Consolidated daily report +Utility Consumption & Power saving calculations -May 2026.xlsm,Consolidated Utility Readings.,11,Imported from 2026-05 consolidated utility readings
MOEHE HQ / Permanent HQ,1256365,2026-05-28,377882,kwh,electricity,Consolidated daily report +Utility Consumption & Power saving calculations -May 2026.xlsm,Consolidated Utility Readings.,11,Imported from 2026-05 consolidated utility readings
MOEHE HQ / Permanent HQ,1256365,2026-05-29,377985,kwh,electricity,Consolidated daily report +Utility Consumption & Power saving calculations -May 2026.xlsm,Consolidated Utility Readings.,11,Imported from 2026-05 consolidated utility readings
MOEHE HQ / Permanent HQ,1256365,2026-05-30,378073,kwh,electricity,Consolidated daily report +Utility Consumption & Power saving calculations -May 2026.xlsm,Consolidated Utility Readings.,11,Imported from 2026-05 consolidated utility readings
MOEHE HQ / Permanent HQ,1256365,2026-05-31,378161,kwh,electricity,Consolidated daily report +Utility Consumption & Power saving calculations -May 2026.xlsm,Consolidated Utility Readings.,11,Imported from 2026-05 consolidated utility readings
MOEHE HQ / Permanent HQ,1545002323,2026-03-01,269215,m3,water,Consolidated daily report +Utility Consumption & Power saving calculations -Mar 2026.xlsm,Consolidated Utility Readings.,22,Imported from 2026-03 consolidated utility readings
MOEHE HQ / Permanent HQ,1545002323,2026-03-02,269256,m3,water,Consolidated daily report +Utility Consumption & Power saving calculations -Mar 2026.xlsm,Consolidated Utility Readings.,22,Imported from 2026-03 consolidated utility readings
MOEHE HQ / Permanent HQ,1545002323,2026-03-03,269256,m3,water,Consolidated daily report +Utility Consumption & Power saving calculations -Mar 2026.xlsm,Consolidated Utility Readings.,22,Imported from 2026-03 consolidated utility readings
MOEHE HQ / Permanent HQ,1545002323,2026-03-04,269335,m3,water,Consolidated daily report +Utility Consumption & Power saving calculations -Mar 2026.xlsm,Consolidated Utility Readings.,22,Imported from 2026-03 consolidated utility readings
MOEHE HQ / Permanent HQ,1545002323,2026-03-05,269371,m3,water,Consolidated daily report +Utility Consumption & Power saving calculations -Mar 2026.xlsm,Consolidated Utility Readings.,22,Imported from 2026-03 consolidated utility readings
MOEHE HQ / Permanent HQ,1545002323,2026-03-06,269428,m3,water,Consolidated daily report +Utility Consumption & Power saving calculations -Mar 2026.xlsm,Consolidated Utility Readings.,22,Imported from 2026-03 consolidated utility readings
MOEHE HQ / Permanent HQ,1545002323,2026-03-07,269449,m3,water,Consolidated daily report +Utility Consumption & Power saving calculations -Mar 2026.xlsm,Consolidated Utility Readings.,22,Imported from 2026-03 consolidated utility readings
MOEHE HQ / Permanent HQ,1545002323,2026-03-08,269485,m3,water,Consolidated daily report +Utility Consumption & Power saving calculations -Mar 2026.xlsm,Consolidated Utility Readings.,22,Imported from 2026-03 consolidated utility readings
MOEHE HQ / Permanent HQ,1545002323,2026-03-09,269532,m3,water,Consolidated daily report +Utility Consumption & Power saving calculations -Mar 2026.xlsm,Consolidated Utility Readings.,22,Imported from 2026-03 consolidated utility readings
MOEHE HQ / Permanent HQ,1545002323,2026-03-10,269532,m3,water,Consolidated daily report +Utility Consumption & Power saving calculations -Mar 2026.xlsm,Consolidated Utility Readings.,22,Imported from 2026-03 consolidated utility readings
MOEHE HQ / Permanent HQ,1545002323,2026-03-11,269648,m3,water,Consolidated daily report +Utility Consumption & Power saving calculations -Mar 2026.xlsm,Consolidated Utility Readings.,22,Imported from 2026-03 consolidated utility readings
MOEHE HQ / Permanent HQ,1545002323,2026-03-12,269701,m3,water,Consolidated daily report +Utility Consumption & Power saving calculations -Mar 2026.xlsm,Consolidated Utility Readings.,22,Imported from 2026-03 consolidated utility readings
MOEHE HQ / Permanent HQ,1545002323,2026-03-13,269778,m3,water,Consolidated daily report +Utility Consumption & Power saving calculations -Mar 2026.xlsm,Consolidated Utility Readings.,22,Imported from 2026-03 consolidated utility readings
MOEHE HQ / Permanent HQ,1545002323,2026-03-14,269806,m3,water,Consolidated daily report +Utility Consumption & Power saving calculations -Mar 2026.xlsm,Consolidated Utility Readings.,22,Imported from 2026-03 consolidated utility readings
MOEHE HQ / Permanent HQ,1545002323,2026-03-15,269861,m3,water,Consolidated daily report +Utility Consumption & Power saving calculations -Mar 2026.xlsm,Consolidated Utility Readings.,22,Imported from 2026-03 consolidated utility readings
MOEHE HQ / Permanent HQ,1545002323,2026-03-16,269914,m3,water,Consolidated daily report +Utility Consumption & Power saving calculations -Mar 2026.xlsm,Consolidated Utility Readings.,22,Imported from 2026-03 consolidated utility readings
MOEHE HQ / Permanent HQ,1545002323,2026-03-17,269973,m3,water,Consolidated daily report +Utility Consumption & Power saving calculations -Mar 2026.xlsm,Consolidated Utility Readings.,22,Imported from 2026-03 consolidated utility readings
MOEHE HQ / Permanent HQ,1545002323,2026-03-18,270031,m3,water,Consolidated daily report +Utility Consumption & Power saving calculations -Mar 2026.xlsm,Consolidated Utility Readings.,22,Imported from 2026-03 consolidated utility readings
MOEHE HQ / Permanent HQ,1545002323,2026-03-19,270082,m3,water,Consolidated daily report +Utility Consumption & Power saving calculations -Mar 2026.xlsm,Consolidated Utility Readings.,22,Imported from 2026-03 consolidated utility readings
MOEHE HQ / Permanent HQ,1545002323,2026-03-20,270082,m3,water,Consolidated daily report +Utility Consumption & Power saving calculations -Mar 2026.xlsm,Consolidated Utility Readings.,22,Imported from 2026-03 consolidated utility readings
MOEHE HQ / Permanent HQ,1545002323,2026-03-21,270082,m3,water,Consolidated daily report +Utility Consumption & Power saving calculations -Mar 2026.xlsm,Consolidated Utility Readings.,22,Imported from 2026-03 consolidated utility readings
MOEHE HQ / Permanent HQ,1545002323,2026-03-22,270082,m3,water,Consolidated daily report +Utility Consumption & Power saving calculations -Mar 2026.xlsm,Consolidated Utility Readings.,22,Imported from 2026-03 consolidated utility readings
MOEHE HQ / Permanent HQ,1545002323,2026-03-23,270346,m3,water,Consolidated daily report +Utility Consumption & Power saving calculations -Mar 2026.xlsm,Consolidated Utility Readings.,22,Imported from 2026-03 consolidated utility readings
MOEHE HQ / Permanent HQ,1545002323,2026-03-24,270364,m3,water,Consolidated daily report +Utility Consumption & Power saving calculations -Mar 2026.xlsm,Consolidated Utility Readings.,22,Imported from 2026-03 consolidated utility readings
MOEHE HQ / Permanent HQ,1545002323,2026-03-25,270419,m3,water,Consolidated daily report +Utility Consumption & Power saving calculations -Mar 2026.xlsm,Consolidated Utility Readings.,22,Imported from 2026-03 consolidated utility readings
MOEHE HQ / Permanent HQ,1545002323,2026-03-26,270489,m3,water,Consolidated daily report +Utility Consumption & Power saving calculations -Mar 2026.xlsm,Consolidated Utility Readings.,22,Imported from 2026-03 consolidated utility readings
MOEHE HQ / Permanent HQ,1545002323,2026-03-27,270585,m3,water,Consolidated daily report +Utility Consumption & Power saving calculations -Mar 2026.xlsm,Consolidated Utility Readings.,22,Imported from 2026-03 consolidated utility readings
MOEHE HQ / Permanent HQ,1545002323,2026-03-28,270589,m3,water,Consolidated daily report +Utility Consumption & Power saving calculations -Mar 2026.xlsm,Consolidated Utility Readings.,22,Imported from 2026-03 consolidated utility readings
MOEHE HQ / Permanent HQ,1545002323,2026-03-29,270726,m3,water,Consolidated daily report +Utility Consumption & Power saving calculations -Mar 2026.xlsm,Consolidated Utility Readings.,22,Imported from 2026-03 consolidated utility readings
MOEHE HQ / Permanent HQ,1545002323,2026-03-30,270783,m3,water,Consolidated daily report +Utility Consumption & Power saving calculations -Mar 2026.xlsm,Consolidated Utility Readings.,22,Imported from 2026-03 consolidated utility readings
MOEHE HQ / Permanent HQ,1545002323,2026-03-31,270836,m3,water,Consolidated daily report +Utility Consumption & Power saving calculations -Mar 2026.xlsm,Consolidated Utility Readings.,22,Imported from 2026-03 consolidated utility readings
MOEHE HQ / Permanent HQ,1545002323,2026-04-01,270836,m3,water,Consolidated daily report +Utility Consumption & Power saving calculations -Apr 2026.xlsm,Consolidated Utility Readings.,22,Imported from 2026-04 consolidated utility readings
MOEHE HQ / Permanent HQ,1545002323,2026-04-02,270942,m3,water,Consolidated daily report +Utility Consumption & Power saving calculations -Apr 2026.xlsm,Consolidated Utility Readings.,22,Imported from 2026-04 consolidated utility readings
MOEHE HQ / Permanent HQ,1545002323,2026-04-03,271011,m3,water,Consolidated daily report +Utility Consumption & Power saving calculations -Apr 2026.xlsm,Consolidated Utility Readings.,22,Imported from 2026-04 consolidated utility readings
MOEHE HQ / Permanent HQ,1545002323,2026-04-04,271048,m3,water,Consolidated daily report +Utility Consumption & Power saving calculations -Apr 2026.xlsm,Consolidated Utility Readings.,22,Imported from 2026-04 consolidated utility readings
MOEHE HQ / Permanent HQ,1545002323,2026-04-05,271089,m3,water,Consolidated daily report +Utility Consumption & Power saving calculations -Apr 2026.xlsm,Consolidated Utility Readings.,22,Imported from 2026-04 consolidated utility readings
MOEHE HQ / Permanent HQ,1545002323,2026-04-06,271151,m3,water,Consolidated daily report +Utility Consumption & Power saving calculations -Apr 2026.xlsm,Consolidated Utility Readings.,22,Imported from 2026-04 consolidated utility readings
MOEHE HQ / Permanent HQ,1545002323,2026-04-07,271207,m3,water,Consolidated daily report +Utility Consumption & Power saving calculations -Apr 2026.xlsm,Consolidated Utility Readings.,22,Imported from 2026-04 consolidated utility readings
MOEHE HQ / Permanent HQ,1545002323,2026-04-08,271273,m3,water,Consolidated daily report +Utility Consumption & Power saving calculations -Apr 2026.xlsm,Consolidated Utility Readings.,22,Imported from 2026-04 consolidated utility readings
MOEHE HQ / Permanent HQ,1545002323,2026-04-09,271331,m3,water,Consolidated daily report +Utility Consumption & Power saving calculations -Apr 2026.xlsm,Consolidated Utility Readings.,22,Imported from 2026-04 consolidated utility readings
MOEHE HQ / Permanent HQ,1545002323,2026-04-10,271412,m3,water,Consolidated daily report +Utility Consumption & Power saving calculations -Apr 2026.xlsm,Consolidated Utility Readings.,22,Imported from 2026-04 consolidated utility readings
MOEHE HQ / Permanent HQ,1545002323,2026-04-11,271452,m3,water,Consolidated daily report +Utility Consumption & Power saving calculations -Apr 2026.xlsm,Consolidated Utility Readings.,22,Imported from 2026-04 consolidated utility readings
MOEHE HQ / Permanent HQ,1545002323,2026-04-12,271506,m3,water,Consolidated daily report +Utility Consumption & Power saving calculations -Apr 2026.xlsm,Consolidated Utility Readings.,22,Imported from 2026-04 consolidated utility readings
MOEHE HQ / Permanent HQ,1545002323,2026-04-13,271564,m3,water,Consolidated daily report +Utility Consumption & Power saving calculations -Apr 2026.xlsm,Consolidated Utility Readings.,22,Imported from 2026-04 consolidated utility readings
MOEHE HQ / Permanent HQ,1545002323,2026-04-14,271638,m3,water,Consolidated daily report +Utility Consumption & Power saving calculations -Apr 2026.xlsm,Consolidated Utility Readings.,22,Imported from 2026-04 consolidated utility readings
MOEHE HQ / Permanent HQ,1545002323,2026-04-15,271693,m3,water,Consolidated daily report +Utility Consumption & Power saving calculations -Apr 2026.xlsm,Consolidated Utility Readings.,22,Imported from 2026-04 consolidated utility readings
MOEHE HQ / Permanent HQ,1545002323,2026-04-16,271765,m3,water,Consolidated daily report +Utility Consumption & Power saving calculations -Apr 2026.xlsm,Consolidated Utility Readings.,22,Imported from 2026-04 consolidated utility readings
MOEHE HQ / Permanent HQ,1545002323,2026-04-17,271845,m3,water,Consolidated daily report +Utility Consumption & Power saving calculations -Apr 2026.xlsm,Consolidated Utility Readings.,22,Imported from 2026-04 consolidated utility readings
MOEHE HQ / Permanent HQ,1545002323,2026-04-18,271923,m3,water,Consolidated daily report +Utility Consumption & Power saving calculations -Apr 2026.xlsm,Consolidated Utility Readings.,22,Imported from 2026-04 consolidated utility readings
MOEHE HQ / Permanent HQ,1545002323,2026-04-19,271974,m3,water,Consolidated daily report +Utility Consumption & Power saving calculations -Apr 2026.xlsm,Consolidated Utility Readings.,22,Imported from 2026-04 consolidated utility readings
MOEHE HQ / Permanent HQ,1545002323,2026-04-20,271974,m3,water,Consolidated daily report +Utility Consumption & Power saving calculations -Apr 2026.xlsm,Consolidated Utility Readings.,22,Imported from 2026-04 consolidated utility readings
MOEHE HQ / Permanent HQ,1545002323,2026-04-21,272108,m3,water,Consolidated daily report +Utility Consumption & Power saving calculations -Apr 2026.xlsm,Consolidated Utility Readings.,22,Imported from 2026-04 consolidated utility readings
MOEHE HQ / Permanent HQ,1545002323,2026-04-22,272173,m3,water,Consolidated daily report +Utility Consumption & Power saving calculations -Apr 2026.xlsm,Consolidated Utility Readings.,22,Imported from 2026-04 consolidated utility readings
MOEHE HQ / Permanent HQ,1545002323,2026-04-23,272252,m3,water,Consolidated daily report +Utility Consumption & Power saving calculations -Apr 2026.xlsm,Consolidated Utility Readings.,22,Imported from 2026-04 consolidated utility readings
MOEHE HQ / Permanent HQ,1545002323,2026-04-24,272351,m3,water,Consolidated daily report +Utility Consumption & Power saving calculations -Apr 2026.xlsm,Consolidated Utility Readings.,22,Imported from 2026-04 consolidated utility readings
MOEHE HQ / Permanent HQ,1545002323,2026-04-25,272392,m3,water,Consolidated daily report +Utility Consumption & Power saving calculations -Apr 2026.xlsm,Consolidated Utility Readings.,22,Imported from 2026-04 consolidated utility readings
MOEHE HQ / Permanent HQ,1545002323,2026-04-26,272462,m3,water,Consolidated daily report +Utility Consumption & Power saving calculations -Apr 2026.xlsm,Consolidated Utility Readings.,22,Imported from 2026-04 consolidated utility readings
MOEHE HQ / Permanent HQ,1545002323,2026-04-27,272528,m3,water,Consolidated daily report +Utility Consumption & Power saving calculations -Apr 2026.xlsm,Consolidated Utility Readings.,22,Imported from 2026-04 consolidated utility readings
MOEHE HQ / Permanent HQ,1545002323,2026-04-28,272604,m3,water,Consolidated daily report +Utility Consumption & Power saving calculations -Apr 2026.xlsm,Consolidated Utility Readings.,22,Imported from 2026-04 consolidated utility readings
MOEHE HQ / Permanent HQ,1545002323,2026-04-29,272691,m3,water,Consolidated daily report +Utility Consumption & Power saving calculations -Apr 2026.xlsm,Consolidated Utility Readings.,22,Imported from 2026-04 consolidated utility readings
MOEHE HQ / Permanent HQ,1545002323,2026-04-30,272782,m3,water,Consolidated daily report +Utility Consumption & Power saving calculations -Apr 2026.xlsm,Consolidated Utility Readings.,22,Imported from 2026-04 consolidated utility readings
MOEHE HQ / Permanent HQ,1545002323,2026-05-01,272890,m3,water,Consolidated daily report +Utility Consumption & Power saving calculations -May 2026.xlsm,Consolidated Utility Readings.,22,Imported from 2026-05 consolidated utility readings
MOEHE HQ / Permanent HQ,1545002323,2026-05-02,272933,m3,water,Consolidated daily report +Utility Consumption & Power saving calculations -May 2026.xlsm,Consolidated Utility Readings.,22,Imported from 2026-05 consolidated utility readings
MOEHE HQ / Permanent HQ,1545002323,2026-05-03,273006,m3,water,Consolidated daily report +Utility Consumption & Power saving calculations -May 2026.xlsm,Consolidated Utility Readings.,22,Imported from 2026-05 consolidated utility readings
MOEHE HQ / Permanent HQ,1545002323,2026-05-04,273105,m3,water,Consolidated daily report +Utility Consumption & Power saving calculations -May 2026.xlsm,Consolidated Utility Readings.,22,Imported from 2026-05 consolidated utility readings
MOEHE HQ / Permanent HQ,1545002323,2026-05-05,273203,m3,water,Consolidated daily report +Utility Consumption & Power saving calculations -May 2026.xlsm,Consolidated Utility Readings.,22,Imported from 2026-05 consolidated utility readings
MOEHE HQ / Permanent HQ,1545002323,2026-05-06,273203,m3,water,Consolidated daily report +Utility Consumption & Power saving calculations -May 2026.xlsm,Consolidated Utility Readings.,22,Imported from 2026-05 consolidated utility readings
MOEHE HQ / Permanent HQ,1545002323,2026-05-07,273306,m3,water,Consolidated daily report +Utility Consumption & Power saving calculations -May 2026.xlsm,Consolidated Utility Readings.,22,Imported from 2026-05 consolidated utility readings
MOEHE HQ / Permanent HQ,1545002323,2026-05-08,273306,m3,water,Consolidated daily report +Utility Consumption & Power saving calculations -May 2026.xlsm,Consolidated Utility Readings.,22,Imported from 2026-05 consolidated utility readings
MOEHE HQ / Permanent HQ,1545002323,2026-05-09,273586,m3,water,Consolidated daily report +Utility Consumption & Power saving calculations -May 2026.xlsm,Consolidated Utility Readings.,22,Imported from 2026-05 consolidated utility readings
MOEHE HQ / Permanent HQ,1545002323,2026-05-10,273666,m3,water,Consolidated daily report +Utility Consumption & Power saving calculations -May 2026.xlsm,Consolidated Utility Readings.,22,Imported from 2026-05 consolidated utility readings
MOEHE HQ / Permanent HQ,1545002323,2026-05-11,273757,m3,water,Consolidated daily report +Utility Consumption & Power saving calculations -May 2026.xlsm,Consolidated Utility Readings.,22,Imported from 2026-05 consolidated utility readings
MOEHE HQ / Permanent HQ,1545002323,2026-05-12,273845,m3,water,Consolidated daily report +Utility Consumption & Power saving calculations -May 2026.xlsm,Consolidated Utility Readings.,22,Imported from 2026-05 consolidated utility readings
MOEHE HQ / Permanent HQ,1545002323,2026-05-13,273912,m3,water,Consolidated daily report +Utility Consumption & Power saving calculations -May 2026.xlsm,Consolidated Utility Readings.,22,Imported from 2026-05 consolidated utility readings
MOEHE HQ / Permanent HQ,1545002323,2026-05-14,273949,m3,water,Consolidated daily report +Utility Consumption & Power saving calculations -May 2026.xlsm,Consolidated Utility Readings.,22,Imported from 2026-05 consolidated utility readings
MOEHE HQ / Permanent HQ,1545002323,2026-05-15,274178,m3,water,Consolidated daily report +Utility Consumption & Power saving calculations -May 2026.xlsm,Consolidated Utility Readings.,22,Imported from 2026-05 consolidated utility readings
MOEHE HQ / Permanent HQ,1545002323,2026-05-16,274178,m3,water,Consolidated daily report +Utility Consumption & Power saving calculations -May 2026.xlsm,Consolidated Utility Readings.,22,Imported from 2026-05 consolidated utility readings
MOEHE HQ / Permanent HQ,1545002323,2026-05-17,274178,m3,water,Consolidated daily report +Utility Consumption & Power saving calculations -May 2026.xlsm,Consolidated Utility Readings.,22,Imported from 2026-05 consolidated utility readings
MOEHE HQ / Permanent HQ,1545002323,2026-05-18,274398,m3,water,Consolidated daily report +Utility Consumption & Power saving calculations -May 2026.xlsm,Consolidated Utility Readings.,22,Imported from 2026-05 consolidated utility readings
MOEHE HQ / Permanent HQ,1545002323,2026-05-19,274613,m3,water,Consolidated daily report +Utility Consumption & Power saving calculations -May 2026.xlsm,Consolidated Utility Readings.,22,Imported from 2026-05 consolidated utility readings
MOEHE HQ / Permanent HQ,1545002323,2026-05-20,274618,m3,water,Consolidated daily report +Utility Consumption & Power saving calculations -May 2026.xlsm,Consolidated Utility Readings.,22,Imported from 2026-05 consolidated utility readings
MOEHE HQ / Permanent HQ,1545002323,2026-05-21,274716,m3,water,Consolidated daily report +Utility Consumption & Power saving calculations -May 2026.xlsm,Consolidated Utility Readings.,22,Imported from 2026-05 consolidated utility readings
MOEHE HQ / Permanent HQ,1545002323,2026-05-22,274716,m3,water,Consolidated daily report +Utility Consumption & Power saving calculations -May 2026.xlsm,Consolidated Utility Readings.,22,Imported from 2026-05 consolidated utility readings
MOEHE HQ / Permanent HQ,1545002323,2026-05-23,274716,m3,water,Consolidated daily report +Utility Consumption & Power saving calculations -May 2026.xlsm,Consolidated Utility Readings.,22,Imported from 2026-05 consolidated utility readings
MOEHE HQ / Permanent HQ,1545002323,2026-05-24,274969,m3,water,Consolidated daily report +Utility Consumption & Power saving calculations -May 2026.xlsm,Consolidated Utility Readings.,22,Imported from 2026-05 consolidated utility readings
MOEHE HQ / Permanent HQ,1545002323,2026-05-25,275072,m3,water,Consolidated daily report +Utility Consumption & Power saving calculations -May 2026.xlsm,Consolidated Utility Readings.,22,Imported from 2026-05 consolidated utility readings
MOEHE HQ / Permanent HQ,1545002323,2026-05-26,275159,m3,water,Consolidated daily report +Utility Consumption & Power saving calculations -May 2026.xlsm,Consolidated Utility Readings.,22,Imported from 2026-05 consolidated utility readings
MOEHE HQ / Permanent HQ,1545002323,2026-05-27,275159,m3,water,Consolidated daily report +Utility Consumption & Power saving calculations -May 2026.xlsm,Consolidated Utility Readings.,22,Imported from 2026-05 consolidated utility readings
MOEHE HQ / Permanent HQ,1545002323,2026-05-28,275159,m3,water,Consolidated daily report +Utility Consumption & Power saving calculations -May 2026.xlsm,Consolidated Utility Readings.,22,Imported from 2026-05 consolidated utility readings
MOEHE HQ / Permanent HQ,1545002323,2026-05-29,275159,m3,water,Consolidated daily report +Utility Consumption & Power saving calculations -May 2026.xlsm,Consolidated Utility Readings.,22,Imported from 2026-05 consolidated utility readings
MOEHE HQ / Permanent HQ,1545002323,2026-05-30,275159,m3,water,Consolidated daily report +Utility Consumption & Power saving calculations -May 2026.xlsm,Consolidated Utility Readings.,22,Imported from 2026-05 consolidated utility readings
MOEHE HQ / Permanent HQ,1545002323,2026-05-31,275159,m3,water,Consolidated daily report +Utility Consumption & Power saving calculations -May 2026.xlsm,Consolidated Utility Readings.,22,Imported from 2026-05 consolidated utility readings
MOEHE HQ / Permanent HQ,19ACI-005333,2026-03-01,0,m3,water,Consolidated daily report +Utility Consumption & Power saving calculations -Mar 2026.xlsm,Consolidated Utility Readings.,19,Imported from 2026-03 consolidated utility readings
MOEHE HQ / Permanent HQ,19ACI-005333,2026-03-02,0,m3,water,Consolidated daily report +Utility Consumption & Power saving calculations -Mar 2026.xlsm,Consolidated Utility Readings.,19,Imported from 2026-03 consolidated utility readings
MOEHE HQ / Permanent HQ,19ACI-005333,2026-03-03,0,m3,water,Consolidated daily report +Utility Consumption & Power saving calculations -Mar 2026.xlsm,Consolidated Utility Readings.,19,Imported from 2026-03 consolidated utility readings
MOEHE HQ / Permanent HQ,19ACI-005333,2026-03-04,0,m3,water,Consolidated daily report +Utility Consumption & Power saving calculations -Mar 2026.xlsm,Consolidated Utility Readings.,19,Imported from 2026-03 consolidated utility readings
MOEHE HQ / Permanent HQ,19ACI-005333,2026-03-05,0,m3,water,Consolidated daily report +Utility Consumption & Power saving calculations -Mar 2026.xlsm,Consolidated Utility Readings.,19,Imported from 2026-03 consolidated utility readings
MOEHE HQ / Permanent HQ,19ACI-005333,2026-03-06,0,m3,water,Consolidated daily report +Utility Consumption & Power saving calculations -Mar 2026.xlsm,Consolidated Utility Readings.,19,Imported from 2026-03 consolidated utility readings
MOEHE HQ / Permanent HQ,19ACI-005333,2026-03-07,0,m3,water,Consolidated daily report +Utility Consumption & Power saving calculations -Mar 2026.xlsm,Consolidated Utility Readings.,19,Imported from 2026-03 consolidated utility readings
MOEHE HQ / Permanent HQ,19ACI-005333,2026-03-08,0,m3,water,Consolidated daily report +Utility Consumption & Power saving calculations -Mar 2026.xlsm,Consolidated Utility Readings.,19,Imported from 2026-03 consolidated utility readings
MOEHE HQ / Permanent HQ,19ACI-005333,2026-03-09,0,m3,water,Consolidated daily report +Utility Consumption & Power saving calculations -Mar 2026.xlsm,Consolidated Utility Readings.,19,Imported from 2026-03 consolidated utility readings
MOEHE HQ / Permanent HQ,19ACI-005333,2026-03-10,0,m3,water,Consolidated daily report +Utility Consumption & Power saving calculations -Mar 2026.xlsm,Consolidated Utility Readings.,19,Imported from 2026-03 consolidated utility readings
MOEHE HQ / Permanent HQ,19ACI-005333,2026-03-11,0,m3,water,Consolidated daily report +Utility Consumption & Power saving calculations -Mar 2026.xlsm,Consolidated Utility Readings.,19,Imported from 2026-03 consolidated utility readings
MOEHE HQ / Permanent HQ,19ACI-005333,2026-03-12,0,m3,water,Consolidated daily report +Utility Consumption & Power saving calculations -Mar 2026.xlsm,Consolidated Utility Readings.,19,Imported from 2026-03 consolidated utility readings
MOEHE HQ / Permanent HQ,19ACI-005333,2026-03-13,0,m3,water,Consolidated daily report +Utility Consumption & Power saving calculations -Mar 2026.xlsm,Consolidated Utility Readings.,19,Imported from 2026-03 consolidated utility readings
MOEHE HQ / Permanent HQ,19ACI-005333,2026-03-14,0,m3,water,Consolidated daily report +Utility Consumption & Power saving calculations -Mar 2026.xlsm,Consolidated Utility Readings.,19,Imported from 2026-03 consolidated utility readings
MOEHE HQ / Permanent HQ,19ACI-005333,2026-03-15,0,m3,water,Consolidated daily report +Utility Consumption & Power saving calculations -Mar 2026.xlsm,Consolidated Utility Readings.,19,Imported from 2026-03 consolidated utility readings
MOEHE HQ / Permanent HQ,19ACI-005333,2026-03-16,0,m3,water,Consolidated daily report +Utility Consumption & Power saving calculations -Mar 2026.xlsm,Consolidated Utility Readings.,19,Imported from 2026-03 consolidated utility readings
MOEHE HQ / Permanent HQ,19ACI-005333,2026-03-17,0,m3,water,Consolidated daily report +Utility Consumption & Power saving calculations -Mar 2026.xlsm,Consolidated Utility Readings.,19,Imported from 2026-03 consolidated utility readings
MOEHE HQ / Permanent HQ,19ACI-005333,2026-03-18,0,m3,water,Consolidated daily report +Utility Consumption & Power saving calculations -Mar 2026.xlsm,Consolidated Utility Readings.,19,Imported from 2026-03 consolidated utility readings
MOEHE HQ / Permanent HQ,19ACI-005333,2026-03-19,0,m3,water,Consolidated daily report +Utility Consumption & Power saving calculations -Mar 2026.xlsm,Consolidated Utility Readings.,19,Imported from 2026-03 consolidated utility readings
MOEHE HQ / Permanent HQ,19ACI-005333,2026-03-20,0,m3,water,Consolidated daily report +Utility Consumption & Power saving calculations -Mar 2026.xlsm,Consolidated Utility Readings.,19,Imported from 2026-03 consolidated utility readings
MOEHE HQ / Permanent HQ,19ACI-005333,2026-03-21,0,m3,water,Consolidated daily report +Utility Consumption & Power saving calculations -Mar 2026.xlsm,Consolidated Utility Readings.,19,Imported from 2026-03 consolidated utility readings
MOEHE HQ / Permanent HQ,19ACI-005333,2026-03-22,0,m3,water,Consolidated daily report +Utility Consumption & Power saving calculations -Mar 2026.xlsm,Consolidated Utility Readings.,19,Imported from 2026-03 consolidated utility readings
MOEHE HQ / Permanent HQ,19ACI-005333,2026-03-23,0,m3,water,Consolidated daily report +Utility Consumption & Power saving calculations -Mar 2026.xlsm,Consolidated Utility Readings.,19,Imported from 2026-03 consolidated utility readings
MOEHE HQ / Permanent HQ,19ACI-005333,2026-03-24,0,m3,water,Consolidated daily report +Utility Consumption & Power saving calculations -Mar 2026.xlsm,Consolidated Utility Readings.,19,Imported from 2026-03 consolidated utility readings
MOEHE HQ / Permanent HQ,19ACI-005333,2026-03-25,0,m3,water,Consolidated daily report +Utility Consumption & Power saving calculations -Mar 2026.xlsm,Consolidated Utility Readings.,19,Imported from 2026-03 consolidated utility readings
MOEHE HQ / Permanent HQ,19ACI-005333,2026-03-26,0,m3,water,Consolidated daily report +Utility Consumption & Power saving calculations -Mar 2026.xlsm,Consolidated Utility Readings.,19,Imported from 2026-03 consolidated utility readings
MOEHE HQ / Permanent HQ,19ACI-005333,2026-03-27,0,m3,water,Consolidated daily report +Utility Consumption & Power saving calculations -Mar 2026.xlsm,Consolidated Utility Readings.,19,Imported from 2026-03 consolidated utility readings
MOEHE HQ / Permanent HQ,19ACI-005333,2026-03-28,0,m3,water,Consolidated daily report +Utility Consumption & Power saving calculations -Mar 2026.xlsm,Consolidated Utility Readings.,19,Imported from 2026-03 consolidated utility readings
MOEHE HQ / Permanent HQ,19ACI-005333,2026-03-29,0,m3,water,Consolidated daily report +Utility Consumption & Power saving calculations -Mar 2026.xlsm,Consolidated Utility Readings.,19,Imported from 2026-03 consolidated utility readings
MOEHE HQ / Permanent HQ,19ACI-005333,2026-03-30,0,m3,water,Consolidated daily report +Utility Consumption & Power saving calculations -Mar 2026.xlsm,Consolidated Utility Readings.,19,Imported from 2026-03 consolidated utility readings
MOEHE HQ / Permanent HQ,19ACI-005333,2026-03-31,0,m3,water,Consolidated daily report +Utility Consumption & Power saving calculations -Mar 2026.xlsm,Consolidated Utility Readings.,19,Imported from 2026-03 consolidated utility readings
MOEHE HQ / Permanent HQ,19ACI-005333,2026-04-01,0,m3,water,Consolidated daily report +Utility Consumption & Power saving calculations -Apr 2026.xlsm,Consolidated Utility Readings.,19,Imported from 2026-04 consolidated utility readings
MOEHE HQ / Permanent HQ,19ACI-005333,2026-04-02,0,m3,water,Consolidated daily report +Utility Consumption & Power saving calculations -Apr 2026.xlsm,Consolidated Utility Readings.,19,Imported from 2026-04 consolidated utility readings
MOEHE HQ / Permanent HQ,19ACI-005333,2026-04-03,0,m3,water,Consolidated daily report +Utility Consumption & Power saving calculations -Apr 2026.xlsm,Consolidated Utility Readings.,19,Imported from 2026-04 consolidated utility readings
MOEHE HQ / Permanent HQ,19ACI-005333,2026-04-04,0,m3,water,Consolidated daily report +Utility Consumption & Power saving calculations -Apr 2026.xlsm,Consolidated Utility Readings.,19,Imported from 2026-04 consolidated utility readings
MOEHE HQ / Permanent HQ,19ACI-005333,2026-04-05,0,m3,water,Consolidated daily report +Utility Consumption & Power saving calculations -Apr 2026.xlsm,Consolidated Utility Readings.,19,Imported from 2026-04 consolidated utility readings
MOEHE HQ / Permanent HQ,19ACI-005333,2026-04-06,0,m3,water,Consolidated daily report +Utility Consumption & Power saving calculations -Apr 2026.xlsm,Consolidated Utility Readings.,19,Imported from 2026-04 consolidated utility readings
MOEHE HQ / Permanent HQ,19ACI-005333,2026-04-07,0,m3,water,Consolidated daily report +Utility Consumption & Power saving calculations -Apr 2026.xlsm,Consolidated Utility Readings.,19,Imported from 2026-04 consolidated utility readings
MOEHE HQ / Permanent HQ,19ACI-005333,2026-04-08,0,m3,water,Consolidated daily report +Utility Consumption & Power saving calculations -Apr 2026.xlsm,Consolidated Utility Readings.,19,Imported from 2026-04 consolidated utility readings
MOEHE HQ / Permanent HQ,19ACI-005333,2026-04-09,0,m3,water,Consolidated daily report +Utility Consumption & Power saving calculations -Apr 2026.xlsm,Consolidated Utility Readings.,19,Imported from 2026-04 consolidated utility readings
MOEHE HQ / Permanent HQ,19ACI-005333,2026-04-10,0,m3,water,Consolidated daily report +Utility Consumption & Power saving calculations -Apr 2026.xlsm,Consolidated Utility Readings.,19,Imported from 2026-04 consolidated utility readings
MOEHE HQ / Permanent HQ,19ACI-005333,2026-04-11,0,m3,water,Consolidated daily report +Utility Consumption & Power saving calculations -Apr 2026.xlsm,Consolidated Utility Readings.,19,Imported from 2026-04 consolidated utility readings
MOEHE HQ / Permanent HQ,19ACI-005333,2026-04-12,0,m3,water,Consolidated daily report +Utility Consumption & Power saving calculations -Apr 2026.xlsm,Consolidated Utility Readings.,19,Imported from 2026-04 consolidated utility readings
MOEHE HQ / Permanent HQ,19ACI-005333,2026-04-13,0,m3,water,Consolidated daily report +Utility Consumption & Power saving calculations -Apr 2026.xlsm,Consolidated Utility Readings.,19,Imported from 2026-04 consolidated utility readings
MOEHE HQ / Permanent HQ,19ACI-005333,2026-04-14,0,m3,water,Consolidated daily report +Utility Consumption & Power saving calculations -Apr 2026.xlsm,Consolidated Utility Readings.,19,Imported from 2026-04 consolidated utility readings
MOEHE HQ / Permanent HQ,19ACI-005333,2026-04-15,0,m3,water,Consolidated daily report +Utility Consumption & Power saving calculations -Apr 2026.xlsm,Consolidated Utility Readings.,19,Imported from 2026-04 consolidated utility readings
MOEHE HQ / Permanent HQ,19ACI-005333,2026-04-16,0,m3,water,Consolidated daily report +Utility Consumption & Power saving calculations -Apr 2026.xlsm,Consolidated Utility Readings.,19,Imported from 2026-04 consolidated utility readings
MOEHE HQ / Permanent HQ,19ACI-005333,2026-04-17,0,m3,water,Consolidated daily report +Utility Consumption & Power saving calculations -Apr 2026.xlsm,Consolidated Utility Readings.,19,Imported from 2026-04 consolidated utility readings
MOEHE HQ / Permanent HQ,19ACI-005333,2026-04-18,0,m3,water,Consolidated daily report +Utility Consumption & Power saving calculations -Apr 2026.xlsm,Consolidated Utility Readings.,19,Imported from 2026-04 consolidated utility readings
MOEHE HQ / Permanent HQ,19ACI-005333,2026-04-19,0,m3,water,Consolidated daily report +Utility Consumption & Power saving calculations -Apr 2026.xlsm,Consolidated Utility Readings.,19,Imported from 2026-04 consolidated utility readings
MOEHE HQ / Permanent HQ,19ACI-005333,2026-04-20,0,m3,water,Consolidated daily report +Utility Consumption & Power saving calculations -Apr 2026.xlsm,Consolidated Utility Readings.,19,Imported from 2026-04 consolidated utility readings
MOEHE HQ / Permanent HQ,19ACI-005333,2026-04-21,0,m3,water,Consolidated daily report +Utility Consumption & Power saving calculations -Apr 2026.xlsm,Consolidated Utility Readings.,19,Imported from 2026-04 consolidated utility readings
MOEHE HQ / Permanent HQ,19ACI-005333,2026-04-22,0,m3,water,Consolidated daily report +Utility Consumption & Power saving calculations -Apr 2026.xlsm,Consolidated Utility Readings.,19,Imported from 2026-04 consolidated utility readings
MOEHE HQ / Permanent HQ,19ACI-005333,2026-04-23,0,m3,water,Consolidated daily report +Utility Consumption & Power saving calculations -Apr 2026.xlsm,Consolidated Utility Readings.,19,Imported from 2026-04 consolidated utility readings
MOEHE HQ / Permanent HQ,19ACI-005333,2026-04-24,0,m3,water,Consolidated daily report +Utility Consumption & Power saving calculations -Apr 2026.xlsm,Consolidated Utility Readings.,19,Imported from 2026-04 consolidated utility readings
MOEHE HQ / Permanent HQ,19ACI-005333,2026-04-25,0,m3,water,Consolidated daily report +Utility Consumption & Power saving calculations -Apr 2026.xlsm,Consolidated Utility Readings.,19,Imported from 2026-04 consolidated utility readings
MOEHE HQ / Permanent HQ,19ACI-005333,2026-04-26,0,m3,water,Consolidated daily report +Utility Consumption & Power saving calculations -Apr 2026.xlsm,Consolidated Utility Readings.,19,Imported from 2026-04 consolidated utility readings
MOEHE HQ / Permanent HQ,19ACI-005333,2026-04-27,0,m3,water,Consolidated daily report +Utility Consumption & Power saving calculations -Apr 2026.xlsm,Consolidated Utility Readings.,19,Imported from 2026-04 consolidated utility readings
MOEHE HQ / Permanent HQ,19ACI-005333,2026-04-28,0,m3,water,Consolidated daily report +Utility Consumption & Power saving calculations -Apr 2026.xlsm,Consolidated Utility Readings.,19,Imported from 2026-04 consolidated utility readings
MOEHE HQ / Permanent HQ,19ACI-005333,2026-04-29,0,m3,water,Consolidated daily report +Utility Consumption & Power saving calculations -Apr 2026.xlsm,Consolidated Utility Readings.,19,Imported from 2026-04 consolidated utility readings
MOEHE HQ / Permanent HQ,19ACI-005333,2026-04-30,0,m3,water,Consolidated daily report +Utility Consumption & Power saving calculations -Apr 2026.xlsm,Consolidated Utility Readings.,19,Imported from 2026-04 consolidated utility readings
MOEHE HQ / Permanent HQ,19ACI-005333,2026-05-01,0,m3,water,Consolidated daily report +Utility Consumption & Power saving calculations -May 2026.xlsm,Consolidated Utility Readings.,19,Imported from 2026-05 consolidated utility readings
MOEHE HQ / Permanent HQ,19ACI-005333,2026-05-02,0,m3,water,Consolidated daily report +Utility Consumption & Power saving calculations -May 2026.xlsm,Consolidated Utility Readings.,19,Imported from 2026-05 consolidated utility readings
MOEHE HQ / Permanent HQ,19ACI-005333,2026-05-03,0,m3,water,Consolidated daily report +Utility Consumption & Power saving calculations -May 2026.xlsm,Consolidated Utility Readings.,19,Imported from 2026-05 consolidated utility readings
MOEHE HQ / Permanent HQ,19ACI-005333,2026-05-04,0,m3,water,Consolidated daily report +Utility Consumption & Power saving calculations -May 2026.xlsm,Consolidated Utility Readings.,19,Imported from 2026-05 consolidated utility readings
MOEHE HQ / Permanent HQ,19ACI-005333,2026-05-05,0,m3,water,Consolidated daily report +Utility Consumption & Power saving calculations -May 2026.xlsm,Consolidated Utility Readings.,19,Imported from 2026-05 consolidated utility readings
MOEHE HQ / Permanent HQ,19ACI-005333,2026-05-06,0,m3,water,Consolidated daily report +Utility Consumption & Power saving calculations -May 2026.xlsm,Consolidated Utility Readings.,19,Imported from 2026-05 consolidated utility readings
MOEHE HQ / Permanent HQ,19ACI-005333,2026-05-07,0,m3,water,Consolidated daily report +Utility Consumption & Power saving calculations -May 2026.xlsm,Consolidated Utility Readings.,19,Imported from 2026-05 consolidated utility readings
MOEHE HQ / Permanent HQ,19ACI-005333,2026-05-08,0,m3,water,Consolidated daily report +Utility Consumption & Power saving calculations -May 2026.xlsm,Consolidated Utility Readings.,19,Imported from 2026-05 consolidated utility readings
MOEHE HQ / Permanent HQ,19ACI-005333,2026-05-09,0,m3,water,Consolidated daily report +Utility Consumption & Power saving calculations -May 2026.xlsm,Consolidated Utility Readings.,19,Imported from 2026-05 consolidated utility readings
MOEHE HQ / Permanent HQ,19ACI-005333,2026-05-10,0,m3,water,Consolidated daily report +Utility Consumption & Power saving calculations -May 2026.xlsm,Consolidated Utility Readings.,19,Imported from 2026-05 consolidated utility readings
MOEHE HQ / Permanent HQ,19ACI-005333,2026-05-11,0,m3,water,Consolidated daily report +Utility Consumption & Power saving calculations -May 2026.xlsm,Consolidated Utility Readings.,19,Imported from 2026-05 consolidated utility readings
MOEHE HQ / Permanent HQ,19ACI-005333,2026-05-12,0,m3,water,Consolidated daily report +Utility Consumption & Power saving calculations -May 2026.xlsm,Consolidated Utility Readings.,19,Imported from 2026-05 consolidated utility readings
MOEHE HQ / Permanent HQ,19ACI-005333,2026-05-13,0,m3,water,Consolidated daily report +Utility Consumption & Power saving calculations -May 2026.xlsm,Consolidated Utility Readings.,19,Imported from 2026-05 consolidated utility readings
MOEHE HQ / Permanent HQ,19ACI-005333,2026-05-14,0,m3,water,Consolidated daily report +Utility Consumption & Power saving calculations -May 2026.xlsm,Consolidated Utility Readings.,19,Imported from 2026-05 consolidated utility readings
MOEHE HQ / Permanent HQ,19ACI-005333,2026-05-15,0,m3,water,Consolidated daily report +Utility Consumption & Power saving calculations -May 2026.xlsm,Consolidated Utility Readings.,19,Imported from 2026-05 consolidated utility readings
MOEHE HQ / Permanent HQ,19ACI-005333,2026-05-16,0,m3,water,Consolidated daily report +Utility Consumption & Power saving calculations -May 2026.xlsm,Consolidated Utility Readings.,19,Imported from 2026-05 consolidated utility readings
MOEHE HQ / Permanent HQ,19ACI-005333,2026-05-17,0,m3,water,Consolidated daily report +Utility Consumption & Power saving calculations -May 2026.xlsm,Consolidated Utility Readings.,19,Imported from 2026-05 consolidated utility readings
MOEHE HQ / Permanent HQ,19ACI-005333,2026-05-18,0,m3,water,Consolidated daily report +Utility Consumption & Power saving calculations -May 2026.xlsm,Consolidated Utility Readings.,19,Imported from 2026-05 consolidated utility readings
MOEHE HQ / Permanent HQ,19ACI-005333,2026-05-19,0,m3,water,Consolidated daily report +Utility Consumption & Power saving calculations -May 2026.xlsm,Consolidated Utility Readings.,19,Imported from 2026-05 consolidated utility readings
MOEHE HQ / Permanent HQ,19ACI-005333,2026-05-20,0,m3,water,Consolidated daily report +Utility Consumption & Power saving calculations -May 2026.xlsm,Consolidated Utility Readings.,19,Imported from 2026-05 consolidated utility readings
MOEHE HQ / Permanent HQ,19ACI-005333,2026-05-21,0,m3,water,Consolidated daily report +Utility Consumption & Power saving calculations -May 2026.xlsm,Consolidated Utility Readings.,19,Imported from 2026-05 consolidated utility readings
MOEHE HQ / Permanent HQ,19ACI-005333,2026-05-22,0,m3,water,Consolidated daily report +Utility Consumption & Power saving calculations -May 2026.xlsm,Consolidated Utility Readings.,19,Imported from 2026-05 consolidated utility readings
MOEHE HQ / Permanent HQ,19ACI-005333,2026-05-23,0,m3,water,Consolidated daily report +Utility Consumption & Power saving calculations -May 2026.xlsm,Consolidated Utility Readings.,19,Imported from 2026-05 consolidated utility readings
MOEHE HQ / Permanent HQ,19ACI-005333,2026-05-24,24371,m3,water,Consolidated daily report +Utility Consumption & Power saving calculations -May 2026.xlsm,Consolidated Utility Readings.,19,Imported from 2026-05 consolidated utility readings
MOEHE HQ / Permanent HQ,19ACI-005333,2026-05-25,24517,m3,water,Consolidated daily report +Utility Consumption & Power saving calculations -May 2026.xlsm,Consolidated Utility Readings.,19,Imported from 2026-05 consolidated utility readings
MOEHE HQ / Permanent HQ,19ACI-005333,2026-05-26,24844,m3,water,Consolidated daily report +Utility Consumption & Power saving calculations -May 2026.xlsm,Consolidated Utility Readings.,19,Imported from 2026-05 consolidated utility readings
MOEHE HQ / Permanent HQ,19ACI-005333,2026-05-27,24844,m3,water,Consolidated daily report +Utility Consumption & Power saving calculations -May 2026.xlsm,Consolidated Utility Readings.,19,Imported from 2026-05 consolidated utility readings
MOEHE HQ / Permanent HQ,19ACI-005333,2026-05-28,24844,m3,water,Consolidated daily report +Utility Consumption & Power saving calculations -May 2026.xlsm,Consolidated Utility Readings.,19,Imported from 2026-05 consolidated utility readings
MOEHE HQ / Permanent HQ,19ACI-005333,2026-05-29,24844,m3,water,Consolidated daily report +Utility Consumption & Power saving calculations -May 2026.xlsm,Consolidated Utility Readings.,19,Imported from 2026-05 consolidated utility readings
MOEHE HQ / Permanent HQ,19ACI-005333,2026-05-30,24844,m3,water,Consolidated daily report +Utility Consumption & Power saving calculations -May 2026.xlsm,Consolidated Utility Readings.,19,Imported from 2026-05 consolidated utility readings
MOEHE HQ / Permanent HQ,19ACI-005333,2026-05-31,25563,m3,water,Consolidated daily report +Utility Consumption & Power saving calculations -May 2026.xlsm,Consolidated Utility Readings.,19,Imported from 2026-05 consolidated utility readings
MOEHE HQ / Permanent HQ,CAP-3000,2026-03-01,1500,liter,fuel,Consolidated daily report +Utility Consumption & Power saving calculations -Mar 2026.xlsm,Consolidated Utility Readings.,34,Imported from 2026-03 consolidated utility readings
MOEHE HQ / Permanent HQ,CAP-3000,2026-03-02,1500,liter,fuel,Consolidated daily report +Utility Consumption & Power saving calculations -Mar 2026.xlsm,Consolidated Utility Readings.,34,Imported from 2026-03 consolidated utility readings
MOEHE HQ / Permanent HQ,CAP-3000,2026-03-03,1500,liter,fuel,Consolidated daily report +Utility Consumption & Power saving calculations -Mar 2026.xlsm,Consolidated Utility Readings.,34,Imported from 2026-03 consolidated utility readings
MOEHE HQ / Permanent HQ,CAP-3000,2026-03-04,1501,liter,fuel,Consolidated daily report +Utility Consumption & Power saving calculations -Mar 2026.xlsm,Consolidated Utility Readings.,34,Imported from 2026-03 consolidated utility readings
MOEHE HQ / Permanent HQ,CAP-3000,2026-03-05,1502,liter,fuel,Consolidated daily report +Utility Consumption & Power saving calculations -Mar 2026.xlsm,Consolidated Utility Readings.,34,Imported from 2026-03 consolidated utility readings
MOEHE HQ / Permanent HQ,CAP-3000,2026-03-06,1500,liter,fuel,Consolidated daily report +Utility Consumption & Power saving calculations -Mar 2026.xlsm,Consolidated Utility Readings.,34,Imported from 2026-03 consolidated utility readings
MOEHE HQ / Permanent HQ,CAP-3000,2026-03-07,1500,liter,fuel,Consolidated daily report +Utility Consumption & Power saving calculations -Mar 2026.xlsm,Consolidated Utility Readings.,34,Imported from 2026-03 consolidated utility readings
MOEHE HQ / Permanent HQ,CAP-3000,2026-03-08,1500,liter,fuel,Consolidated daily report +Utility Consumption & Power saving calculations -Mar 2026.xlsm,Consolidated Utility Readings.,34,Imported from 2026-03 consolidated utility readings
MOEHE HQ / Permanent HQ,CAP-3000,2026-03-09,1500,liter,fuel,Consolidated daily report +Utility Consumption & Power saving calculations -Mar 2026.xlsm,Consolidated Utility Readings.,34,Imported from 2026-03 consolidated utility readings
MOEHE HQ / Permanent HQ,CAP-3000,2026-03-10,1500,liter,fuel,Consolidated daily report +Utility Consumption & Power saving calculations -Mar 2026.xlsm,Consolidated Utility Readings.,34,Imported from 2026-03 consolidated utility readings
MOEHE HQ / Permanent HQ,CAP-3000,2026-03-11,1500,liter,fuel,Consolidated daily report +Utility Consumption & Power saving calculations -Mar 2026.xlsm,Consolidated Utility Readings.,34,Imported from 2026-03 consolidated utility readings
MOEHE HQ / Permanent HQ,CAP-3000,2026-03-12,1500,liter,fuel,Consolidated daily report +Utility Consumption & Power saving calculations -Mar 2026.xlsm,Consolidated Utility Readings.,34,Imported from 2026-03 consolidated utility readings
MOEHE HQ / Permanent HQ,CAP-3000,2026-03-13,1500,liter,fuel,Consolidated daily report +Utility Consumption & Power saving calculations -Mar 2026.xlsm,Consolidated Utility Readings.,34,Imported from 2026-03 consolidated utility readings
MOEHE HQ / Permanent HQ,CAP-3000,2026-03-14,1500,liter,fuel,Consolidated daily report +Utility Consumption & Power saving calculations -Mar 2026.xlsm,Consolidated Utility Readings.,34,Imported from 2026-03 consolidated utility readings
MOEHE HQ / Permanent HQ,CAP-3000,2026-03-15,1500,liter,fuel,Consolidated daily report +Utility Consumption & Power saving calculations -Mar 2026.xlsm,Consolidated Utility Readings.,34,Imported from 2026-03 consolidated utility readings
MOEHE HQ / Permanent HQ,CAP-3000,2026-03-16,1500,liter,fuel,Consolidated daily report +Utility Consumption & Power saving calculations -Mar 2026.xlsm,Consolidated Utility Readings.,34,Imported from 2026-03 consolidated utility readings
MOEHE HQ / Permanent HQ,CAP-3000,2026-03-17,1500,liter,fuel,Consolidated daily report +Utility Consumption & Power saving calculations -Mar 2026.xlsm,Consolidated Utility Readings.,34,Imported from 2026-03 consolidated utility readings
MOEHE HQ / Permanent HQ,CAP-3000,2026-03-18,1500,liter,fuel,Consolidated daily report +Utility Consumption & Power saving calculations -Mar 2026.xlsm,Consolidated Utility Readings.,34,Imported from 2026-03 consolidated utility readings
MOEHE HQ / Permanent HQ,CAP-3000,2026-03-19,1500,liter,fuel,Consolidated daily report +Utility Consumption & Power saving calculations -Mar 2026.xlsm,Consolidated Utility Readings.,34,Imported from 2026-03 consolidated utility readings
MOEHE HQ / Permanent HQ,CAP-3000,2026-03-20,1500,liter,fuel,Consolidated daily report +Utility Consumption & Power saving calculations -Mar 2026.xlsm,Consolidated Utility Readings.,34,Imported from 2026-03 consolidated utility readings
MOEHE HQ / Permanent HQ,CAP-3000,2026-03-21,1500,liter,fuel,Consolidated daily report +Utility Consumption & Power saving calculations -Mar 2026.xlsm,Consolidated Utility Readings.,34,Imported from 2026-03 consolidated utility readings
MOEHE HQ / Permanent HQ,CAP-3000,2026-03-22,1500,liter,fuel,Consolidated daily report +Utility Consumption & Power saving calculations -Mar 2026.xlsm,Consolidated Utility Readings.,34,Imported from 2026-03 consolidated utility readings
MOEHE HQ / Permanent HQ,CAP-3000,2026-03-23,1500,liter,fuel,Consolidated daily report +Utility Consumption & Power saving calculations -Mar 2026.xlsm,Consolidated Utility Readings.,34,Imported from 2026-03 consolidated utility readings
MOEHE HQ / Permanent HQ,CAP-3000,2026-03-24,1500,liter,fuel,Consolidated daily report +Utility Consumption & Power saving calculations -Mar 2026.xlsm,Consolidated Utility Readings.,34,Imported from 2026-03 consolidated utility readings
MOEHE HQ / Permanent HQ,CAP-3000,2026-03-25,1500,liter,fuel,Consolidated daily report +Utility Consumption & Power saving calculations -Mar 2026.xlsm,Consolidated Utility Readings.,34,Imported from 2026-03 consolidated utility readings
MOEHE HQ / Permanent HQ,CAP-3000,2026-03-26,1500,liter,fuel,Consolidated daily report +Utility Consumption & Power saving calculations -Mar 2026.xlsm,Consolidated Utility Readings.,34,Imported from 2026-03 consolidated utility readings
MOEHE HQ / Permanent HQ,CAP-3000,2026-03-27,1500,liter,fuel,Consolidated daily report +Utility Consumption & Power saving calculations -Mar 2026.xlsm,Consolidated Utility Readings.,34,Imported from 2026-03 consolidated utility readings
MOEHE HQ / Permanent HQ,CAP-3000,2026-03-28,1500,liter,fuel,Consolidated daily report +Utility Consumption & Power saving calculations -Mar 2026.xlsm,Consolidated Utility Readings.,34,Imported from 2026-03 consolidated utility readings
MOEHE HQ / Permanent HQ,CAP-3000,2026-03-29,1500,liter,fuel,Consolidated daily report +Utility Consumption & Power saving calculations -Mar 2026.xlsm,Consolidated Utility Readings.,34,Imported from 2026-03 consolidated utility readings
MOEHE HQ / Permanent HQ,CAP-3000,2026-03-30,1500,liter,fuel,Consolidated daily report +Utility Consumption & Power saving calculations -Mar 2026.xlsm,Consolidated Utility Readings.,34,Imported from 2026-03 consolidated utility readings
MOEHE HQ / Permanent HQ,CAP-3000,2026-03-31,1500,liter,fuel,Consolidated daily report +Utility Consumption & Power saving calculations -Mar 2026.xlsm,Consolidated Utility Readings.,34,Imported from 2026-03 consolidated utility readings
MOEHE HQ / Permanent HQ,CAP-3000,2026-04-01,1500,liter,fuel,Consolidated daily report +Utility Consumption & Power saving calculations -Apr 2026.xlsm,Consolidated Utility Readings.,34,Imported from 2026-04 consolidated utility readings
MOEHE HQ / Permanent HQ,CAP-3000,2026-04-02,1500,liter,fuel,Consolidated daily report +Utility Consumption & Power saving calculations -Apr 2026.xlsm,Consolidated Utility Readings.,34,Imported from 2026-04 consolidated utility readings
MOEHE HQ / Permanent HQ,CAP-3000,2026-04-03,1500,liter,fuel,Consolidated daily report +Utility Consumption & Power saving calculations -Apr 2026.xlsm,Consolidated Utility Readings.,34,Imported from 2026-04 consolidated utility readings
MOEHE HQ / Permanent HQ,CAP-3000,2026-04-04,1500,liter,fuel,Consolidated daily report +Utility Consumption & Power saving calculations -Apr 2026.xlsm,Consolidated Utility Readings.,34,Imported from 2026-04 consolidated utility readings
MOEHE HQ / Permanent HQ,CAP-3000,2026-04-05,1500,liter,fuel,Consolidated daily report +Utility Consumption & Power saving calculations -Apr 2026.xlsm,Consolidated Utility Readings.,34,Imported from 2026-04 consolidated utility readings
MOEHE HQ / Permanent HQ,CAP-3000,2026-04-06,1500,liter,fuel,Consolidated daily report +Utility Consumption & Power saving calculations -Apr 2026.xlsm,Consolidated Utility Readings.,34,Imported from 2026-04 consolidated utility readings
MOEHE HQ / Permanent HQ,CAP-3000,2026-04-07,1500,liter,fuel,Consolidated daily report +Utility Consumption & Power saving calculations -Apr 2026.xlsm,Consolidated Utility Readings.,34,Imported from 2026-04 consolidated utility readings
MOEHE HQ / Permanent HQ,CAP-3000,2026-04-08,1500,liter,fuel,Consolidated daily report +Utility Consumption & Power saving calculations -Apr 2026.xlsm,Consolidated Utility Readings.,34,Imported from 2026-04 consolidated utility readings
MOEHE HQ / Permanent HQ,CAP-3000,2026-04-09,1500,liter,fuel,Consolidated daily report +Utility Consumption & Power saving calculations -Apr 2026.xlsm,Consolidated Utility Readings.,34,Imported from 2026-04 consolidated utility readings
MOEHE HQ / Permanent HQ,CAP-3000,2026-04-10,1500,liter,fuel,Consolidated daily report +Utility Consumption & Power saving calculations -Apr 2026.xlsm,Consolidated Utility Readings.,34,Imported from 2026-04 consolidated utility readings
MOEHE HQ / Permanent HQ,CAP-3000,2026-04-11,1500,liter,fuel,Consolidated daily report +Utility Consumption & Power saving calculations -Apr 2026.xlsm,Consolidated Utility Readings.,34,Imported from 2026-04 consolidated utility readings
MOEHE HQ / Permanent HQ,CAP-3000,2026-04-12,1500,liter,fuel,Consolidated daily report +Utility Consumption & Power saving calculations -Apr 2026.xlsm,Consolidated Utility Readings.,34,Imported from 2026-04 consolidated utility readings
MOEHE HQ / Permanent HQ,CAP-3000,2026-04-13,1500,liter,fuel,Consolidated daily report +Utility Consumption & Power saving calculations -Apr 2026.xlsm,Consolidated Utility Readings.,34,Imported from 2026-04 consolidated utility readings
MOEHE HQ / Permanent HQ,CAP-3000,2026-04-14,1500,liter,fuel,Consolidated daily report +Utility Consumption & Power saving calculations -Apr 2026.xlsm,Consolidated Utility Readings.,34,Imported from 2026-04 consolidated utility readings
MOEHE HQ / Permanent HQ,CAP-3000,2026-04-15,1500,liter,fuel,Consolidated daily report +Utility Consumption & Power saving calculations -Apr 2026.xlsm,Consolidated Utility Readings.,34,Imported from 2026-04 consolidated utility readings
MOEHE HQ / Permanent HQ,CAP-3000,2026-04-16,1500,liter,fuel,Consolidated daily report +Utility Consumption & Power saving calculations -Apr 2026.xlsm,Consolidated Utility Readings.,34,Imported from 2026-04 consolidated utility readings
MOEHE HQ / Permanent HQ,CAP-3000,2026-04-17,1500,liter,fuel,Consolidated daily report +Utility Consumption & Power saving calculations -Apr 2026.xlsm,Consolidated Utility Readings.,34,Imported from 2026-04 consolidated utility readings
MOEHE HQ / Permanent HQ,CAP-3000,2026-04-18,1500,liter,fuel,Consolidated daily report +Utility Consumption & Power saving calculations -Apr 2026.xlsm,Consolidated Utility Readings.,34,Imported from 2026-04 consolidated utility readings
MOEHE HQ / Permanent HQ,CAP-3000,2026-04-19,1500,liter,fuel,Consolidated daily report +Utility Consumption & Power saving calculations -Apr 2026.xlsm,Consolidated Utility Readings.,34,Imported from 2026-04 consolidated utility readings
MOEHE HQ / Permanent HQ,CAP-3000,2026-04-20,1500,liter,fuel,Consolidated daily report +Utility Consumption & Power saving calculations -Apr 2026.xlsm,Consolidated Utility Readings.,34,Imported from 2026-04 consolidated utility readings
MOEHE HQ / Permanent HQ,CAP-3000,2026-04-21,1500,liter,fuel,Consolidated daily report +Utility Consumption & Power saving calculations -Apr 2026.xlsm,Consolidated Utility Readings.,34,Imported from 2026-04 consolidated utility readings
MOEHE HQ / Permanent HQ,CAP-3000,2026-04-22,1500,liter,fuel,Consolidated daily report +Utility Consumption & Power saving calculations -Apr 2026.xlsm,Consolidated Utility Readings.,34,Imported from 2026-04 consolidated utility readings
MOEHE HQ / Permanent HQ,CAP-3000,2026-04-23,1500,liter,fuel,Consolidated daily report +Utility Consumption & Power saving calculations -Apr 2026.xlsm,Consolidated Utility Readings.,34,Imported from 2026-04 consolidated utility readings
MOEHE HQ / Permanent HQ,CAP-3000,2026-04-24,1500,liter,fuel,Consolidated daily report +Utility Consumption & Power saving calculations -Apr 2026.xlsm,Consolidated Utility Readings.,34,Imported from 2026-04 consolidated utility readings
MOEHE HQ / Permanent HQ,CAP-3000,2026-04-25,1500,liter,fuel,Consolidated daily report +Utility Consumption & Power saving calculations -Apr 2026.xlsm,Consolidated Utility Readings.,34,Imported from 2026-04 consolidated utility readings
MOEHE HQ / Permanent HQ,CAP-3000,2026-04-26,1500,liter,fuel,Consolidated daily report +Utility Consumption & Power saving calculations -Apr 2026.xlsm,Consolidated Utility Readings.,34,Imported from 2026-04 consolidated utility readings
MOEHE HQ / Permanent HQ,CAP-3000,2026-04-27,1500,liter,fuel,Consolidated daily report +Utility Consumption & Power saving calculations -Apr 2026.xlsm,Consolidated Utility Readings.,34,Imported from 2026-04 consolidated utility readings
MOEHE HQ / Permanent HQ,CAP-3000,2026-04-28,1500,liter,fuel,Consolidated daily report +Utility Consumption & Power saving calculations -Apr 2026.xlsm,Consolidated Utility Readings.,34,Imported from 2026-04 consolidated utility readings
MOEHE HQ / Permanent HQ,CAP-3000,2026-04-29,1500,liter,fuel,Consolidated daily report +Utility Consumption & Power saving calculations -Apr 2026.xlsm,Consolidated Utility Readings.,34,Imported from 2026-04 consolidated utility readings
MOEHE HQ / Permanent HQ,CAP-3000,2026-04-30,1500,liter,fuel,Consolidated daily report +Utility Consumption & Power saving calculations -Apr 2026.xlsm,Consolidated Utility Readings.,34,Imported from 2026-04 consolidated utility readings
MOEHE HQ / Permanent HQ,CAP-3000,2026-05-01,2890,liter,fuel,Consolidated daily report +Utility Consumption & Power saving calculations -May 2026.xlsm,Consolidated Utility Readings.,34,Imported from 2026-05 consolidated utility readings
MOEHE HQ / Permanent HQ,CAP-3000,2026-05-02,2890,liter,fuel,Consolidated daily report +Utility Consumption & Power saving calculations -May 2026.xlsm,Consolidated Utility Readings.,34,Imported from 2026-05 consolidated utility readings
MOEHE HQ / Permanent HQ,CAP-3000,2026-05-03,2890,liter,fuel,Consolidated daily report +Utility Consumption & Power saving calculations -May 2026.xlsm,Consolidated Utility Readings.,34,Imported from 2026-05 consolidated utility readings
MOEHE HQ / Permanent HQ,CAP-3000,2026-05-04,2890,liter,fuel,Consolidated daily report +Utility Consumption & Power saving calculations -May 2026.xlsm,Consolidated Utility Readings.,34,Imported from 2026-05 consolidated utility readings
MOEHE HQ / Permanent HQ,CAP-3000,2026-05-05,2890,liter,fuel,Consolidated daily report +Utility Consumption & Power saving calculations -May 2026.xlsm,Consolidated Utility Readings.,34,Imported from 2026-05 consolidated utility readings
MOEHE HQ / Permanent HQ,CAP-3000,2026-05-06,2890,liter,fuel,Consolidated daily report +Utility Consumption & Power saving calculations -May 2026.xlsm,Consolidated Utility Readings.,34,Imported from 2026-05 consolidated utility readings
MOEHE HQ / Permanent HQ,CAP-3000,2026-05-07,2890,liter,fuel,Consolidated daily report +Utility Consumption & Power saving calculations -May 2026.xlsm,Consolidated Utility Readings.,34,Imported from 2026-05 consolidated utility readings
MOEHE HQ / Permanent HQ,CAP-3000,2026-05-08,2890,liter,fuel,Consolidated daily report +Utility Consumption & Power saving calculations -May 2026.xlsm,Consolidated Utility Readings.,34,Imported from 2026-05 consolidated utility readings
MOEHE HQ / Permanent HQ,CAP-3000,2026-05-09,2890,liter,fuel,Consolidated daily report +Utility Consumption & Power saving calculations -May 2026.xlsm,Consolidated Utility Readings.,34,Imported from 2026-05 consolidated utility readings
MOEHE HQ / Permanent HQ,CAP-3000,2026-05-10,2890,liter,fuel,Consolidated daily report +Utility Consumption & Power saving calculations -May 2026.xlsm,Consolidated Utility Readings.,34,Imported from 2026-05 consolidated utility readings
MOEHE HQ / Permanent HQ,CAP-3000,2026-05-11,2890,liter,fuel,Consolidated daily report +Utility Consumption & Power saving calculations -May 2026.xlsm,Consolidated Utility Readings.,34,Imported from 2026-05 consolidated utility readings
MOEHE HQ / Permanent HQ,CAP-3000,2026-05-12,2890,liter,fuel,Consolidated daily report +Utility Consumption & Power saving calculations -May 2026.xlsm,Consolidated Utility Readings.,34,Imported from 2026-05 consolidated utility readings
MOEHE HQ / Permanent HQ,CAP-3000,2026-05-13,2890,liter,fuel,Consolidated daily report +Utility Consumption & Power saving calculations -May 2026.xlsm,Consolidated Utility Readings.,34,Imported from 2026-05 consolidated utility readings
MOEHE HQ / Permanent HQ,CAP-3000,2026-05-14,2890,liter,fuel,Consolidated daily report +Utility Consumption & Power saving calculations -May 2026.xlsm,Consolidated Utility Readings.,34,Imported from 2026-05 consolidated utility readings
MOEHE HQ / Permanent HQ,CAP-3000,2026-05-15,2890,liter,fuel,Consolidated daily report +Utility Consumption & Power saving calculations -May 2026.xlsm,Consolidated Utility Readings.,34,Imported from 2026-05 consolidated utility readings
MOEHE HQ / Permanent HQ,CAP-3000,2026-05-16,2890,liter,fuel,Consolidated daily report +Utility Consumption & Power saving calculations -May 2026.xlsm,Consolidated Utility Readings.,34,Imported from 2026-05 consolidated utility readings
MOEHE HQ / Permanent HQ,CAP-3000,2026-05-17,2890,liter,fuel,Consolidated daily report +Utility Consumption & Power saving calculations -May 2026.xlsm,Consolidated Utility Readings.,34,Imported from 2026-05 consolidated utility readings
MOEHE HQ / Permanent HQ,CAP-3000,2026-05-18,2890,liter,fuel,Consolidated daily report +Utility Consumption & Power saving calculations -May 2026.xlsm,Consolidated Utility Readings.,34,Imported from 2026-05 consolidated utility readings
MOEHE HQ / Permanent HQ,CAP-3000,2026-05-19,2890,liter,fuel,Consolidated daily report +Utility Consumption & Power saving calculations -May 2026.xlsm,Consolidated Utility Readings.,34,Imported from 2026-05 consolidated utility readings
MOEHE HQ / Permanent HQ,CAP-3000,2026-05-20,2890,liter,fuel,Consolidated daily report +Utility Consumption & Power saving calculations -May 2026.xlsm,Consolidated Utility Readings.,34,Imported from 2026-05 consolidated utility readings
MOEHE HQ / Permanent HQ,CAP-3000,2026-05-21,2890,liter,fuel,Consolidated daily report +Utility Consumption & Power saving calculations -May 2026.xlsm,Consolidated Utility Readings.,34,Imported from 2026-05 consolidated utility readings
MOEHE HQ / Permanent HQ,CAP-3000,2026-05-22,2890,liter,fuel,Consolidated daily report +Utility Consumption & Power saving calculations -May 2026.xlsm,Consolidated Utility Readings.,34,Imported from 2026-05 consolidated utility readings
MOEHE HQ / Permanent HQ,CAP-3000,2026-05-23,2890,liter,fuel,Consolidated daily report +Utility Consumption & Power saving calculations -May 2026.xlsm,Consolidated Utility Readings.,34,Imported from 2026-05 consolidated utility readings
MOEHE HQ / Permanent HQ,CAP-3000,2026-05-24,2890,liter,fuel,Consolidated daily report +Utility Consumption & Power saving calculations -May 2026.xlsm,Consolidated Utility Readings.,34,Imported from 2026-05 consolidated utility readings
MOEHE HQ / Permanent HQ,CAP-3000,2026-05-25,2890,liter,fuel,Consolidated daily report +Utility Consumption & Power saving calculations -May 2026.xlsm,Consolidated Utility Readings.,34,Imported from 2026-05 consolidated utility readings
MOEHE HQ / Permanent HQ,CAP-3000,2026-05-26,2890,liter,fuel,Consolidated daily report +Utility Consumption & Power saving calculations -May 2026.xlsm,Consolidated Utility Readings.,34,Imported from 2026-05 consolidated utility readings
MOEHE HQ / Permanent HQ,CAP-3000,2026-05-27,2890,liter,fuel,Consolidated daily report +Utility Consumption & Power saving calculations -May 2026.xlsm,Consolidated Utility Readings.,34,Imported from 2026-05 consolidated utility readings
MOEHE HQ / Permanent HQ,CAP-3000,2026-05-28,2890,liter,fuel,Consolidated daily report +Utility Consumption & Power saving calculations -May 2026.xlsm,Consolidated Utility Readings.,34,Imported from 2026-05 consolidated utility readings
MOEHE HQ / Permanent HQ,CAP-3000,2026-05-29,2890,liter,fuel,Consolidated daily report +Utility Consumption & Power saving calculations -May 2026.xlsm,Consolidated Utility Readings.,34,Imported from 2026-05 consolidated utility readings
MOEHE HQ / Permanent HQ,CAP-3000,2026-05-30,2890,liter,fuel,Consolidated daily report +Utility Consumption & Power saving calculations -May 2026.xlsm,Consolidated Utility Readings.,34,Imported from 2026-05 consolidated utility readings
MOEHE HQ / Permanent HQ,CAP-3000,2026-05-31,2890,liter,fuel,Consolidated daily report +Utility Consumption & Power saving calculations -May 2026.xlsm,Consolidated Utility Readings.,34,Imported from 2026-05 consolidated utility readings
MOEHE HQ / Permanent HQ,CHW-LOOP-1,2026-03-01,156043,m3,flow,Consolidated daily report +Utility Consumption & Power saving calculations -Mar 2026.xlsm,Consolidated Utility Readings.,37,Imported from 2026-03 consolidated utility readings
MOEHE HQ / Permanent HQ,CHW-LOOP-1,2026-03-02,156918,m3,flow,Consolidated daily report +Utility Consumption & Power saving calculations -Mar 2026.xlsm,Consolidated Utility Readings.,37,Imported from 2026-03 consolidated utility readings
MOEHE HQ / Permanent HQ,CHW-LOOP-1,2026-03-03,157968,m3,flow,Consolidated daily report +Utility Consumption & Power saving calculations -Mar 2026.xlsm,Consolidated Utility Readings.,37,Imported from 2026-03 consolidated utility readings
MOEHE HQ / Permanent HQ,CHW-LOOP-1,2026-03-04,158998,m3,flow,Consolidated daily report +Utility Consumption & Power saving calculations -Mar 2026.xlsm,Consolidated Utility Readings.,37,Imported from 2026-03 consolidated utility readings
MOEHE HQ / Permanent HQ,CHW-LOOP-1,2026-03-05,160011,m3,flow,Consolidated daily report +Utility Consumption & Power saving calculations -Mar 2026.xlsm,Consolidated Utility Readings.,37,Imported from 2026-03 consolidated utility readings
MOEHE HQ / Permanent HQ,CHW-LOOP-1,2026-03-06,161346,m3,flow,Consolidated daily report +Utility Consumption & Power saving calculations -Mar 2026.xlsm,Consolidated Utility Readings.,37,Imported from 2026-03 consolidated utility readings
MOEHE HQ / Permanent HQ,CHW-LOOP-1,2026-03-07,162024,m3,flow,Consolidated daily report +Utility Consumption & Power saving calculations -Mar 2026.xlsm,Consolidated Utility Readings.,37,Imported from 2026-03 consolidated utility readings
MOEHE HQ / Permanent HQ,CHW-LOOP-1,2026-03-08,162961,m3,flow,Consolidated daily report +Utility Consumption & Power saving calculations -Mar 2026.xlsm,Consolidated Utility Readings.,37,Imported from 2026-03 consolidated utility readings
MOEHE HQ / Permanent HQ,CHW-LOOP-1,2026-03-09,164012,m3,flow,Consolidated daily report +Utility Consumption & Power saving calculations -Mar 2026.xlsm,Consolidated Utility Readings.,37,Imported from 2026-03 consolidated utility readings
MOEHE HQ / Permanent HQ,CHW-LOOP-1,2026-03-10,165399,m3,flow,Consolidated daily report +Utility Consumption & Power saving calculations -Mar 2026.xlsm,Consolidated Utility Readings.,37,Imported from 2026-03 consolidated utility readings
MOEHE HQ / Permanent HQ,CHW-LOOP-1,2026-03-11,166705,m3,flow,Consolidated daily report +Utility Consumption & Power saving calculations -Mar 2026.xlsm,Consolidated Utility Readings.,37,Imported from 2026-03 consolidated utility readings
MOEHE HQ / Permanent HQ,CHW-LOOP-1,2026-03-12,167994,m3,flow,Consolidated daily report +Utility Consumption & Power saving calculations -Mar 2026.xlsm,Consolidated Utility Readings.,37,Imported from 2026-03 consolidated utility readings
MOEHE HQ / Permanent HQ,CHW-LOOP-1,2026-03-13,169384,m3,flow,Consolidated daily report +Utility Consumption & Power saving calculations -Mar 2026.xlsm,Consolidated Utility Readings.,37,Imported from 2026-03 consolidated utility readings
MOEHE HQ / Permanent HQ,CHW-LOOP-1,2026-03-14,170441,m3,flow,Consolidated daily report +Utility Consumption & Power saving calculations -Mar 2026.xlsm,Consolidated Utility Readings.,37,Imported from 2026-03 consolidated utility readings
MOEHE HQ / Permanent HQ,CHW-LOOP-1,2026-03-15,171613,m3,flow,Consolidated daily report +Utility Consumption & Power saving calculations -Mar 2026.xlsm,Consolidated Utility Readings.,37,Imported from 2026-03 consolidated utility readings
MOEHE HQ / Permanent HQ,CHW-LOOP-1,2026-03-16,172843,m3,flow,Consolidated daily report +Utility Consumption & Power saving calculations -Mar 2026.xlsm,Consolidated Utility Readings.,37,Imported from 2026-03 consolidated utility readings
MOEHE HQ / Permanent HQ,CHW-LOOP-1,2026-03-17,173948,m3,flow,Consolidated daily report +Utility Consumption & Power saving calculations -Mar 2026.xlsm,Consolidated Utility Readings.,37,Imported from 2026-03 consolidated utility readings
MOEHE HQ / Permanent HQ,CHW-LOOP-1,2026-03-18,175291,m3,flow,Consolidated daily report +Utility Consumption & Power saving calculations -Mar 2026.xlsm,Consolidated Utility Readings.,37,Imported from 2026-03 consolidated utility readings
MOEHE HQ / Permanent HQ,CHW-LOOP-1,2026-03-19,176606,m3,flow,Consolidated daily report +Utility Consumption & Power saving calculations -Mar 2026.xlsm,Consolidated Utility Readings.,37,Imported from 2026-03 consolidated utility readings
MOEHE HQ / Permanent HQ,CHW-LOOP-1,2026-03-20,176606,m3,flow,Consolidated daily report +Utility Consumption & Power saving calculations -Mar 2026.xlsm,Consolidated Utility Readings.,37,Imported from 2026-03 consolidated utility readings
MOEHE HQ / Permanent HQ,CHW-LOOP-1,2026-03-21,176606,m3,flow,Consolidated daily report +Utility Consumption & Power saving calculations -Mar 2026.xlsm,Consolidated Utility Readings.,37,Imported from 2026-03 consolidated utility readings
MOEHE HQ / Permanent HQ,CHW-LOOP-1,2026-03-22,176606,m3,flow,Consolidated daily report +Utility Consumption & Power saving calculations -Mar 2026.xlsm,Consolidated Utility Readings.,37,Imported from 2026-03 consolidated utility readings
MOEHE HQ / Permanent HQ,CHW-LOOP-1,2026-03-23,182820,m3,flow,Consolidated daily report +Utility Consumption & Power saving calculations -Mar 2026.xlsm,Consolidated Utility Readings.,37,Imported from 2026-03 consolidated utility readings
MOEHE HQ / Permanent HQ,CHW-LOOP-1,2026-03-24,184360,m3,flow,Consolidated daily report +Utility Consumption & Power saving calculations -Mar 2026.xlsm,Consolidated Utility Readings.,37,Imported from 2026-03 consolidated utility readings
MOEHE HQ / Permanent HQ,CHW-LOOP-1,2026-03-25,185788,m3,flow,Consolidated daily report +Utility Consumption & Power saving calculations -Mar 2026.xlsm,Consolidated Utility Readings.,37,Imported from 2026-03 consolidated utility readings
MOEHE HQ / Permanent HQ,CHW-LOOP-1,2026-03-26,187224,m3,flow,Consolidated daily report +Utility Consumption & Power saving calculations -Mar 2026.xlsm,Consolidated Utility Readings.,37,Imported from 2026-03 consolidated utility readings
MOEHE HQ / Permanent HQ,CHW-LOOP-1,2026-03-27,188875,m3,flow,Consolidated daily report +Utility Consumption & Power saving calculations -Mar 2026.xlsm,Consolidated Utility Readings.,37,Imported from 2026-03 consolidated utility readings
MOEHE HQ / Permanent HQ,CHW-LOOP-1,2026-03-28,190541,m3,flow,Consolidated daily report +Utility Consumption & Power saving calculations -Mar 2026.xlsm,Consolidated Utility Readings.,37,Imported from 2026-03 consolidated utility readings
MOEHE HQ / Permanent HQ,CHW-LOOP-1,2026-03-29,191805,m3,flow,Consolidated daily report +Utility Consumption & Power saving calculations -Mar 2026.xlsm,Consolidated Utility Readings.,37,Imported from 2026-03 consolidated utility readings
MOEHE HQ / Permanent HQ,CHW-LOOP-1,2026-03-30,193270,m3,flow,Consolidated daily report +Utility Consumption & Power saving calculations -Mar 2026.xlsm,Consolidated Utility Readings.,37,Imported from 2026-03 consolidated utility readings
MOEHE HQ / Permanent HQ,CHW-LOOP-1,2026-03-31,194666,m3,flow,Consolidated daily report +Utility Consumption & Power saving calculations -Mar 2026.xlsm,Consolidated Utility Readings.,37,Imported from 2026-03 consolidated utility readings
MOEHE HQ / Permanent HQ,CHW-LOOP-1,2026-04-01,196147,m3,flow,Consolidated daily report +Utility Consumption & Power saving calculations -Apr 2026.xlsm,Consolidated Utility Readings.,37,Imported from 2026-04 consolidated utility readings
MOEHE HQ / Permanent HQ,CHW-LOOP-1,2026-04-02,197576,m3,flow,Consolidated daily report +Utility Consumption & Power saving calculations -Apr 2026.xlsm,Consolidated Utility Readings.,37,Imported from 2026-04 consolidated utility readings
MOEHE HQ / Permanent HQ,CHW-LOOP-1,2026-04-03,199489,m3,flow,Consolidated daily report +Utility Consumption & Power saving calculations -Apr 2026.xlsm,Consolidated Utility Readings.,37,Imported from 2026-04 consolidated utility readings
MOEHE HQ / Permanent HQ,CHW-LOOP-1,2026-04-04,199489,m3,flow,Consolidated daily report +Utility Consumption & Power saving calculations -Apr 2026.xlsm,Consolidated Utility Readings.,37,Imported from 2026-04 consolidated utility readings
MOEHE HQ / Permanent HQ,CHW-LOOP-1,2026-04-05,201636,m3,flow,Consolidated daily report +Utility Consumption & Power saving calculations -Apr 2026.xlsm,Consolidated Utility Readings.,37,Imported from 2026-04 consolidated utility readings
MOEHE HQ / Permanent HQ,CHW-LOOP-1,2026-04-06,201636,m3,flow,Consolidated daily report +Utility Consumption & Power saving calculations -Apr 2026.xlsm,Consolidated Utility Readings.,37,Imported from 2026-04 consolidated utility readings
MOEHE HQ / Permanent HQ,CHW-LOOP-1,2026-04-07,204930,m3,flow,Consolidated daily report +Utility Consumption & Power saving calculations -Apr 2026.xlsm,Consolidated Utility Readings.,37,Imported from 2026-04 consolidated utility readings
MOEHE HQ / Permanent HQ,CHW-LOOP-1,2026-04-08,206536,m3,flow,Consolidated daily report +Utility Consumption & Power saving calculations -Apr 2026.xlsm,Consolidated Utility Readings.,37,Imported from 2026-04 consolidated utility readings
MOEHE HQ / Permanent HQ,CHW-LOOP-1,2026-04-09,208050,m3,flow,Consolidated daily report +Utility Consumption & Power saving calculations -Apr 2026.xlsm,Consolidated Utility Readings.,37,Imported from 2026-04 consolidated utility readings
MOEHE HQ / Permanent HQ,CHW-LOOP-1,2026-04-10,209598,m3,flow,Consolidated daily report +Utility Consumption & Power saving calculations -Apr 2026.xlsm,Consolidated Utility Readings.,37,Imported from 2026-04 consolidated utility readings
MOEHE HQ / Permanent HQ,CHW-LOOP-1,2026-04-11,209598,m3,flow,Consolidated daily report +Utility Consumption & Power saving calculations -Apr 2026.xlsm,Consolidated Utility Readings.,37,Imported from 2026-04 consolidated utility readings
MOEHE HQ / Permanent HQ,CHW-LOOP-1,2026-04-12,212301,m3,flow,Consolidated daily report +Utility Consumption & Power saving calculations -Apr 2026.xlsm,Consolidated Utility Readings.,37,Imported from 2026-04 consolidated utility readings
MOEHE HQ / Permanent HQ,CHW-LOOP-1,2026-04-13,213788,m3,flow,Consolidated daily report +Utility Consumption & Power saving calculations -Apr 2026.xlsm,Consolidated Utility Readings.,37,Imported from 2026-04 consolidated utility readings
MOEHE HQ / Permanent HQ,CHW-LOOP-1,2026-04-14,215309,m3,flow,Consolidated daily report +Utility Consumption & Power saving calculations -Apr 2026.xlsm,Consolidated Utility Readings.,37,Imported from 2026-04 consolidated utility readings
MOEHE HQ / Permanent HQ,CHW-LOOP-1,2026-04-15,216780,m3,flow,Consolidated daily report +Utility Consumption & Power saving calculations -Apr 2026.xlsm,Consolidated Utility Readings.,37,Imported from 2026-04 consolidated utility readings
MOEHE HQ / Permanent HQ,CHW-LOOP-1,2026-04-16,218275,m3,flow,Consolidated daily report +Utility Consumption & Power saving calculations -Apr 2026.xlsm,Consolidated Utility Readings.,37,Imported from 2026-04 consolidated utility readings
MOEHE HQ / Permanent HQ,CHW-LOOP-1,2026-04-17,219733,m3,flow,Consolidated daily report +Utility Consumption & Power saving calculations -Apr 2026.xlsm,Consolidated Utility Readings.,37,Imported from 2026-04 consolidated utility readings
MOEHE HQ / Permanent HQ,CHW-LOOP-1,2026-04-18,219733,m3,flow,Consolidated daily report +Utility Consumption & Power saving calculations -Apr 2026.xlsm,Consolidated Utility Readings.,37,Imported from 2026-04 consolidated utility readings
MOEHE HQ / Permanent HQ,CHW-LOOP-1,2026-04-19,222774,m3,flow,Consolidated daily report +Utility Consumption & Power saving calculations -Apr 2026.xlsm,Consolidated Utility Readings.,37,Imported from 2026-04 consolidated utility readings
MOEHE HQ / Permanent HQ,CHW-LOOP-1,2026-04-20,224425,m3,flow,Consolidated daily report +Utility Consumption & Power saving calculations -Apr 2026.xlsm,Consolidated Utility Readings.,37,Imported from 2026-04 consolidated utility readings
MOEHE HQ / Permanent HQ,CHW-LOOP-1,2026-04-21,226063,m3,flow,Consolidated daily report +Utility Consumption & Power saving calculations -Apr 2026.xlsm,Consolidated Utility Readings.,37,Imported from 2026-04 consolidated utility readings
MOEHE HQ / Permanent HQ,CHW-LOOP-1,2026-04-22,227987,m3,flow,Consolidated daily report +Utility Consumption & Power saving calculations -Apr 2026.xlsm,Consolidated Utility Readings.,37,Imported from 2026-04 consolidated utility readings
MOEHE HQ / Permanent HQ,CHW-LOOP-1,2026-04-23,229434,m3,flow,Consolidated daily report +Utility Consumption & Power saving calculations -Apr 2026.xlsm,Consolidated Utility Readings.,37,Imported from 2026-04 consolidated utility readings
MOEHE HQ / Permanent HQ,CHW-LOOP-1,2026-04-24,230841,m3,flow,Consolidated daily report +Utility Consumption & Power saving calculations -Apr 2026.xlsm,Consolidated Utility Readings.,37,Imported from 2026-04 consolidated utility readings
MOEHE HQ / Permanent HQ,CHW-LOOP-1,2026-04-25,232211,m3,flow,Consolidated daily report +Utility Consumption & Power saving calculations -Apr 2026.xlsm,Consolidated Utility Readings.,37,Imported from 2026-04 consolidated utility readings
MOEHE HQ / Permanent HQ,CHW-LOOP-1,2026-04-26,233580,m3,flow,Consolidated daily report +Utility Consumption & Power saving calculations -Apr 2026.xlsm,Consolidated Utility Readings.,37,Imported from 2026-04 consolidated utility readings
MOEHE HQ / Permanent HQ,CHW-LOOP-1,2026-04-27,235087,m3,flow,Consolidated daily report +Utility Consumption & Power saving calculations -Apr 2026.xlsm,Consolidated Utility Readings.,37,Imported from 2026-04 consolidated utility readings
MOEHE HQ / Permanent HQ,CHW-LOOP-1,2026-04-28,236597,m3,flow,Consolidated daily report +Utility Consumption & Power saving calculations -Apr 2026.xlsm,Consolidated Utility Readings.,37,Imported from 2026-04 consolidated utility readings
MOEHE HQ / Permanent HQ,CHW-LOOP-1,2026-04-29,238025,m3,flow,Consolidated daily report +Utility Consumption & Power saving calculations -Apr 2026.xlsm,Consolidated Utility Readings.,37,Imported from 2026-04 consolidated utility readings
MOEHE HQ / Permanent HQ,CHW-LOOP-1,2026-04-30,239549,m3,flow,Consolidated daily report +Utility Consumption & Power saving calculations -Apr 2026.xlsm,Consolidated Utility Readings.,37,Imported from 2026-04 consolidated utility readings
MOEHE HQ / Permanent HQ,CHW-LOOP-1,2026-05-01,241160,m3,flow,Consolidated daily report +Utility Consumption & Power saving calculations -May 2026.xlsm,Consolidated Utility Readings.,37,Imported from 2026-05 consolidated utility readings
MOEHE HQ / Permanent HQ,CHW-LOOP-1,2026-05-02,243006,m3,flow,Consolidated daily report +Utility Consumption & Power saving calculations -May 2026.xlsm,Consolidated Utility Readings.,37,Imported from 2026-05 consolidated utility readings
MOEHE HQ / Permanent HQ,CHW-LOOP-1,2026-05-03,244389,m3,flow,Consolidated daily report +Utility Consumption & Power saving calculations -May 2026.xlsm,Consolidated Utility Readings.,37,Imported from 2026-05 consolidated utility readings
MOEHE HQ / Permanent HQ,CHW-LOOP-1,2026-05-04,246020,m3,flow,Consolidated daily report +Utility Consumption & Power saving calculations -May 2026.xlsm,Consolidated Utility Readings.,37,Imported from 2026-05 consolidated utility readings
MOEHE HQ / Permanent HQ,CHW-LOOP-1,2026-05-05,247561,m3,flow,Consolidated daily report +Utility Consumption & Power saving calculations -May 2026.xlsm,Consolidated Utility Readings.,37,Imported from 2026-05 consolidated utility readings
MOEHE HQ / Permanent HQ,CHW-LOOP-1,2026-05-06,247561,m3,flow,Consolidated daily report +Utility Consumption & Power saving calculations -May 2026.xlsm,Consolidated Utility Readings.,37,Imported from 2026-05 consolidated utility readings
MOEHE HQ / Permanent HQ,CHW-LOOP-1,2026-05-07,250876,m3,flow,Consolidated daily report +Utility Consumption & Power saving calculations -May 2026.xlsm,Consolidated Utility Readings.,37,Imported from 2026-05 consolidated utility readings
MOEHE HQ / Permanent HQ,CHW-LOOP-1,2026-05-08,252429,m3,flow,Consolidated daily report +Utility Consumption & Power saving calculations -May 2026.xlsm,Consolidated Utility Readings.,37,Imported from 2026-05 consolidated utility readings
MOEHE HQ / Permanent HQ,CHW-LOOP-1,2026-05-09,246020,m3,flow,Consolidated daily report +Utility Consumption & Power saving calculations -May 2026.xlsm,Consolidated Utility Readings.,37,Imported from 2026-05 consolidated utility readings
MOEHE HQ / Permanent HQ,CHW-LOOP-1,2026-05-10,255339,m3,flow,Consolidated daily report +Utility Consumption & Power saving calculations -May 2026.xlsm,Consolidated Utility Readings.,37,Imported from 2026-05 consolidated utility readings
MOEHE HQ / Permanent HQ,CHW-LOOP-1,2026-05-11,256982,m3,flow,Consolidated daily report +Utility Consumption & Power saving calculations -May 2026.xlsm,Consolidated Utility Readings.,37,Imported from 2026-05 consolidated utility readings
MOEHE HQ / Permanent HQ,CHW-LOOP-1,2026-05-12,258676,m3,flow,Consolidated daily report +Utility Consumption & Power saving calculations -May 2026.xlsm,Consolidated Utility Readings.,37,Imported from 2026-05 consolidated utility readings
MOEHE HQ / Permanent HQ,CHW-LOOP-1,2026-05-13,260360,m3,flow,Consolidated daily report +Utility Consumption & Power saving calculations -May 2026.xlsm,Consolidated Utility Readings.,37,Imported from 2026-05 consolidated utility readings
MOEHE HQ / Permanent HQ,CHW-LOOP-1,2026-05-14,262074,m3,flow,Consolidated daily report +Utility Consumption & Power saving calculations -May 2026.xlsm,Consolidated Utility Readings.,37,Imported from 2026-05 consolidated utility readings
MOEHE HQ / Permanent HQ,CHW-LOOP-1,2026-05-15,263873,m3,flow,Consolidated daily report +Utility Consumption & Power saving calculations -May 2026.xlsm,Consolidated Utility Readings.,37,Imported from 2026-05 consolidated utility readings
MOEHE HQ / Permanent HQ,CHW-LOOP-1,2026-05-16,267183,m3,flow,Consolidated daily report +Utility Consumption & Power saving calculations -May 2026.xlsm,Consolidated Utility Readings.,37,Imported from 2026-05 consolidated utility readings
MOEHE HQ / Permanent HQ,CHW-LOOP-1,2026-05-17,267183,m3,flow,Consolidated daily report +Utility Consumption & Power saving calculations -May 2026.xlsm,Consolidated Utility Readings.,37,Imported from 2026-05 consolidated utility readings
MOEHE HQ / Permanent HQ,CHW-LOOP-1,2026-05-18,268921,m3,flow,Consolidated daily report +Utility Consumption & Power saving calculations -May 2026.xlsm,Consolidated Utility Readings.,37,Imported from 2026-05 consolidated utility readings
MOEHE HQ / Permanent HQ,CHW-LOOP-1,2026-05-19,270629,m3,flow,Consolidated daily report +Utility Consumption & Power saving calculations -May 2026.xlsm,Consolidated Utility Readings.,37,Imported from 2026-05 consolidated utility readings
MOEHE HQ / Permanent HQ,CHW-LOOP-1,2026-05-20,272302,m3,flow,Consolidated daily report +Utility Consumption & Power saving calculations -May 2026.xlsm,Consolidated Utility Readings.,37,Imported from 2026-05 consolidated utility readings
MOEHE HQ / Permanent HQ,CHW-LOOP-1,2026-05-21,274015,m3,flow,Consolidated daily report +Utility Consumption & Power saving calculations -May 2026.xlsm,Consolidated Utility Readings.,37,Imported from 2026-05 consolidated utility readings
MOEHE HQ / Permanent HQ,CHW-LOOP-1,2026-05-22,275610,m3,flow,Consolidated daily report +Utility Consumption & Power saving calculations -May 2026.xlsm,Consolidated Utility Readings.,37,Imported from 2026-05 consolidated utility readings
MOEHE HQ / Permanent HQ,CHW-LOOP-1,2026-05-23,277059,m3,flow,Consolidated daily report +Utility Consumption & Power saving calculations -May 2026.xlsm,Consolidated Utility Readings.,37,Imported from 2026-05 consolidated utility readings
MOEHE HQ / Permanent HQ,CHW-LOOP-1,2026-05-24,278467,m3,flow,Consolidated daily report +Utility Consumption & Power saving calculations -May 2026.xlsm,Consolidated Utility Readings.,37,Imported from 2026-05 consolidated utility readings
MOEHE HQ / Permanent HQ,CHW-LOOP-1,2026-05-25,281216,m3,flow,Consolidated daily report +Utility Consumption & Power saving calculations -May 2026.xlsm,Consolidated Utility Readings.,37,Imported from 2026-05 consolidated utility readings
MOEHE HQ / Permanent HQ,CHW-LOOP-1,2026-05-26,281216,m3,flow,Consolidated daily report +Utility Consumption & Power saving calculations -May 2026.xlsm,Consolidated Utility Readings.,37,Imported from 2026-05 consolidated utility readings
MOEHE HQ / Permanent HQ,CHW-LOOP-1,2026-05-27,281216,m3,flow,Consolidated daily report +Utility Consumption & Power saving calculations -May 2026.xlsm,Consolidated Utility Readings.,37,Imported from 2026-05 consolidated utility readings
MOEHE HQ / Permanent HQ,CHW-LOOP-1,2026-05-28,281216,m3,flow,Consolidated daily report +Utility Consumption & Power saving calculations -May 2026.xlsm,Consolidated Utility Readings.,37,Imported from 2026-05 consolidated utility readings
MOEHE HQ / Permanent HQ,CHW-LOOP-1,2026-05-29,281216,m3,flow,Consolidated daily report +Utility Consumption & Power saving calculations -May 2026.xlsm,Consolidated Utility Readings.,37,Imported from 2026-05 consolidated utility readings
MOEHE HQ / Permanent HQ,CHW-LOOP-1,2026-05-30,281216,m3,flow,Consolidated daily report +Utility Consumption & Power saving calculations -May 2026.xlsm,Consolidated Utility Readings.,37,Imported from 2026-05 consolidated utility readings
MOEHE HQ / Permanent HQ,CHW-LOOP-1,2026-05-31,286205,m3,flow,Consolidated daily report +Utility Consumption & Power saving calculations -May 2026.xlsm,Consolidated Utility Readings.,37,Imported from 2026-05 consolidated utility readings
MOEHE HQ / Permanent HQ,CHW-LOOP-2,2026-03-01,458877,m3,flow,Consolidated daily report +Utility Consumption & Power saving calculations -Mar 2026.xlsm,Consolidated Utility Readings.,38,Imported from 2026-03 consolidated utility readings
MOEHE HQ / Permanent HQ,CHW-LOOP-2,2026-03-02,462761,m3,flow,Consolidated daily report +Utility Consumption & Power saving calculations -Mar 2026.xlsm,Consolidated Utility Readings.,38,Imported from 2026-03 consolidated utility readings
MOEHE HQ / Permanent HQ,CHW-LOOP-2,2026-03-03,466682,m3,flow,Consolidated daily report +Utility Consumption & Power saving calculations -Mar 2026.xlsm,Consolidated Utility Readings.,38,Imported from 2026-03 consolidated utility readings
MOEHE HQ / Permanent HQ,CHW-LOOP-2,2026-03-04,470590,m3,flow,Consolidated daily report +Utility Consumption & Power saving calculations -Mar 2026.xlsm,Consolidated Utility Readings.,38,Imported from 2026-03 consolidated utility readings
MOEHE HQ / Permanent HQ,CHW-LOOP-2,2026-03-05,474523,m3,flow,Consolidated daily report +Utility Consumption & Power saving calculations -Mar 2026.xlsm,Consolidated Utility Readings.,38,Imported from 2026-03 consolidated utility readings
MOEHE HQ / Permanent HQ,CHW-LOOP-2,2026-03-06,479885,m3,flow,Consolidated daily report +Utility Consumption & Power saving calculations -Mar 2026.xlsm,Consolidated Utility Readings.,38,Imported from 2026-03 consolidated utility readings
MOEHE HQ / Permanent HQ,CHW-LOOP-2,2026-03-07,482760,m3,flow,Consolidated daily report +Utility Consumption & Power saving calculations -Mar 2026.xlsm,Consolidated Utility Readings.,38,Imported from 2026-03 consolidated utility readings
MOEHE HQ / Permanent HQ,CHW-LOOP-2,2026-03-08,486545,m3,flow,Consolidated daily report +Utility Consumption & Power saving calculations -Mar 2026.xlsm,Consolidated Utility Readings.,38,Imported from 2026-03 consolidated utility readings
MOEHE HQ / Permanent HQ,CHW-LOOP-2,2026-03-09,490560,m3,flow,Consolidated daily report +Utility Consumption & Power saving calculations -Mar 2026.xlsm,Consolidated Utility Readings.,38,Imported from 2026-03 consolidated utility readings
MOEHE HQ / Permanent HQ,CHW-LOOP-2,2026-03-10,494841,m3,flow,Consolidated daily report +Utility Consumption & Power saving calculations -Mar 2026.xlsm,Consolidated Utility Readings.,38,Imported from 2026-03 consolidated utility readings
MOEHE HQ / Permanent HQ,CHW-LOOP-2,2026-03-11,499022,m3,flow,Consolidated daily report +Utility Consumption & Power saving calculations -Mar 2026.xlsm,Consolidated Utility Readings.,38,Imported from 2026-03 consolidated utility readings
MOEHE HQ / Permanent HQ,CHW-LOOP-2,2026-03-12,503112,m3,flow,Consolidated daily report +Utility Consumption & Power saving calculations -Mar 2026.xlsm,Consolidated Utility Readings.,38,Imported from 2026-03 consolidated utility readings
MOEHE HQ / Permanent HQ,CHW-LOOP-2,2026-03-13,507634,m3,flow,Consolidated daily report +Utility Consumption & Power saving calculations -Mar 2026.xlsm,Consolidated Utility Readings.,38,Imported from 2026-03 consolidated utility readings
MOEHE HQ / Permanent HQ,CHW-LOOP-2,2026-03-14,511322,m3,flow,Consolidated daily report +Utility Consumption & Power saving calculations -Mar 2026.xlsm,Consolidated Utility Readings.,38,Imported from 2026-03 consolidated utility readings
MOEHE HQ / Permanent HQ,CHW-LOOP-2,2026-03-15,515482,m3,flow,Consolidated daily report +Utility Consumption & Power saving calculations -Mar 2026.xlsm,Consolidated Utility Readings.,38,Imported from 2026-03 consolidated utility readings
MOEHE HQ / Permanent HQ,CHW-LOOP-2,2026-03-16,519650,m3,flow,Consolidated daily report +Utility Consumption & Power saving calculations -Mar 2026.xlsm,Consolidated Utility Readings.,38,Imported from 2026-03 consolidated utility readings
MOEHE HQ / Permanent HQ,CHW-LOOP-2,2026-03-17,523769,m3,flow,Consolidated daily report +Utility Consumption & Power saving calculations -Mar 2026.xlsm,Consolidated Utility Readings.,38,Imported from 2026-03 consolidated utility readings
MOEHE HQ / Permanent HQ,CHW-LOOP-2,2026-03-18,528156,m3,flow,Consolidated daily report +Utility Consumption & Power saving calculations -Mar 2026.xlsm,Consolidated Utility Readings.,38,Imported from 2026-03 consolidated utility readings
MOEHE HQ / Permanent HQ,CHW-LOOP-2,2026-03-19,532360,m3,flow,Consolidated daily report +Utility Consumption & Power saving calculations -Mar 2026.xlsm,Consolidated Utility Readings.,38,Imported from 2026-03 consolidated utility readings
MOEHE HQ / Permanent HQ,CHW-LOOP-2,2026-03-20,532360,m3,flow,Consolidated daily report +Utility Consumption & Power saving calculations -Mar 2026.xlsm,Consolidated Utility Readings.,38,Imported from 2026-03 consolidated utility readings
MOEHE HQ / Permanent HQ,CHW-LOOP-2,2026-03-21,532360,m3,flow,Consolidated daily report +Utility Consumption & Power saving calculations -Mar 2026.xlsm,Consolidated Utility Readings.,38,Imported from 2026-03 consolidated utility readings
MOEHE HQ / Permanent HQ,CHW-LOOP-2,2026-03-22,532360,m3,flow,Consolidated daily report +Utility Consumption & Power saving calculations -Mar 2026.xlsm,Consolidated Utility Readings.,38,Imported from 2026-03 consolidated utility readings
MOEHE HQ / Permanent HQ,CHW-LOOP-2,2026-03-23,549587,m3,flow,Consolidated daily report +Utility Consumption & Power saving calculations -Mar 2026.xlsm,Consolidated Utility Readings.,38,Imported from 2026-03 consolidated utility readings
MOEHE HQ / Permanent HQ,CHW-LOOP-2,2026-03-24,553961,m3,flow,Consolidated daily report +Utility Consumption & Power saving calculations -Mar 2026.xlsm,Consolidated Utility Readings.,38,Imported from 2026-03 consolidated utility readings
MOEHE HQ / Permanent HQ,CHW-LOOP-2,2026-03-25,558170,m3,flow,Consolidated daily report +Utility Consumption & Power saving calculations -Mar 2026.xlsm,Consolidated Utility Readings.,38,Imported from 2026-03 consolidated utility readings
MOEHE HQ / Permanent HQ,CHW-LOOP-2,2026-03-26,562483,m3,flow,Consolidated daily report +Utility Consumption & Power saving calculations -Mar 2026.xlsm,Consolidated Utility Readings.,38,Imported from 2026-03 consolidated utility readings
MOEHE HQ / Permanent HQ,CHW-LOOP-2,2026-03-27,566837,m3,flow,Consolidated daily report +Utility Consumption & Power saving calculations -Mar 2026.xlsm,Consolidated Utility Readings.,38,Imported from 2026-03 consolidated utility readings
MOEHE HQ / Permanent HQ,CHW-LOOP-2,2026-03-28,571394,m3,flow,Consolidated daily report +Utility Consumption & Power saving calculations -Mar 2026.xlsm,Consolidated Utility Readings.,38,Imported from 2026-03 consolidated utility readings
MOEHE HQ / Permanent HQ,CHW-LOOP-2,2026-03-29,575086,m3,flow,Consolidated daily report +Utility Consumption & Power saving calculations -Mar 2026.xlsm,Consolidated Utility Readings.,38,Imported from 2026-03 consolidated utility readings
MOEHE HQ / Permanent HQ,CHW-LOOP-2,2026-03-30,579506,m3,flow,Consolidated daily report +Utility Consumption & Power saving calculations -Mar 2026.xlsm,Consolidated Utility Readings.,38,Imported from 2026-03 consolidated utility readings
MOEHE HQ / Permanent HQ,CHW-LOOP-2,2026-03-31,583770,m3,flow,Consolidated daily report +Utility Consumption & Power saving calculations -Mar 2026.xlsm,Consolidated Utility Readings.,38,Imported from 2026-03 consolidated utility readings
MOEHE HQ / Permanent HQ,CHW-LOOP-2,2026-04-01,588129,m3,flow,Consolidated daily report +Utility Consumption & Power saving calculations -Apr 2026.xlsm,Consolidated Utility Readings.,38,Imported from 2026-04 consolidated utility readings
MOEHE HQ / Permanent HQ,CHW-LOOP-2,2026-04-02,592236,m3,flow,Consolidated daily report +Utility Consumption & Power saving calculations -Apr 2026.xlsm,Consolidated Utility Readings.,38,Imported from 2026-04 consolidated utility readings
MOEHE HQ / Permanent HQ,CHW-LOOP-2,2026-04-03,597943,m3,flow,Consolidated daily report +Utility Consumption & Power saving calculations -Apr 2026.xlsm,Consolidated Utility Readings.,38,Imported from 2026-04 consolidated utility readings
MOEHE HQ / Permanent HQ,CHW-LOOP-2,2026-04-04,597943,m3,flow,Consolidated daily report +Utility Consumption & Power saving calculations -Apr 2026.xlsm,Consolidated Utility Readings.,38,Imported from 2026-04 consolidated utility readings
MOEHE HQ / Permanent HQ,CHW-LOOP-2,2026-04-05,604916,m3,flow,Consolidated daily report +Utility Consumption & Power saving calculations -Apr 2026.xlsm,Consolidated Utility Readings.,38,Imported from 2026-04 consolidated utility readings
MOEHE HQ / Permanent HQ,CHW-LOOP-2,2026-04-06,604916,m3,flow,Consolidated daily report +Utility Consumption & Power saving calculations -Apr 2026.xlsm,Consolidated Utility Readings.,38,Imported from 2026-04 consolidated utility readings
MOEHE HQ / Permanent HQ,CHW-LOOP-2,2026-04-07,613351,m3,flow,Consolidated daily report +Utility Consumption & Power saving calculations -Apr 2026.xlsm,Consolidated Utility Readings.,38,Imported from 2026-04 consolidated utility readings
MOEHE HQ / Permanent HQ,CHW-LOOP-2,2026-04-08,617716,m3,flow,Consolidated daily report +Utility Consumption & Power saving calculations -Apr 2026.xlsm,Consolidated Utility Readings.,38,Imported from 2026-04 consolidated utility readings
MOEHE HQ / Permanent HQ,CHW-LOOP-2,2026-04-09,621948,m3,flow,Consolidated daily report +Utility Consumption & Power saving calculations -Apr 2026.xlsm,Consolidated Utility Readings.,38,Imported from 2026-04 consolidated utility readings
MOEHE HQ / Permanent HQ,CHW-LOOP-2,2026-04-10,626277,m3,flow,Consolidated daily report +Utility Consumption & Power saving calculations -Apr 2026.xlsm,Consolidated Utility Readings.,38,Imported from 2026-04 consolidated utility readings
MOEHE HQ / Permanent HQ,CHW-LOOP-2,2026-04-11,626277,m3,flow,Consolidated daily report +Utility Consumption & Power saving calculations -Apr 2026.xlsm,Consolidated Utility Readings.,38,Imported from 2026-04 consolidated utility readings
MOEHE HQ / Permanent HQ,CHW-LOOP-2,2026-04-12,633945,m3,flow,Consolidated daily report +Utility Consumption & Power saving calculations -Apr 2026.xlsm,Consolidated Utility Readings.,38,Imported from 2026-04 consolidated utility readings
MOEHE HQ / Permanent HQ,CHW-LOOP-2,2026-04-13,638239,m3,flow,Consolidated daily report +Utility Consumption & Power saving calculations -Apr 2026.xlsm,Consolidated Utility Readings.,38,Imported from 2026-04 consolidated utility readings
MOEHE HQ / Permanent HQ,CHW-LOOP-2,2026-04-14,642559,m3,flow,Consolidated daily report +Utility Consumption & Power saving calculations -Apr 2026.xlsm,Consolidated Utility Readings.,38,Imported from 2026-04 consolidated utility readings
MOEHE HQ / Permanent HQ,CHW-LOOP-2,2026-04-15,646779,m3,flow,Consolidated daily report +Utility Consumption & Power saving calculations -Apr 2026.xlsm,Consolidated Utility Readings.,38,Imported from 2026-04 consolidated utility readings
MOEHE HQ / Permanent HQ,CHW-LOOP-2,2026-04-16,651086,m3,flow,Consolidated daily report +Utility Consumption & Power saving calculations -Apr 2026.xlsm,Consolidated Utility Readings.,38,Imported from 2026-04 consolidated utility readings
MOEHE HQ / Permanent HQ,CHW-LOOP-2,2026-04-17,655345,m3,flow,Consolidated daily report +Utility Consumption & Power saving calculations -Apr 2026.xlsm,Consolidated Utility Readings.,38,Imported from 2026-04 consolidated utility readings
MOEHE HQ / Permanent HQ,CHW-LOOP-2,2026-04-18,655345,m3,flow,Consolidated daily report +Utility Consumption & Power saving calculations -Apr 2026.xlsm,Consolidated Utility Readings.,38,Imported from 2026-04 consolidated utility readings
MOEHE HQ / Permanent HQ,CHW-LOOP-2,2026-04-19,663818,m3,flow,Consolidated daily report +Utility Consumption & Power saving calculations -Apr 2026.xlsm,Consolidated Utility Readings.,38,Imported from 2026-04 consolidated utility readings
MOEHE HQ / Permanent HQ,CHW-LOOP-2,2026-04-20,668276,m3,flow,Consolidated daily report +Utility Consumption & Power saving calculations -Apr 2026.xlsm,Consolidated Utility Readings.,38,Imported from 2026-04 consolidated utility readings
MOEHE HQ / Permanent HQ,CHW-LOOP-2,2026-04-21,672576,m3,flow,Consolidated daily report +Utility Consumption & Power saving calculations -Apr 2026.xlsm,Consolidated Utility Readings.,38,Imported from 2026-04 consolidated utility readings
MOEHE HQ / Permanent HQ,CHW-LOOP-2,2026-04-22,676998,m3,flow,Consolidated daily report +Utility Consumption & Power saving calculations -Apr 2026.xlsm,Consolidated Utility Readings.,38,Imported from 2026-04 consolidated utility readings
MOEHE HQ / Permanent HQ,CHW-LOOP-2,2026-04-23,670738,m3,flow,Consolidated daily report +Utility Consumption & Power saving calculations -Apr 2026.xlsm,Consolidated Utility Readings.,38,Imported from 2026-04 consolidated utility readings
MOEHE HQ / Permanent HQ,CHW-LOOP-2,2026-04-24,664048,m3,flow,Consolidated daily report +Utility Consumption & Power saving calculations -Apr 2026.xlsm,Consolidated Utility Readings.,38,Imported from 2026-04 consolidated utility readings
MOEHE HQ / Permanent HQ,CHW-LOOP-2,2026-04-25,670738,m3,flow,Consolidated daily report +Utility Consumption & Power saving calculations -Apr 2026.xlsm,Consolidated Utility Readings.,38,Imported from 2026-04 consolidated utility readings
MOEHE HQ / Permanent HQ,CHW-LOOP-2,2026-04-26,652840,m3,flow,Consolidated daily report +Utility Consumption & Power saving calculations -Apr 2026.xlsm,Consolidated Utility Readings.,38,Imported from 2026-04 consolidated utility readings
MOEHE HQ / Permanent HQ,CHW-LOOP-2,2026-04-27,644372,m3,flow,Consolidated daily report +Utility Consumption & Power saving calculations -Apr 2026.xlsm,Consolidated Utility Readings.,38,Imported from 2026-04 consolidated utility readings
MOEHE HQ / Permanent HQ,CHW-LOOP-2,2026-04-28,633520,m3,flow,Consolidated daily report +Utility Consumption & Power saving calculations -Apr 2026.xlsm,Consolidated Utility Readings.,38,Imported from 2026-04 consolidated utility readings
MOEHE HQ / Permanent HQ,CHW-LOOP-2,2026-04-29,623062,m3,flow,Consolidated daily report +Utility Consumption & Power saving calculations -Apr 2026.xlsm,Consolidated Utility Readings.,38,Imported from 2026-04 consolidated utility readings
MOEHE HQ / Permanent HQ,CHW-LOOP-2,2026-04-30,616147,m3,flow,Consolidated daily report +Utility Consumption & Power saving calculations -Apr 2026.xlsm,Consolidated Utility Readings.,38,Imported from 2026-04 consolidated utility readings
MOEHE HQ / Permanent HQ,CHW-LOOP-2,2026-05-01,612473,m3,flow,Consolidated daily report +Utility Consumption & Power saving calculations -May 2026.xlsm,Consolidated Utility Readings.,38,Imported from 2026-05 consolidated utility readings
MOEHE HQ / Permanent HQ,CHW-LOOP-2,2026-05-02,609608,m3,flow,Consolidated daily report +Utility Consumption & Power saving calculations -May 2026.xlsm,Consolidated Utility Readings.,38,Imported from 2026-05 consolidated utility readings
MOEHE HQ / Permanent HQ,CHW-LOOP-2,2026-05-03,613068,m3,flow,Consolidated daily report +Utility Consumption & Power saving calculations -May 2026.xlsm,Consolidated Utility Readings.,38,Imported from 2026-05 consolidated utility readings
MOEHE HQ / Permanent HQ,CHW-LOOP-2,2026-05-04,614355,m3,flow,Consolidated daily report +Utility Consumption & Power saving calculations -May 2026.xlsm,Consolidated Utility Readings.,38,Imported from 2026-05 consolidated utility readings
MOEHE HQ / Permanent HQ,CHW-LOOP-2,2026-05-05,614355,m3,flow,Consolidated daily report +Utility Consumption & Power saving calculations -May 2026.xlsm,Consolidated Utility Readings.,38,Imported from 2026-05 consolidated utility readings
MOEHE HQ / Permanent HQ,CHW-LOOP-2,2026-05-06,614355,m3,flow,Consolidated daily report +Utility Consumption & Power saving calculations -May 2026.xlsm,Consolidated Utility Readings.,38,Imported from 2026-05 consolidated utility readings
MOEHE HQ / Permanent HQ,CHW-LOOP-2,2026-05-07,614355,m3,flow,Consolidated daily report +Utility Consumption & Power saving calculations -May 2026.xlsm,Consolidated Utility Readings.,38,Imported from 2026-05 consolidated utility readings
MOEHE HQ / Permanent HQ,CHW-LOOP-2,2026-05-08,614355,m3,flow,Consolidated daily report +Utility Consumption & Power saving calculations -May 2026.xlsm,Consolidated Utility Readings.,38,Imported from 2026-05 consolidated utility readings
MOEHE HQ / Permanent HQ,CHW-LOOP-2,2026-05-09,614355,m3,flow,Consolidated daily report +Utility Consumption & Power saving calculations -May 2026.xlsm,Consolidated Utility Readings.,38,Imported from 2026-05 consolidated utility readings
MOEHE HQ / Permanent HQ,CHW-LOOP-2,2026-05-10,614355,m3,flow,Consolidated daily report +Utility Consumption & Power saving calculations -May 2026.xlsm,Consolidated Utility Readings.,38,Imported from 2026-05 consolidated utility readings
MOEHE HQ / Permanent HQ,CHW-LOOP-2,2026-05-11,614355,m3,flow,Consolidated daily report +Utility Consumption & Power saving calculations -May 2026.xlsm,Consolidated Utility Readings.,38,Imported from 2026-05 consolidated utility readings
MOEHE HQ / Permanent HQ,CHW-LOOP-2,2026-05-12,614355,m3,flow,Consolidated daily report +Utility Consumption & Power saving calculations -May 2026.xlsm,Consolidated Utility Readings.,38,Imported from 2026-05 consolidated utility readings
MOEHE HQ / Permanent HQ,CHW-LOOP-2,2026-05-13,614355,m3,flow,Consolidated daily report +Utility Consumption & Power saving calculations -May 2026.xlsm,Consolidated Utility Readings.,38,Imported from 2026-05 consolidated utility readings
MOEHE HQ / Permanent HQ,CHW-LOOP-2,2026-05-14,614355,m3,flow,Consolidated daily report +Utility Consumption & Power saving calculations -May 2026.xlsm,Consolidated Utility Readings.,38,Imported from 2026-05 consolidated utility readings
MOEHE HQ / Permanent HQ,CHW-LOOP-2,2026-05-15,614355,m3,flow,Consolidated daily report +Utility Consumption & Power saving calculations -May 2026.xlsm,Consolidated Utility Readings.,38,Imported from 2026-05 consolidated utility readings
MOEHE HQ / Permanent HQ,CHW-LOOP-2,2026-05-16,614355,m3,flow,Consolidated daily report +Utility Consumption & Power saving calculations -May 2026.xlsm,Consolidated Utility Readings.,38,Imported from 2026-05 consolidated utility readings
MOEHE HQ / Permanent HQ,CHW-LOOP-2,2026-05-17,614355,m3,flow,Consolidated daily report +Utility Consumption & Power saving calculations -May 2026.xlsm,Consolidated Utility Readings.,38,Imported from 2026-05 consolidated utility readings
MOEHE HQ / Permanent HQ,CHW-LOOP-2,2026-05-18,614355,m3,flow,Consolidated daily report +Utility Consumption & Power saving calculations -May 2026.xlsm,Consolidated Utility Readings.,38,Imported from 2026-05 consolidated utility readings
MOEHE HQ / Permanent HQ,CHW-LOOP-2,2026-05-19,614355,m3,flow,Consolidated daily report +Utility Consumption & Power saving calculations -May 2026.xlsm,Consolidated Utility Readings.,38,Imported from 2026-05 consolidated utility readings
MOEHE HQ / Permanent HQ,CHW-LOOP-2,2026-05-20,614355,m3,flow,Consolidated daily report +Utility Consumption & Power saving calculations -May 2026.xlsm,Consolidated Utility Readings.,38,Imported from 2026-05 consolidated utility readings
MOEHE HQ / Permanent HQ,CHW-LOOP-2,2026-05-21,614355,m3,flow,Consolidated daily report +Utility Consumption & Power saving calculations -May 2026.xlsm,Consolidated Utility Readings.,38,Imported from 2026-05 consolidated utility readings
MOEHE HQ / Permanent HQ,CHW-LOOP-2,2026-05-22,614355,m3,flow,Consolidated daily report +Utility Consumption & Power saving calculations -May 2026.xlsm,Consolidated Utility Readings.,38,Imported from 2026-05 consolidated utility readings
MOEHE HQ / Permanent HQ,CHW-LOOP-2,2026-05-23,614355,m3,flow,Consolidated daily report +Utility Consumption & Power saving calculations -May 2026.xlsm,Consolidated Utility Readings.,38,Imported from 2026-05 consolidated utility readings
MOEHE HQ / Permanent HQ,CHW-LOOP-2,2026-05-24,614355,m3,flow,Consolidated daily report +Utility Consumption & Power saving calculations -May 2026.xlsm,Consolidated Utility Readings.,38,Imported from 2026-05 consolidated utility readings
MOEHE HQ / Permanent HQ,CHW-LOOP-2,2026-05-25,614355,m3,flow,Consolidated daily report +Utility Consumption & Power saving calculations -May 2026.xlsm,Consolidated Utility Readings.,38,Imported from 2026-05 consolidated utility readings
MOEHE HQ / Permanent HQ,CHW-LOOP-2,2026-05-26,614355,m3,flow,Consolidated daily report +Utility Consumption & Power saving calculations -May 2026.xlsm,Consolidated Utility Readings.,38,Imported from 2026-05 consolidated utility readings
MOEHE HQ / Permanent HQ,CHW-LOOP-2,2026-05-27,614355,m3,flow,Consolidated daily report +Utility Consumption & Power saving calculations -May 2026.xlsm,Consolidated Utility Readings.,38,Imported from 2026-05 consolidated utility readings
MOEHE HQ / Permanent HQ,CHW-LOOP-2,2026-05-28,614355,m3,flow,Consolidated daily report +Utility Consumption & Power saving calculations -May 2026.xlsm,Consolidated Utility Readings.,38,Imported from 2026-05 consolidated utility readings
MOEHE HQ / Permanent HQ,CHW-LOOP-2,2026-05-29,614355,m3,flow,Consolidated daily report +Utility Consumption & Power saving calculations -May 2026.xlsm,Consolidated Utility Readings.,38,Imported from 2026-05 consolidated utility readings
MOEHE HQ / Permanent HQ,CHW-LOOP-2,2026-05-30,614355,m3,flow,Consolidated daily report +Utility Consumption & Power saving calculations -May 2026.xlsm,Consolidated Utility Readings.,38,Imported from 2026-05 consolidated utility readings
MOEHE HQ / Permanent HQ,CHW-LOOP-2,2026-05-31,614355,m3,flow,Consolidated daily report +Utility Consumption & Power saving calculations -May 2026.xlsm,Consolidated Utility Readings.,38,Imported from 2026-05 consolidated utility readings
MOEHE HQ / Permanent HQ,CHW-LOOP-3,2026-03-01,211997,m3,flow,Consolidated daily report +Utility Consumption & Power saving calculations -Mar 2026.xlsm,Consolidated Utility Readings.,39,Imported from 2026-03 consolidated utility readings
MOEHE HQ / Permanent HQ,CHW-LOOP-3,2026-03-02,213577,m3,flow,Consolidated daily report +Utility Consumption & Power saving calculations -Mar 2026.xlsm,Consolidated Utility Readings.,39,Imported from 2026-03 consolidated utility readings
MOEHE HQ / Permanent HQ,CHW-LOOP-3,2026-03-03,215120,m3,flow,Consolidated daily report +Utility Consumption & Power saving calculations -Mar 2026.xlsm,Consolidated Utility Readings.,39,Imported from 2026-03 consolidated utility readings
MOEHE HQ / Permanent HQ,CHW-LOOP-3,2026-03-04,216636,m3,flow,Consolidated daily report +Utility Consumption & Power saving calculations -Mar 2026.xlsm,Consolidated Utility Readings.,39,Imported from 2026-03 consolidated utility readings
MOEHE HQ / Permanent HQ,CHW-LOOP-3,2026-03-05,218112,m3,flow,Consolidated daily report +Utility Consumption & Power saving calculations -Mar 2026.xlsm,Consolidated Utility Readings.,39,Imported from 2026-03 consolidated utility readings
MOEHE HQ / Permanent HQ,CHW-LOOP-3,2026-03-06,220100,m3,flow,Consolidated daily report +Utility Consumption & Power saving calculations -Mar 2026.xlsm,Consolidated Utility Readings.,39,Imported from 2026-03 consolidated utility readings
MOEHE HQ / Permanent HQ,CHW-LOOP-3,2026-03-07,221178,m3,flow,Consolidated daily report +Utility Consumption & Power saving calculations -Mar 2026.xlsm,Consolidated Utility Readings.,39,Imported from 2026-03 consolidated utility readings
MOEHE HQ / Permanent HQ,CHW-LOOP-3,2026-03-08,222610,m3,flow,Consolidated daily report +Utility Consumption & Power saving calculations -Mar 2026.xlsm,Consolidated Utility Readings.,39,Imported from 2026-03 consolidated utility readings
MOEHE HQ / Permanent HQ,CHW-LOOP-3,2026-03-09,224150,m3,flow,Consolidated daily report +Utility Consumption & Power saving calculations -Mar 2026.xlsm,Consolidated Utility Readings.,39,Imported from 2026-03 consolidated utility readings
MOEHE HQ / Permanent HQ,CHW-LOOP-3,2026-03-10,226049,m3,flow,Consolidated daily report +Utility Consumption & Power saving calculations -Mar 2026.xlsm,Consolidated Utility Readings.,39,Imported from 2026-03 consolidated utility readings
MOEHE HQ / Permanent HQ,CHW-LOOP-3,2026-03-11,227883,m3,flow,Consolidated daily report +Utility Consumption & Power saving calculations -Mar 2026.xlsm,Consolidated Utility Readings.,39,Imported from 2026-03 consolidated utility readings
MOEHE HQ / Permanent HQ,CHW-LOOP-3,2026-03-12,229642,m3,flow,Consolidated daily report +Utility Consumption & Power saving calculations -Mar 2026.xlsm,Consolidated Utility Readings.,39,Imported from 2026-03 consolidated utility readings
MOEHE HQ / Permanent HQ,CHW-LOOP-3,2026-03-13,231649,m3,flow,Consolidated daily report +Utility Consumption & Power saving calculations -Mar 2026.xlsm,Consolidated Utility Readings.,39,Imported from 2026-03 consolidated utility readings
MOEHE HQ / Permanent HQ,CHW-LOOP-3,2026-03-14,233238,m3,flow,Consolidated daily report +Utility Consumption & Power saving calculations -Mar 2026.xlsm,Consolidated Utility Readings.,39,Imported from 2026-03 consolidated utility readings
MOEHE HQ / Permanent HQ,CHW-LOOP-3,2026-03-15,235048,m3,flow,Consolidated daily report +Utility Consumption & Power saving calculations -Mar 2026.xlsm,Consolidated Utility Readings.,39,Imported from 2026-03 consolidated utility readings
MOEHE HQ / Permanent HQ,CHW-LOOP-3,2026-03-16,236874,m3,flow,Consolidated daily report +Utility Consumption & Power saving calculations -Mar 2026.xlsm,Consolidated Utility Readings.,39,Imported from 2026-03 consolidated utility readings
MOEHE HQ / Permanent HQ,CHW-LOOP-3,2026-03-17,238661,m3,flow,Consolidated daily report +Utility Consumption & Power saving calculations -Mar 2026.xlsm,Consolidated Utility Readings.,39,Imported from 2026-03 consolidated utility readings
MOEHE HQ / Permanent HQ,CHW-LOOP-3,2026-03-18,240687,m3,flow,Consolidated daily report +Utility Consumption & Power saving calculations -Mar 2026.xlsm,Consolidated Utility Readings.,39,Imported from 2026-03 consolidated utility readings
MOEHE HQ / Permanent HQ,CHW-LOOP-3,2026-03-19,242570,m3,flow,Consolidated daily report +Utility Consumption & Power saving calculations -Mar 2026.xlsm,Consolidated Utility Readings.,39,Imported from 2026-03 consolidated utility readings
MOEHE HQ / Permanent HQ,CHW-LOOP-3,2026-03-20,242570,m3,flow,Consolidated daily report +Utility Consumption & Power saving calculations -Mar 2026.xlsm,Consolidated Utility Readings.,39,Imported from 2026-03 consolidated utility readings
MOEHE HQ / Permanent HQ,CHW-LOOP-3,2026-03-21,242570,m3,flow,Consolidated daily report +Utility Consumption & Power saving calculations -Mar 2026.xlsm,Consolidated Utility Readings.,39,Imported from 2026-03 consolidated utility readings
MOEHE HQ / Permanent HQ,CHW-LOOP-3,2026-03-22,242570,m3,flow,Consolidated daily report +Utility Consumption & Power saving calculations -Mar 2026.xlsm,Consolidated Utility Readings.,39,Imported from 2026-03 consolidated utility readings
MOEHE HQ / Permanent HQ,CHW-LOOP-3,2026-03-23,250307,m3,flow,Consolidated daily report +Utility Consumption & Power saving calculations -Mar 2026.xlsm,Consolidated Utility Readings.,39,Imported from 2026-03 consolidated utility readings
MOEHE HQ / Permanent HQ,CHW-LOOP-3,2026-03-24,252312,m3,flow,Consolidated daily report +Utility Consumption & Power saving calculations -Mar 2026.xlsm,Consolidated Utility Readings.,39,Imported from 2026-03 consolidated utility readings
MOEHE HQ / Permanent HQ,CHW-LOOP-3,2026-03-25,254240,m3,flow,Consolidated daily report +Utility Consumption & Power saving calculations -Mar 2026.xlsm,Consolidated Utility Readings.,39,Imported from 2026-03 consolidated utility readings
MOEHE HQ / Permanent HQ,CHW-LOOP-3,2026-03-26,256254,m3,flow,Consolidated daily report +Utility Consumption & Power saving calculations -Mar 2026.xlsm,Consolidated Utility Readings.,39,Imported from 2026-03 consolidated utility readings
MOEHE HQ / Permanent HQ,CHW-LOOP-3,2026-03-27,258324,m3,flow,Consolidated daily report +Utility Consumption & Power saving calculations -Mar 2026.xlsm,Consolidated Utility Readings.,39,Imported from 2026-03 consolidated utility readings
MOEHE HQ / Permanent HQ,CHW-LOOP-3,2026-03-28,260373,m3,flow,Consolidated daily report +Utility Consumption & Power saving calculations -Mar 2026.xlsm,Consolidated Utility Readings.,39,Imported from 2026-03 consolidated utility readings
MOEHE HQ / Permanent HQ,CHW-LOOP-3,2026-03-29,262104,m3,flow,Consolidated daily report +Utility Consumption & Power saving calculations -Mar 2026.xlsm,Consolidated Utility Readings.,39,Imported from 2026-03 consolidated utility readings
MOEHE HQ / Permanent HQ,CHW-LOOP-3,2026-03-30,264107,m3,flow,Consolidated daily report +Utility Consumption & Power saving calculations -Mar 2026.xlsm,Consolidated Utility Readings.,39,Imported from 2026-03 consolidated utility readings
MOEHE HQ / Permanent HQ,CHW-LOOP-3,2026-03-31,266097,m3,flow,Consolidated daily report +Utility Consumption & Power saving calculations -Mar 2026.xlsm,Consolidated Utility Readings.,39,Imported from 2026-03 consolidated utility readings
MOEHE HQ / Permanent HQ,CHW-LOOP-3,2026-04-01,268240,m3,flow,Consolidated daily report +Utility Consumption & Power saving calculations -Apr 2026.xlsm,Consolidated Utility Readings.,39,Imported from 2026-04 consolidated utility readings
MOEHE HQ / Permanent HQ,CHW-LOOP-3,2026-04-02,270272,m3,flow,Consolidated daily report +Utility Consumption & Power saving calculations -Apr 2026.xlsm,Consolidated Utility Readings.,39,Imported from 2026-04 consolidated utility readings
MOEHE HQ / Permanent HQ,CHW-LOOP-3,2026-04-03,273038,m3,flow,Consolidated daily report +Utility Consumption & Power saving calculations -Apr 2026.xlsm,Consolidated Utility Readings.,39,Imported from 2026-04 consolidated utility readings
MOEHE HQ / Permanent HQ,CHW-LOOP-3,2026-04-04,273038,m3,flow,Consolidated daily report +Utility Consumption & Power saving calculations -Apr 2026.xlsm,Consolidated Utility Readings.,39,Imported from 2026-04 consolidated utility readings
MOEHE HQ / Permanent HQ,CHW-LOOP-3,2026-04-05,276323,m3,flow,Consolidated daily report +Utility Consumption & Power saving calculations -Apr 2026.xlsm,Consolidated Utility Readings.,39,Imported from 2026-04 consolidated utility readings
MOEHE HQ / Permanent HQ,CHW-LOOP-3,2026-04-06,276323,m3,flow,Consolidated daily report +Utility Consumption & Power saving calculations -Apr 2026.xlsm,Consolidated Utility Readings.,39,Imported from 2026-04 consolidated utility readings
MOEHE HQ / Permanent HQ,CHW-LOOP-3,2026-04-07,280630,m3,flow,Consolidated daily report +Utility Consumption & Power saving calculations -Apr 2026.xlsm,Consolidated Utility Readings.,39,Imported from 2026-04 consolidated utility readings
MOEHE HQ / Permanent HQ,CHW-LOOP-3,2026-04-08,282792,m3,flow,Consolidated daily report +Utility Consumption & Power saving calculations -Apr 2026.xlsm,Consolidated Utility Readings.,39,Imported from 2026-04 consolidated utility readings
MOEHE HQ / Permanent HQ,CHW-LOOP-3,2026-04-09,284878,m3,flow,Consolidated daily report +Utility Consumption & Power saving calculations -Apr 2026.xlsm,Consolidated Utility Readings.,39,Imported from 2026-04 consolidated utility readings
MOEHE HQ / Permanent HQ,CHW-LOOP-3,2026-04-10,284878,m3,flow,Consolidated daily report +Utility Consumption & Power saving calculations -Apr 2026.xlsm,Consolidated Utility Readings.,39,Imported from 2026-04 consolidated utility readings
MOEHE HQ / Permanent HQ,CHW-LOOP-3,2026-04-11,284878,m3,flow,Consolidated daily report +Utility Consumption & Power saving calculations -Apr 2026.xlsm,Consolidated Utility Readings.,39,Imported from 2026-04 consolidated utility readings
MOEHE HQ / Permanent HQ,CHW-LOOP-3,2026-04-12,290817,m3,flow,Consolidated daily report +Utility Consumption & Power saving calculations -Apr 2026.xlsm,Consolidated Utility Readings.,39,Imported from 2026-04 consolidated utility readings
MOEHE HQ / Permanent HQ,CHW-LOOP-3,2026-04-13,292896,m3,flow,Consolidated daily report +Utility Consumption & Power saving calculations -Apr 2026.xlsm,Consolidated Utility Readings.,39,Imported from 2026-04 consolidated utility readings
MOEHE HQ / Permanent HQ,CHW-LOOP-3,2026-04-14,295021,m3,flow,Consolidated daily report +Utility Consumption & Power saving calculations -Apr 2026.xlsm,Consolidated Utility Readings.,39,Imported from 2026-04 consolidated utility readings
MOEHE HQ / Permanent HQ,CHW-LOOP-3,2026-04-15,297068,m3,flow,Consolidated daily report +Utility Consumption & Power saving calculations -Apr 2026.xlsm,Consolidated Utility Readings.,39,Imported from 2026-04 consolidated utility readings
MOEHE HQ / Permanent HQ,CHW-LOOP-3,2026-04-16,299133,m3,flow,Consolidated daily report +Utility Consumption & Power saving calculations -Apr 2026.xlsm,Consolidated Utility Readings.,39,Imported from 2026-04 consolidated utility readings
MOEHE HQ / Permanent HQ,CHW-LOOP-3,2026-04-17,301269,m3,flow,Consolidated daily report +Utility Consumption & Power saving calculations -Apr 2026.xlsm,Consolidated Utility Readings.,39,Imported from 2026-04 consolidated utility readings
MOEHE HQ / Permanent HQ,CHW-LOOP-3,2026-04-18,301269,m3,flow,Consolidated daily report +Utility Consumption & Power saving calculations -Apr 2026.xlsm,Consolidated Utility Readings.,39,Imported from 2026-04 consolidated utility readings
MOEHE HQ / Permanent HQ,CHW-LOOP-3,2026-04-19,305712,m3,flow,Consolidated daily report +Utility Consumption & Power saving calculations -Apr 2026.xlsm,Consolidated Utility Readings.,39,Imported from 2026-04 consolidated utility readings
MOEHE HQ / Permanent HQ,CHW-LOOP-3,2026-04-20,308071,m3,flow,Consolidated daily report +Utility Consumption & Power saving calculations -Apr 2026.xlsm,Consolidated Utility Readings.,39,Imported from 2026-04 consolidated utility readings
MOEHE HQ / Permanent HQ,CHW-LOOP-3,2026-04-21,310324,m3,flow,Consolidated daily report +Utility Consumption & Power saving calculations -Apr 2026.xlsm,Consolidated Utility Readings.,39,Imported from 2026-04 consolidated utility readings
MOEHE HQ / Permanent HQ,CHW-LOOP-3,2026-04-22,312822,m3,flow,Consolidated daily report +Utility Consumption & Power saving calculations -Apr 2026.xlsm,Consolidated Utility Readings.,39,Imported from 2026-04 consolidated utility readings
MOEHE HQ / Permanent HQ,CHW-LOOP-3,2026-04-23,315170,m3,flow,Consolidated daily report +Utility Consumption & Power saving calculations -Apr 2026.xlsm,Consolidated Utility Readings.,39,Imported from 2026-04 consolidated utility readings
MOEHE HQ / Permanent HQ,CHW-LOOP-3,2026-04-24,317605,m3,flow,Consolidated daily report +Utility Consumption & Power saving calculations -Apr 2026.xlsm,Consolidated Utility Readings.,39,Imported from 2026-04 consolidated utility readings
MOEHE HQ / Permanent HQ,CHW-LOOP-3,2026-04-25,320029,m3,flow,Consolidated daily report +Utility Consumption & Power saving calculations -Apr 2026.xlsm,Consolidated Utility Readings.,39,Imported from 2026-04 consolidated utility readings
MOEHE HQ / Permanent HQ,CHW-LOOP-3,2026-04-26,322453,m3,flow,Consolidated daily report +Utility Consumption & Power saving calculations -Apr 2026.xlsm,Consolidated Utility Readings.,39,Imported from 2026-04 consolidated utility readings
MOEHE HQ / Permanent HQ,CHW-LOOP-3,2026-04-27,324641,m3,flow,Consolidated daily report +Utility Consumption & Power saving calculations -Apr 2026.xlsm,Consolidated Utility Readings.,39,Imported from 2026-04 consolidated utility readings
MOEHE HQ / Permanent HQ,CHW-LOOP-3,2026-04-28,326913,m3,flow,Consolidated daily report +Utility Consumption & Power saving calculations -Apr 2026.xlsm,Consolidated Utility Readings.,39,Imported from 2026-04 consolidated utility readings
MOEHE HQ / Permanent HQ,CHW-LOOP-3,2026-04-29,329087,m3,flow,Consolidated daily report +Utility Consumption & Power saving calculations -Apr 2026.xlsm,Consolidated Utility Readings.,39,Imported from 2026-04 consolidated utility readings
MOEHE HQ / Permanent HQ,CHW-LOOP-3,2026-04-30,331185,m3,flow,Consolidated daily report +Utility Consumption & Power saving calculations -Apr 2026.xlsm,Consolidated Utility Readings.,39,Imported from 2026-04 consolidated utility readings
MOEHE HQ / Permanent HQ,CHW-LOOP-3,2026-05-01,333298,m3,flow,Consolidated daily report +Utility Consumption & Power saving calculations -May 2026.xlsm,Consolidated Utility Readings.,39,Imported from 2026-05 consolidated utility readings
MOEHE HQ / Permanent HQ,CHW-LOOP-3,2026-05-02,335415,m3,flow,Consolidated daily report +Utility Consumption & Power saving calculations -May 2026.xlsm,Consolidated Utility Readings.,39,Imported from 2026-05 consolidated utility readings
MOEHE HQ / Permanent HQ,CHW-LOOP-3,2026-05-03,337261,m3,flow,Consolidated daily report +Utility Consumption & Power saving calculations -May 2026.xlsm,Consolidated Utility Readings.,39,Imported from 2026-05 consolidated utility readings
MOEHE HQ / Permanent HQ,CHW-LOOP-3,2026-05-04,339520,m3,flow,Consolidated daily report +Utility Consumption & Power saving calculations -May 2026.xlsm,Consolidated Utility Readings.,39,Imported from 2026-05 consolidated utility readings
MOEHE HQ / Permanent HQ,CHW-LOOP-3,2026-05-05,341777,m3,flow,Consolidated daily report +Utility Consumption & Power saving calculations -May 2026.xlsm,Consolidated Utility Readings.,39,Imported from 2026-05 consolidated utility readings
MOEHE HQ / Permanent HQ,CHW-LOOP-3,2026-05-06,341777,m3,flow,Consolidated daily report +Utility Consumption & Power saving calculations -May 2026.xlsm,Consolidated Utility Readings.,39,Imported from 2026-05 consolidated utility readings
MOEHE HQ / Permanent HQ,CHW-LOOP-3,2026-05-07,346687,m3,flow,Consolidated daily report +Utility Consumption & Power saving calculations -May 2026.xlsm,Consolidated Utility Readings.,39,Imported from 2026-05 consolidated utility readings
MOEHE HQ / Permanent HQ,CHW-LOOP-3,2026-05-08,348858,m3,flow,Consolidated daily report +Utility Consumption & Power saving calculations -May 2026.xlsm,Consolidated Utility Readings.,39,Imported from 2026-05 consolidated utility readings
MOEHE HQ / Permanent HQ,CHW-LOOP-3,2026-05-09,353056,m3,flow,Consolidated daily report +Utility Consumption & Power saving calculations -May 2026.xlsm,Consolidated Utility Readings.,39,Imported from 2026-05 consolidated utility readings
MOEHE HQ / Permanent HQ,CHW-LOOP-3,2026-05-10,353056,m3,flow,Consolidated daily report +Utility Consumption & Power saving calculations -May 2026.xlsm,Consolidated Utility Readings.,39,Imported from 2026-05 consolidated utility readings
MOEHE HQ / Permanent HQ,CHW-LOOP-3,2026-05-11,355372,m3,flow,Consolidated daily report +Utility Consumption & Power saving calculations -May 2026.xlsm,Consolidated Utility Readings.,39,Imported from 2026-05 consolidated utility readings
MOEHE HQ / Permanent HQ,CHW-LOOP-3,2026-05-12,357794,m3,flow,Consolidated daily report +Utility Consumption & Power saving calculations -May 2026.xlsm,Consolidated Utility Readings.,39,Imported from 2026-05 consolidated utility readings
MOEHE HQ / Permanent HQ,CHW-LOOP-3,2026-05-13,360165,m3,flow,Consolidated daily report +Utility Consumption & Power saving calculations -May 2026.xlsm,Consolidated Utility Readings.,39,Imported from 2026-05 consolidated utility readings
MOEHE HQ / Permanent HQ,CHW-LOOP-3,2026-05-14,362573,m3,flow,Consolidated daily report +Utility Consumption & Power saving calculations -May 2026.xlsm,Consolidated Utility Readings.,39,Imported from 2026-05 consolidated utility readings
MOEHE HQ / Permanent HQ,CHW-LOOP-3,2026-05-15,364991,m3,flow,Consolidated daily report +Utility Consumption & Power saving calculations -May 2026.xlsm,Consolidated Utility Readings.,39,Imported from 2026-05 consolidated utility readings
MOEHE HQ / Permanent HQ,CHW-LOOP-3,2026-05-16,369409,m3,flow,Consolidated daily report +Utility Consumption & Power saving calculations -May 2026.xlsm,Consolidated Utility Readings.,39,Imported from 2026-05 consolidated utility readings
MOEHE HQ / Permanent HQ,CHW-LOOP-3,2026-05-17,369409,m3,flow,Consolidated daily report +Utility Consumption & Power saving calculations -May 2026.xlsm,Consolidated Utility Readings.,39,Imported from 2026-05 consolidated utility readings
MOEHE HQ / Permanent HQ,CHW-LOOP-3,2026-05-18,371698,m3,flow,Consolidated daily report +Utility Consumption & Power saving calculations -May 2026.xlsm,Consolidated Utility Readings.,39,Imported from 2026-05 consolidated utility readings
MOEHE HQ / Permanent HQ,CHW-LOOP-3,2026-05-19,374543,m3,flow,Consolidated daily report +Utility Consumption & Power saving calculations -May 2026.xlsm,Consolidated Utility Readings.,39,Imported from 2026-05 consolidated utility readings
MOEHE HQ / Permanent HQ,CHW-LOOP-3,2026-05-20,376791,m3,flow,Consolidated daily report +Utility Consumption & Power saving calculations -May 2026.xlsm,Consolidated Utility Readings.,39,Imported from 2026-05 consolidated utility readings
MOEHE HQ / Permanent HQ,CHW-LOOP-3,2026-05-21,379139,m3,flow,Consolidated daily report +Utility Consumption & Power saving calculations -May 2026.xlsm,Consolidated Utility Readings.,39,Imported from 2026-05 consolidated utility readings
MOEHE HQ / Permanent HQ,CHW-LOOP-3,2026-05-22,381472,m3,flow,Consolidated daily report +Utility Consumption & Power saving calculations -May 2026.xlsm,Consolidated Utility Readings.,39,Imported from 2026-05 consolidated utility readings
MOEHE HQ / Permanent HQ,CHW-LOOP-3,2026-05-23,383632,m3,flow,Consolidated daily report +Utility Consumption & Power saving calculations -May 2026.xlsm,Consolidated Utility Readings.,39,Imported from 2026-05 consolidated utility readings
MOEHE HQ / Permanent HQ,CHW-LOOP-3,2026-05-24,385823,m3,flow,Consolidated daily report +Utility Consumption & Power saving calculations -May 2026.xlsm,Consolidated Utility Readings.,39,Imported from 2026-05 consolidated utility readings
MOEHE HQ / Permanent HQ,CHW-LOOP-3,2026-05-25,390453,m3,flow,Consolidated daily report +Utility Consumption & Power saving calculations -May 2026.xlsm,Consolidated Utility Readings.,39,Imported from 2026-05 consolidated utility readings
MOEHE HQ / Permanent HQ,CHW-LOOP-3,2026-05-26,390453,m3,flow,Consolidated daily report +Utility Consumption & Power saving calculations -May 2026.xlsm,Consolidated Utility Readings.,39,Imported from 2026-05 consolidated utility readings
MOEHE HQ / Permanent HQ,CHW-LOOP-3,2026-05-27,390453,m3,flow,Consolidated daily report +Utility Consumption & Power saving calculations -May 2026.xlsm,Consolidated Utility Readings.,39,Imported from 2026-05 consolidated utility readings
MOEHE HQ / Permanent HQ,CHW-LOOP-3,2026-05-28,390453,m3,flow,Consolidated daily report +Utility Consumption & Power saving calculations -May 2026.xlsm,Consolidated Utility Readings.,39,Imported from 2026-05 consolidated utility readings
MOEHE HQ / Permanent HQ,CHW-LOOP-3,2026-05-29,390453,m3,flow,Consolidated daily report +Utility Consumption & Power saving calculations -May 2026.xlsm,Consolidated Utility Readings.,39,Imported from 2026-05 consolidated utility readings
MOEHE HQ / Permanent HQ,CHW-LOOP-3,2026-05-30,390453,m3,flow,Consolidated daily report +Utility Consumption & Power saving calculations -May 2026.xlsm,Consolidated Utility Readings.,39,Imported from 2026-05 consolidated utility readings
MOEHE HQ / Permanent HQ,CHW-LOOP-3,2026-05-31,400170,m3,flow,Consolidated daily report +Utility Consumption & Power saving calculations -May 2026.xlsm,Consolidated Utility Readings.,39,Imported from 2026-05 consolidated utility readings
MOEHE HQ / Permanent HQ,COLING-TOWER--BLOWDOWN,2026-03-01,2187,m3,flow,Consolidated daily report +Utility Consumption & Power saving calculations -Mar 2026.xlsm,Consolidated Utility Readings.,43,Imported from 2026-03 consolidated utility readings
MOEHE HQ / Permanent HQ,COLING-TOWER--BLOWDOWN,2026-03-02,2192,m3,flow,Consolidated daily report +Utility Consumption & Power saving calculations -Mar 2026.xlsm,Consolidated Utility Readings.,43,Imported from 2026-03 consolidated utility readings
MOEHE HQ / Permanent HQ,COLING-TOWER--BLOWDOWN,2026-03-03,2192,m3,flow,Consolidated daily report +Utility Consumption & Power saving calculations -Mar 2026.xlsm,Consolidated Utility Readings.,43,Imported from 2026-03 consolidated utility readings
MOEHE HQ / Permanent HQ,COLING-TOWER--BLOWDOWN,2026-03-04,2197,m3,flow,Consolidated daily report +Utility Consumption & Power saving calculations -Mar 2026.xlsm,Consolidated Utility Readings.,43,Imported from 2026-03 consolidated utility readings
MOEHE HQ / Permanent HQ,COLING-TOWER--BLOWDOWN,2026-03-05,2197,m3,flow,Consolidated daily report +Utility Consumption & Power saving calculations -Mar 2026.xlsm,Consolidated Utility Readings.,43,Imported from 2026-03 consolidated utility readings
MOEHE HQ / Permanent HQ,COLING-TOWER--BLOWDOWN,2026-03-06,2202,m3,flow,Consolidated daily report +Utility Consumption & Power saving calculations -Mar 2026.xlsm,Consolidated Utility Readings.,43,Imported from 2026-03 consolidated utility readings
MOEHE HQ / Permanent HQ,COLING-TOWER--BLOWDOWN,2026-03-07,2202,m3,flow,Consolidated daily report +Utility Consumption & Power saving calculations -Mar 2026.xlsm,Consolidated Utility Readings.,43,Imported from 2026-03 consolidated utility readings
MOEHE HQ / Permanent HQ,COLING-TOWER--BLOWDOWN,2026-03-08,2204,m3,flow,Consolidated daily report +Utility Consumption & Power saving calculations -Mar 2026.xlsm,Consolidated Utility Readings.,43,Imported from 2026-03 consolidated utility readings
MOEHE HQ / Permanent HQ,COLING-TOWER--BLOWDOWN,2026-03-09,2206,m3,flow,Consolidated daily report +Utility Consumption & Power saving calculations -Mar 2026.xlsm,Consolidated Utility Readings.,43,Imported from 2026-03 consolidated utility readings
MOEHE HQ / Permanent HQ,COLING-TOWER--BLOWDOWN,2026-03-10,2210,m3,flow,Consolidated daily report +Utility Consumption & Power saving calculations -Mar 2026.xlsm,Consolidated Utility Readings.,43,Imported from 2026-03 consolidated utility readings
MOEHE HQ / Permanent HQ,COLING-TOWER--BLOWDOWN,2026-03-11,2215,m3,flow,Consolidated daily report +Utility Consumption & Power saving calculations -Mar 2026.xlsm,Consolidated Utility Readings.,43,Imported from 2026-03 consolidated utility readings
MOEHE HQ / Permanent HQ,COLING-TOWER--BLOWDOWN,2026-03-12,2221,m3,flow,Consolidated daily report +Utility Consumption & Power saving calculations -Mar 2026.xlsm,Consolidated Utility Readings.,43,Imported from 2026-03 consolidated utility readings
MOEHE HQ / Permanent HQ,COLING-TOWER--BLOWDOWN,2026-03-13,2224,m3,flow,Consolidated daily report +Utility Consumption & Power saving calculations -Mar 2026.xlsm,Consolidated Utility Readings.,43,Imported from 2026-03 consolidated utility readings
MOEHE HQ / Permanent HQ,COLING-TOWER--BLOWDOWN,2026-03-14,2224,m3,flow,Consolidated daily report +Utility Consumption & Power saving calculations -Mar 2026.xlsm,Consolidated Utility Readings.,43,Imported from 2026-03 consolidated utility readings
MOEHE HQ / Permanent HQ,COLING-TOWER--BLOWDOWN,2026-03-15,2229,m3,flow,Consolidated daily report +Utility Consumption & Power saving calculations -Mar 2026.xlsm,Consolidated Utility Readings.,43,Imported from 2026-03 consolidated utility readings
MOEHE HQ / Permanent HQ,COLING-TOWER--BLOWDOWN,2026-03-16,2229,m3,flow,Consolidated daily report +Utility Consumption & Power saving calculations -Mar 2026.xlsm,Consolidated Utility Readings.,43,Imported from 2026-03 consolidated utility readings
MOEHE HQ / Permanent HQ,COLING-TOWER--BLOWDOWN,2026-03-17,2235,m3,flow,Consolidated daily report +Utility Consumption & Power saving calculations -Mar 2026.xlsm,Consolidated Utility Readings.,43,Imported from 2026-03 consolidated utility readings
MOEHE HQ / Permanent HQ,COLING-TOWER--BLOWDOWN,2026-03-18,2239,m3,flow,Consolidated daily report +Utility Consumption & Power saving calculations -Mar 2026.xlsm,Consolidated Utility Readings.,43,Imported from 2026-03 consolidated utility readings
MOEHE HQ / Permanent HQ,COLING-TOWER--BLOWDOWN,2026-03-19,2239,m3,flow,Consolidated daily report +Utility Consumption & Power saving calculations -Mar 2026.xlsm,Consolidated Utility Readings.,43,Imported from 2026-03 consolidated utility readings
MOEHE HQ / Permanent HQ,COLING-TOWER--BLOWDOWN,2026-03-20,2239,m3,flow,Consolidated daily report +Utility Consumption & Power saving calculations -Mar 2026.xlsm,Consolidated Utility Readings.,43,Imported from 2026-03 consolidated utility readings
MOEHE HQ / Permanent HQ,COLING-TOWER--BLOWDOWN,2026-03-21,2239,m3,flow,Consolidated daily report +Utility Consumption & Power saving calculations -Mar 2026.xlsm,Consolidated Utility Readings.,43,Imported from 2026-03 consolidated utility readings
MOEHE HQ / Permanent HQ,COLING-TOWER--BLOWDOWN,2026-03-22,2239,m3,flow,Consolidated daily report +Utility Consumption & Power saving calculations -Mar 2026.xlsm,Consolidated Utility Readings.,43,Imported from 2026-03 consolidated utility readings
MOEHE HQ / Permanent HQ,COLING-TOWER--BLOWDOWN,2026-03-23,2254,m3,flow,Consolidated daily report +Utility Consumption & Power saving calculations -Mar 2026.xlsm,Consolidated Utility Readings.,43,Imported from 2026-03 consolidated utility readings
MOEHE HQ / Permanent HQ,COLING-TOWER--BLOWDOWN,2026-03-24,2259,m3,flow,Consolidated daily report +Utility Consumption & Power saving calculations -Mar 2026.xlsm,Consolidated Utility Readings.,43,Imported from 2026-03 consolidated utility readings
MOEHE HQ / Permanent HQ,COLING-TOWER--BLOWDOWN,2026-03-25,2264,m3,flow,Consolidated daily report +Utility Consumption & Power saving calculations -Mar 2026.xlsm,Consolidated Utility Readings.,43,Imported from 2026-03 consolidated utility readings
MOEHE HQ / Permanent HQ,COLING-TOWER--BLOWDOWN,2026-03-26,2265,m3,flow,Consolidated daily report +Utility Consumption & Power saving calculations -Mar 2026.xlsm,Consolidated Utility Readings.,43,Imported from 2026-03 consolidated utility readings
MOEHE HQ / Permanent HQ,COLING-TOWER--BLOWDOWN,2026-03-27,2274,m3,flow,Consolidated daily report +Utility Consumption & Power saving calculations -Mar 2026.xlsm,Consolidated Utility Readings.,43,Imported from 2026-03 consolidated utility readings
MOEHE HQ / Permanent HQ,COLING-TOWER--BLOWDOWN,2026-03-28,2274,m3,flow,Consolidated daily report +Utility Consumption & Power saving calculations -Mar 2026.xlsm,Consolidated Utility Readings.,43,Imported from 2026-03 consolidated utility readings
MOEHE HQ / Permanent HQ,COLING-TOWER--BLOWDOWN,2026-03-29,2312,m3,flow,Consolidated daily report +Utility Consumption & Power saving calculations -Mar 2026.xlsm,Consolidated Utility Readings.,43,Imported from 2026-03 consolidated utility readings
MOEHE HQ / Permanent HQ,COLING-TOWER--BLOWDOWN,2026-03-30,2312,m3,flow,Consolidated daily report +Utility Consumption & Power saving calculations -Mar 2026.xlsm,Consolidated Utility Readings.,43,Imported from 2026-03 consolidated utility readings
MOEHE HQ / Permanent HQ,COLING-TOWER--BLOWDOWN,2026-03-31,2312,m3,flow,Consolidated daily report +Utility Consumption & Power saving calculations -Mar 2026.xlsm,Consolidated Utility Readings.,43,Imported from 2026-03 consolidated utility readings
MOEHE HQ / Permanent HQ,COLING-TOWER--BLOWDOWN,2026-04-01,2312,m3,flow,Consolidated daily report +Utility Consumption & Power saving calculations -Apr 2026.xlsm,Consolidated Utility Readings.,43,Imported from 2026-04 consolidated utility readings
MOEHE HQ / Permanent HQ,COLING-TOWER--BLOWDOWN,2026-04-02,2312,m3,flow,Consolidated daily report +Utility Consumption & Power saving calculations -Apr 2026.xlsm,Consolidated Utility Readings.,43,Imported from 2026-04 consolidated utility readings
MOEHE HQ / Permanent HQ,COLING-TOWER--BLOWDOWN,2026-04-03,2312,m3,flow,Consolidated daily report +Utility Consumption & Power saving calculations -Apr 2026.xlsm,Consolidated Utility Readings.,43,Imported from 2026-04 consolidated utility readings
MOEHE HQ / Permanent HQ,COLING-TOWER--BLOWDOWN,2026-04-04,2312,m3,flow,Consolidated daily report +Utility Consumption & Power saving calculations -Apr 2026.xlsm,Consolidated Utility Readings.,43,Imported from 2026-04 consolidated utility readings
MOEHE HQ / Permanent HQ,COLING-TOWER--BLOWDOWN,2026-04-05,2312,m3,flow,Consolidated daily report +Utility Consumption & Power saving calculations -Apr 2026.xlsm,Consolidated Utility Readings.,43,Imported from 2026-04 consolidated utility readings
MOEHE HQ / Permanent HQ,COLING-TOWER--BLOWDOWN,2026-04-06,2312,m3,flow,Consolidated daily report +Utility Consumption & Power saving calculations -Apr 2026.xlsm,Consolidated Utility Readings.,43,Imported from 2026-04 consolidated utility readings
MOEHE HQ / Permanent HQ,COLING-TOWER--BLOWDOWN,2026-04-07,2312,m3,flow,Consolidated daily report +Utility Consumption & Power saving calculations -Apr 2026.xlsm,Consolidated Utility Readings.,43,Imported from 2026-04 consolidated utility readings
MOEHE HQ / Permanent HQ,COLING-TOWER--BLOWDOWN,2026-04-08,2312,m3,flow,Consolidated daily report +Utility Consumption & Power saving calculations -Apr 2026.xlsm,Consolidated Utility Readings.,43,Imported from 2026-04 consolidated utility readings
MOEHE HQ / Permanent HQ,COLING-TOWER--BLOWDOWN,2026-04-09,2312,m3,flow,Consolidated daily report +Utility Consumption & Power saving calculations -Apr 2026.xlsm,Consolidated Utility Readings.,43,Imported from 2026-04 consolidated utility readings
MOEHE HQ / Permanent HQ,COLING-TOWER--BLOWDOWN,2026-04-10,2325,m3,flow,Consolidated daily report +Utility Consumption & Power saving calculations -Apr 2026.xlsm,Consolidated Utility Readings.,43,Imported from 2026-04 consolidated utility readings
MOEHE HQ / Permanent HQ,COLING-TOWER--BLOWDOWN,2026-04-11,2325,m3,flow,Consolidated daily report +Utility Consumption & Power saving calculations -Apr 2026.xlsm,Consolidated Utility Readings.,43,Imported from 2026-04 consolidated utility readings
MOEHE HQ / Permanent HQ,COLING-TOWER--BLOWDOWN,2026-04-12,2325,m3,flow,Consolidated daily report +Utility Consumption & Power saving calculations -Apr 2026.xlsm,Consolidated Utility Readings.,43,Imported from 2026-04 consolidated utility readings
MOEHE HQ / Permanent HQ,COLING-TOWER--BLOWDOWN,2026-04-13,2325,m3,flow,Consolidated daily report +Utility Consumption & Power saving calculations -Apr 2026.xlsm,Consolidated Utility Readings.,43,Imported from 2026-04 consolidated utility readings
MOEHE HQ / Permanent HQ,COLING-TOWER--BLOWDOWN,2026-04-14,2325,m3,flow,Consolidated daily report +Utility Consumption & Power saving calculations -Apr 2026.xlsm,Consolidated Utility Readings.,43,Imported from 2026-04 consolidated utility readings
MOEHE HQ / Permanent HQ,COLING-TOWER--BLOWDOWN,2026-04-15,2325,m3,flow,Consolidated daily report +Utility Consumption & Power saving calculations -Apr 2026.xlsm,Consolidated Utility Readings.,43,Imported from 2026-04 consolidated utility readings
MOEHE HQ / Permanent HQ,COLING-TOWER--BLOWDOWN,2026-04-16,2325,m3,flow,Consolidated daily report +Utility Consumption & Power saving calculations -Apr 2026.xlsm,Consolidated Utility Readings.,43,Imported from 2026-04 consolidated utility readings
MOEHE HQ / Permanent HQ,COLING-TOWER--BLOWDOWN,2026-04-17,2347,m3,flow,Consolidated daily report +Utility Consumption & Power saving calculations -Apr 2026.xlsm,Consolidated Utility Readings.,43,Imported from 2026-04 consolidated utility readings
MOEHE HQ / Permanent HQ,COLING-TOWER--BLOWDOWN,2026-04-18,2373,m3,flow,Consolidated daily report +Utility Consumption & Power saving calculations -Apr 2026.xlsm,Consolidated Utility Readings.,43,Imported from 2026-04 consolidated utility readings
MOEHE HQ / Permanent HQ,COLING-TOWER--BLOWDOWN,2026-04-19,2373,m3,flow,Consolidated daily report +Utility Consumption & Power saving calculations -Apr 2026.xlsm,Consolidated Utility Readings.,43,Imported from 2026-04 consolidated utility readings
MOEHE HQ / Permanent HQ,COLING-TOWER--BLOWDOWN,2026-04-20,2373,m3,flow,Consolidated daily report +Utility Consumption & Power saving calculations -Apr 2026.xlsm,Consolidated Utility Readings.,43,Imported from 2026-04 consolidated utility readings
MOEHE HQ / Permanent HQ,COLING-TOWER--BLOWDOWN,2026-04-21,2373,m3,flow,Consolidated daily report +Utility Consumption & Power saving calculations -Apr 2026.xlsm,Consolidated Utility Readings.,43,Imported from 2026-04 consolidated utility readings
MOEHE HQ / Permanent HQ,COLING-TOWER--BLOWDOWN,2026-04-22,2373,m3,flow,Consolidated daily report +Utility Consumption & Power saving calculations -Apr 2026.xlsm,Consolidated Utility Readings.,43,Imported from 2026-04 consolidated utility readings
MOEHE HQ / Permanent HQ,COLING-TOWER--BLOWDOWN,2026-04-23,2373,m3,flow,Consolidated daily report +Utility Consumption & Power saving calculations -Apr 2026.xlsm,Consolidated Utility Readings.,43,Imported from 2026-04 consolidated utility readings
MOEHE HQ / Permanent HQ,COLING-TOWER--BLOWDOWN,2026-04-24,2380,m3,flow,Consolidated daily report +Utility Consumption & Power saving calculations -Apr 2026.xlsm,Consolidated Utility Readings.,43,Imported from 2026-04 consolidated utility readings
MOEHE HQ / Permanent HQ,COLING-TOWER--BLOWDOWN,2026-04-25,2380,m3,flow,Consolidated daily report +Utility Consumption & Power saving calculations -Apr 2026.xlsm,Consolidated Utility Readings.,43,Imported from 2026-04 consolidated utility readings
MOEHE HQ / Permanent HQ,COLING-TOWER--BLOWDOWN,2026-04-26,2380,m3,flow,Consolidated daily report +Utility Consumption & Power saving calculations -Apr 2026.xlsm,Consolidated Utility Readings.,43,Imported from 2026-04 consolidated utility readings
MOEHE HQ / Permanent HQ,COLING-TOWER--BLOWDOWN,2026-04-27,2380,m3,flow,Consolidated daily report +Utility Consumption & Power saving calculations -Apr 2026.xlsm,Consolidated Utility Readings.,43,Imported from 2026-04 consolidated utility readings
MOEHE HQ / Permanent HQ,COLING-TOWER--BLOWDOWN,2026-04-28,2380,m3,flow,Consolidated daily report +Utility Consumption & Power saving calculations -Apr 2026.xlsm,Consolidated Utility Readings.,43,Imported from 2026-04 consolidated utility readings
MOEHE HQ / Permanent HQ,COLING-TOWER--BLOWDOWN,2026-04-29,2391,m3,flow,Consolidated daily report +Utility Consumption & Power saving calculations -Apr 2026.xlsm,Consolidated Utility Readings.,43,Imported from 2026-04 consolidated utility readings
MOEHE HQ / Permanent HQ,COLING-TOWER--BLOWDOWN,2026-04-30,2398,m3,flow,Consolidated daily report +Utility Consumption & Power saving calculations -Apr 2026.xlsm,Consolidated Utility Readings.,43,Imported from 2026-04 consolidated utility readings
MOEHE HQ / Permanent HQ,COLING-TOWER--BLOWDOWN,2026-05-01,3404,m3,flow,Consolidated daily report +Utility Consumption & Power saving calculations -May 2026.xlsm,Consolidated Utility Readings.,43,Imported from 2026-05 consolidated utility readings
MOEHE HQ / Permanent HQ,COLING-TOWER--BLOWDOWN,2026-05-02,2404,m3,flow,Consolidated daily report +Utility Consumption & Power saving calculations -May 2026.xlsm,Consolidated Utility Readings.,43,Imported from 2026-05 consolidated utility readings
MOEHE HQ / Permanent HQ,COLING-TOWER--BLOWDOWN,2026-05-03,2410,m3,flow,Consolidated daily report +Utility Consumption & Power saving calculations -May 2026.xlsm,Consolidated Utility Readings.,43,Imported from 2026-05 consolidated utility readings
MOEHE HQ / Permanent HQ,COLING-TOWER--BLOWDOWN,2026-05-04,2420,m3,flow,Consolidated daily report +Utility Consumption & Power saving calculations -May 2026.xlsm,Consolidated Utility Readings.,43,Imported from 2026-05 consolidated utility readings
MOEHE HQ / Permanent HQ,COLING-TOWER--BLOWDOWN,2026-05-05,2430,m3,flow,Consolidated daily report +Utility Consumption & Power saving calculations -May 2026.xlsm,Consolidated Utility Readings.,43,Imported from 2026-05 consolidated utility readings
MOEHE HQ / Permanent HQ,COLING-TOWER--BLOWDOWN,2026-05-06,2430,m3,flow,Consolidated daily report +Utility Consumption & Power saving calculations -May 2026.xlsm,Consolidated Utility Readings.,43,Imported from 2026-05 consolidated utility readings
MOEHE HQ / Permanent HQ,COLING-TOWER--BLOWDOWN,2026-05-07,2437,m3,flow,Consolidated daily report +Utility Consumption & Power saving calculations -May 2026.xlsm,Consolidated Utility Readings.,43,Imported from 2026-05 consolidated utility readings
MOEHE HQ / Permanent HQ,COLING-TOWER--BLOWDOWN,2026-05-08,2445,m3,flow,Consolidated daily report +Utility Consumption & Power saving calculations -May 2026.xlsm,Consolidated Utility Readings.,43,Imported from 2026-05 consolidated utility readings
MOEHE HQ / Permanent HQ,COLING-TOWER--BLOWDOWN,2026-05-09,2461,m3,flow,Consolidated daily report +Utility Consumption & Power saving calculations -May 2026.xlsm,Consolidated Utility Readings.,43,Imported from 2026-05 consolidated utility readings
MOEHE HQ / Permanent HQ,COLING-TOWER--BLOWDOWN,2026-05-10,2466,m3,flow,Consolidated daily report +Utility Consumption & Power saving calculations -May 2026.xlsm,Consolidated Utility Readings.,43,Imported from 2026-05 consolidated utility readings
MOEHE HQ / Permanent HQ,COLING-TOWER--BLOWDOWN,2026-05-11,2474,m3,flow,Consolidated daily report +Utility Consumption & Power saving calculations -May 2026.xlsm,Consolidated Utility Readings.,43,Imported from 2026-05 consolidated utility readings
MOEHE HQ / Permanent HQ,COLING-TOWER--BLOWDOWN,2026-05-12,2474,m3,flow,Consolidated daily report +Utility Consumption & Power saving calculations -May 2026.xlsm,Consolidated Utility Readings.,43,Imported from 2026-05 consolidated utility readings
MOEHE HQ / Permanent HQ,COLING-TOWER--BLOWDOWN,2026-05-13,2481,m3,flow,Consolidated daily report +Utility Consumption & Power saving calculations -May 2026.xlsm,Consolidated Utility Readings.,43,Imported from 2026-05 consolidated utility readings
MOEHE HQ / Permanent HQ,COLING-TOWER--BLOWDOWN,2026-05-14,2492,m3,flow,Consolidated daily report +Utility Consumption & Power saving calculations -May 2026.xlsm,Consolidated Utility Readings.,43,Imported from 2026-05 consolidated utility readings
MOEHE HQ / Permanent HQ,COLING-TOWER--BLOWDOWN,2026-05-15,2496,m3,flow,Consolidated daily report +Utility Consumption & Power saving calculations -May 2026.xlsm,Consolidated Utility Readings.,43,Imported from 2026-05 consolidated utility readings
MOEHE HQ / Permanent HQ,COLING-TOWER--BLOWDOWN,2026-05-16,2496,m3,flow,Consolidated daily report +Utility Consumption & Power saving calculations -May 2026.xlsm,Consolidated Utility Readings.,43,Imported from 2026-05 consolidated utility readings
MOEHE HQ / Permanent HQ,COLING-TOWER--BLOWDOWN,2026-05-17,2496,m3,flow,Consolidated daily report +Utility Consumption & Power saving calculations -May 2026.xlsm,Consolidated Utility Readings.,43,Imported from 2026-05 consolidated utility readings
MOEHE HQ / Permanent HQ,COLING-TOWER--BLOWDOWN,2026-05-18,2325,m3,flow,Consolidated daily report +Utility Consumption & Power saving calculations -May 2026.xlsm,Consolidated Utility Readings.,43,Imported from 2026-05 consolidated utility readings
MOEHE HQ / Permanent HQ,COLING-TOWER--BLOWDOWN,2026-05-19,2325,m3,flow,Consolidated daily report +Utility Consumption & Power saving calculations -May 2026.xlsm,Consolidated Utility Readings.,43,Imported from 2026-05 consolidated utility readings
MOEHE HQ / Permanent HQ,COLING-TOWER--BLOWDOWN,2026-05-20,2325,m3,flow,Consolidated daily report +Utility Consumption & Power saving calculations -May 2026.xlsm,Consolidated Utility Readings.,43,Imported from 2026-05 consolidated utility readings
MOEHE HQ / Permanent HQ,COLING-TOWER--BLOWDOWN,2026-05-21,2325,m3,flow,Consolidated daily report +Utility Consumption & Power saving calculations -May 2026.xlsm,Consolidated Utility Readings.,43,Imported from 2026-05 consolidated utility readings
MOEHE HQ / Permanent HQ,COLING-TOWER--BLOWDOWN,2026-05-22,2556,m3,flow,Consolidated daily report +Utility Consumption & Power saving calculations -May 2026.xlsm,Consolidated Utility Readings.,43,Imported from 2026-05 consolidated utility readings
MOEHE HQ / Permanent HQ,COLING-TOWER--BLOWDOWN,2026-05-23,2556,m3,flow,Consolidated daily report +Utility Consumption & Power saving calculations -May 2026.xlsm,Consolidated Utility Readings.,43,Imported from 2026-05 consolidated utility readings
MOEHE HQ / Permanent HQ,COLING-TOWER--BLOWDOWN,2026-05-24,2556,m3,flow,Consolidated daily report +Utility Consumption & Power saving calculations -May 2026.xlsm,Consolidated Utility Readings.,43,Imported from 2026-05 consolidated utility readings
MOEHE HQ / Permanent HQ,COLING-TOWER--BLOWDOWN,2026-05-25,2556,m3,flow,Consolidated daily report +Utility Consumption & Power saving calculations -May 2026.xlsm,Consolidated Utility Readings.,43,Imported from 2026-05 consolidated utility readings
MOEHE HQ / Permanent HQ,COLING-TOWER--BLOWDOWN,2026-05-26,2556,m3,flow,Consolidated daily report +Utility Consumption & Power saving calculations -May 2026.xlsm,Consolidated Utility Readings.,43,Imported from 2026-05 consolidated utility readings
MOEHE HQ / Permanent HQ,COLING-TOWER--BLOWDOWN,2026-05-27,2556,m3,flow,Consolidated daily report +Utility Consumption & Power saving calculations -May 2026.xlsm,Consolidated Utility Readings.,43,Imported from 2026-05 consolidated utility readings
MOEHE HQ / Permanent HQ,COLING-TOWER--BLOWDOWN,2026-05-28,2556,m3,flow,Consolidated daily report +Utility Consumption & Power saving calculations -May 2026.xlsm,Consolidated Utility Readings.,43,Imported from 2026-05 consolidated utility readings
MOEHE HQ / Permanent HQ,COLING-TOWER--BLOWDOWN,2026-05-29,2556,m3,flow,Consolidated daily report +Utility Consumption & Power saving calculations -May 2026.xlsm,Consolidated Utility Readings.,43,Imported from 2026-05 consolidated utility readings
MOEHE HQ / Permanent HQ,COLING-TOWER--BLOWDOWN,2026-05-30,2556,m3,flow,Consolidated daily report +Utility Consumption & Power saving calculations -May 2026.xlsm,Consolidated Utility Readings.,43,Imported from 2026-05 consolidated utility readings
MOEHE HQ / Permanent HQ,COLING-TOWER--BLOWDOWN,2026-05-31,2609,m3,flow,Consolidated daily report +Utility Consumption & Power saving calculations -May 2026.xlsm,Consolidated Utility Readings.,43,Imported from 2026-05 consolidated utility readings
MOEHE HQ / Permanent HQ,ETD-1000,2026-03-01,45350,liter,fuel,Consolidated daily report +Utility Consumption & Power saving calculations -Mar 2026.xlsm,Consolidated Utility Readings.,32,Imported from 2026-03 consolidated utility readings
MOEHE HQ / Permanent HQ,ETD-1000,2026-03-02,45350,liter,fuel,Consolidated daily report +Utility Consumption & Power saving calculations -Mar 2026.xlsm,Consolidated Utility Readings.,32,Imported from 2026-03 consolidated utility readings
MOEHE HQ / Permanent HQ,ETD-1000,2026-03-03,45350,liter,fuel,Consolidated daily report +Utility Consumption & Power saving calculations -Mar 2026.xlsm,Consolidated Utility Readings.,32,Imported from 2026-03 consolidated utility readings
MOEHE HQ / Permanent HQ,ETD-1000,2026-03-04,45350,liter,fuel,Consolidated daily report +Utility Consumption & Power saving calculations -Mar 2026.xlsm,Consolidated Utility Readings.,32,Imported from 2026-03 consolidated utility readings
MOEHE HQ / Permanent HQ,ETD-1000,2026-03-05,45350,liter,fuel,Consolidated daily report +Utility Consumption & Power saving calculations -Mar 2026.xlsm,Consolidated Utility Readings.,32,Imported from 2026-03 consolidated utility readings
MOEHE HQ / Permanent HQ,ETD-1000,2026-03-06,45350,liter,fuel,Consolidated daily report +Utility Consumption & Power saving calculations -Mar 2026.xlsm,Consolidated Utility Readings.,32,Imported from 2026-03 consolidated utility readings
MOEHE HQ / Permanent HQ,ETD-1000,2026-03-07,45350,liter,fuel,Consolidated daily report +Utility Consumption & Power saving calculations -Mar 2026.xlsm,Consolidated Utility Readings.,32,Imported from 2026-03 consolidated utility readings
MOEHE HQ / Permanent HQ,ETD-1000,2026-03-08,45350,liter,fuel,Consolidated daily report +Utility Consumption & Power saving calculations -Mar 2026.xlsm,Consolidated Utility Readings.,32,Imported from 2026-03 consolidated utility readings
MOEHE HQ / Permanent HQ,ETD-1000,2026-03-09,45350,liter,fuel,Consolidated daily report +Utility Consumption & Power saving calculations -Mar 2026.xlsm,Consolidated Utility Readings.,32,Imported from 2026-03 consolidated utility readings
MOEHE HQ / Permanent HQ,ETD-1000,2026-03-10,45350,liter,fuel,Consolidated daily report +Utility Consumption & Power saving calculations -Mar 2026.xlsm,Consolidated Utility Readings.,32,Imported from 2026-03 consolidated utility readings
MOEHE HQ / Permanent HQ,ETD-1000,2026-03-11,45350,liter,fuel,Consolidated daily report +Utility Consumption & Power saving calculations -Mar 2026.xlsm,Consolidated Utility Readings.,32,Imported from 2026-03 consolidated utility readings
MOEHE HQ / Permanent HQ,ETD-1000,2026-03-12,45350,liter,fuel,Consolidated daily report +Utility Consumption & Power saving calculations -Mar 2026.xlsm,Consolidated Utility Readings.,32,Imported from 2026-03 consolidated utility readings
MOEHE HQ / Permanent HQ,ETD-1000,2026-03-13,45350,liter,fuel,Consolidated daily report +Utility Consumption & Power saving calculations -Mar 2026.xlsm,Consolidated Utility Readings.,32,Imported from 2026-03 consolidated utility readings
MOEHE HQ / Permanent HQ,ETD-1000,2026-03-14,45350,liter,fuel,Consolidated daily report +Utility Consumption & Power saving calculations -Mar 2026.xlsm,Consolidated Utility Readings.,32,Imported from 2026-03 consolidated utility readings
MOEHE HQ / Permanent HQ,ETD-1000,2026-03-15,45350,liter,fuel,Consolidated daily report +Utility Consumption & Power saving calculations -Mar 2026.xlsm,Consolidated Utility Readings.,32,Imported from 2026-03 consolidated utility readings
MOEHE HQ / Permanent HQ,ETD-1000,2026-03-16,45350,liter,fuel,Consolidated daily report +Utility Consumption & Power saving calculations -Mar 2026.xlsm,Consolidated Utility Readings.,32,Imported from 2026-03 consolidated utility readings
MOEHE HQ / Permanent HQ,ETD-1000,2026-03-17,45350,liter,fuel,Consolidated daily report +Utility Consumption & Power saving calculations -Mar 2026.xlsm,Consolidated Utility Readings.,32,Imported from 2026-03 consolidated utility readings
MOEHE HQ / Permanent HQ,ETD-1000,2026-03-18,45350,liter,fuel,Consolidated daily report +Utility Consumption & Power saving calculations -Mar 2026.xlsm,Consolidated Utility Readings.,32,Imported from 2026-03 consolidated utility readings
MOEHE HQ / Permanent HQ,ETD-1000,2026-03-19,45350,liter,fuel,Consolidated daily report +Utility Consumption & Power saving calculations -Mar 2026.xlsm,Consolidated Utility Readings.,32,Imported from 2026-03 consolidated utility readings
MOEHE HQ / Permanent HQ,ETD-1000,2026-03-20,45350,liter,fuel,Consolidated daily report +Utility Consumption & Power saving calculations -Mar 2026.xlsm,Consolidated Utility Readings.,32,Imported from 2026-03 consolidated utility readings
MOEHE HQ / Permanent HQ,ETD-1000,2026-03-21,45350,liter,fuel,Consolidated daily report +Utility Consumption & Power saving calculations -Mar 2026.xlsm,Consolidated Utility Readings.,32,Imported from 2026-03 consolidated utility readings
MOEHE HQ / Permanent HQ,ETD-1000,2026-03-22,45350,liter,fuel,Consolidated daily report +Utility Consumption & Power saving calculations -Mar 2026.xlsm,Consolidated Utility Readings.,32,Imported from 2026-03 consolidated utility readings
MOEHE HQ / Permanent HQ,ETD-1000,2026-03-23,45350,liter,fuel,Consolidated daily report +Utility Consumption & Power saving calculations -Mar 2026.xlsm,Consolidated Utility Readings.,32,Imported from 2026-03 consolidated utility readings
MOEHE HQ / Permanent HQ,ETD-1000,2026-03-24,45350,liter,fuel,Consolidated daily report +Utility Consumption & Power saving calculations -Mar 2026.xlsm,Consolidated Utility Readings.,32,Imported from 2026-03 consolidated utility readings
MOEHE HQ / Permanent HQ,ETD-1000,2026-03-25,45350,liter,fuel,Consolidated daily report +Utility Consumption & Power saving calculations -Mar 2026.xlsm,Consolidated Utility Readings.,32,Imported from 2026-03 consolidated utility readings
MOEHE HQ / Permanent HQ,ETD-1000,2026-03-26,45350,liter,fuel,Consolidated daily report +Utility Consumption & Power saving calculations -Mar 2026.xlsm,Consolidated Utility Readings.,32,Imported from 2026-03 consolidated utility readings
MOEHE HQ / Permanent HQ,ETD-1000,2026-03-27,45350,liter,fuel,Consolidated daily report +Utility Consumption & Power saving calculations -Mar 2026.xlsm,Consolidated Utility Readings.,32,Imported from 2026-03 consolidated utility readings
MOEHE HQ / Permanent HQ,ETD-1000,2026-03-28,45350,liter,fuel,Consolidated daily report +Utility Consumption & Power saving calculations -Mar 2026.xlsm,Consolidated Utility Readings.,32,Imported from 2026-03 consolidated utility readings
MOEHE HQ / Permanent HQ,ETD-1000,2026-03-29,45350,liter,fuel,Consolidated daily report +Utility Consumption & Power saving calculations -Mar 2026.xlsm,Consolidated Utility Readings.,32,Imported from 2026-03 consolidated utility readings
MOEHE HQ / Permanent HQ,ETD-1000,2026-03-30,45350,liter,fuel,Consolidated daily report +Utility Consumption & Power saving calculations -Mar 2026.xlsm,Consolidated Utility Readings.,32,Imported from 2026-03 consolidated utility readings
MOEHE HQ / Permanent HQ,ETD-1000,2026-03-31,45350,liter,fuel,Consolidated daily report +Utility Consumption & Power saving calculations -Mar 2026.xlsm,Consolidated Utility Readings.,32,Imported from 2026-03 consolidated utility readings
MOEHE HQ / Permanent HQ,ETD-1000,2026-04-01,45350,liter,fuel,Consolidated daily report +Utility Consumption & Power saving calculations -Apr 2026.xlsm,Consolidated Utility Readings.,32,Imported from 2026-04 consolidated utility readings
MOEHE HQ / Permanent HQ,ETD-1000,2026-04-02,45350,liter,fuel,Consolidated daily report +Utility Consumption & Power saving calculations -Apr 2026.xlsm,Consolidated Utility Readings.,32,Imported from 2026-04 consolidated utility readings
MOEHE HQ / Permanent HQ,ETD-1000,2026-04-03,45350,liter,fuel,Consolidated daily report +Utility Consumption & Power saving calculations -Apr 2026.xlsm,Consolidated Utility Readings.,32,Imported from 2026-04 consolidated utility readings
MOEHE HQ / Permanent HQ,ETD-1000,2026-04-04,45350,liter,fuel,Consolidated daily report +Utility Consumption & Power saving calculations -Apr 2026.xlsm,Consolidated Utility Readings.,32,Imported from 2026-04 consolidated utility readings
MOEHE HQ / Permanent HQ,ETD-1000,2026-04-05,45350,liter,fuel,Consolidated daily report +Utility Consumption & Power saving calculations -Apr 2026.xlsm,Consolidated Utility Readings.,32,Imported from 2026-04 consolidated utility readings
MOEHE HQ / Permanent HQ,ETD-1000,2026-04-06,45350,liter,fuel,Consolidated daily report +Utility Consumption & Power saving calculations -Apr 2026.xlsm,Consolidated Utility Readings.,32,Imported from 2026-04 consolidated utility readings
MOEHE HQ / Permanent HQ,ETD-1000,2026-04-07,45350,liter,fuel,Consolidated daily report +Utility Consumption & Power saving calculations -Apr 2026.xlsm,Consolidated Utility Readings.,32,Imported from 2026-04 consolidated utility readings
MOEHE HQ / Permanent HQ,ETD-1000,2026-04-08,45350,liter,fuel,Consolidated daily report +Utility Consumption & Power saving calculations -Apr 2026.xlsm,Consolidated Utility Readings.,32,Imported from 2026-04 consolidated utility readings
MOEHE HQ / Permanent HQ,ETD-1000,2026-04-09,45350,liter,fuel,Consolidated daily report +Utility Consumption & Power saving calculations -Apr 2026.xlsm,Consolidated Utility Readings.,32,Imported from 2026-04 consolidated utility readings
MOEHE HQ / Permanent HQ,ETD-1000,2026-04-10,45350,liter,fuel,Consolidated daily report +Utility Consumption & Power saving calculations -Apr 2026.xlsm,Consolidated Utility Readings.,32,Imported from 2026-04 consolidated utility readings
MOEHE HQ / Permanent HQ,ETD-1000,2026-04-11,45350,liter,fuel,Consolidated daily report +Utility Consumption & Power saving calculations -Apr 2026.xlsm,Consolidated Utility Readings.,32,Imported from 2026-04 consolidated utility readings
MOEHE HQ / Permanent HQ,ETD-1000,2026-04-12,45350,liter,fuel,Consolidated daily report +Utility Consumption & Power saving calculations -Apr 2026.xlsm,Consolidated Utility Readings.,32,Imported from 2026-04 consolidated utility readings
MOEHE HQ / Permanent HQ,ETD-1000,2026-04-13,45350,liter,fuel,Consolidated daily report +Utility Consumption & Power saving calculations -Apr 2026.xlsm,Consolidated Utility Readings.,32,Imported from 2026-04 consolidated utility readings
MOEHE HQ / Permanent HQ,ETD-1000,2026-04-14,45350,liter,fuel,Consolidated daily report +Utility Consumption & Power saving calculations -Apr 2026.xlsm,Consolidated Utility Readings.,32,Imported from 2026-04 consolidated utility readings
MOEHE HQ / Permanent HQ,ETD-1000,2026-04-15,45350,liter,fuel,Consolidated daily report +Utility Consumption & Power saving calculations -Apr 2026.xlsm,Consolidated Utility Readings.,32,Imported from 2026-04 consolidated utility readings
MOEHE HQ / Permanent HQ,ETD-1000,2026-04-16,45350,liter,fuel,Consolidated daily report +Utility Consumption & Power saving calculations -Apr 2026.xlsm,Consolidated Utility Readings.,32,Imported from 2026-04 consolidated utility readings
MOEHE HQ / Permanent HQ,ETD-1000,2026-04-17,45350,liter,fuel,Consolidated daily report +Utility Consumption & Power saving calculations -Apr 2026.xlsm,Consolidated Utility Readings.,32,Imported from 2026-04 consolidated utility readings
MOEHE HQ / Permanent HQ,ETD-1000,2026-04-18,45350,liter,fuel,Consolidated daily report +Utility Consumption & Power saving calculations -Apr 2026.xlsm,Consolidated Utility Readings.,32,Imported from 2026-04 consolidated utility readings
MOEHE HQ / Permanent HQ,ETD-1000,2026-04-19,45350,liter,fuel,Consolidated daily report +Utility Consumption & Power saving calculations -Apr 2026.xlsm,Consolidated Utility Readings.,32,Imported from 2026-04 consolidated utility readings
MOEHE HQ / Permanent HQ,ETD-1000,2026-04-20,45350,liter,fuel,Consolidated daily report +Utility Consumption & Power saving calculations -Apr 2026.xlsm,Consolidated Utility Readings.,32,Imported from 2026-04 consolidated utility readings
MOEHE HQ / Permanent HQ,ETD-1000,2026-04-21,45350,liter,fuel,Consolidated daily report +Utility Consumption & Power saving calculations -Apr 2026.xlsm,Consolidated Utility Readings.,32,Imported from 2026-04 consolidated utility readings
MOEHE HQ / Permanent HQ,ETD-1000,2026-04-22,45350,liter,fuel,Consolidated daily report +Utility Consumption & Power saving calculations -Apr 2026.xlsm,Consolidated Utility Readings.,32,Imported from 2026-04 consolidated utility readings
MOEHE HQ / Permanent HQ,ETD-1000,2026-04-23,45350,liter,fuel,Consolidated daily report +Utility Consumption & Power saving calculations -Apr 2026.xlsm,Consolidated Utility Readings.,32,Imported from 2026-04 consolidated utility readings
MOEHE HQ / Permanent HQ,ETD-1000,2026-04-24,45350,liter,fuel,Consolidated daily report +Utility Consumption & Power saving calculations -Apr 2026.xlsm,Consolidated Utility Readings.,32,Imported from 2026-04 consolidated utility readings
MOEHE HQ / Permanent HQ,ETD-1000,2026-04-25,45350,liter,fuel,Consolidated daily report +Utility Consumption & Power saving calculations -Apr 2026.xlsm,Consolidated Utility Readings.,32,Imported from 2026-04 consolidated utility readings
MOEHE HQ / Permanent HQ,ETD-1000,2026-04-26,45350,liter,fuel,Consolidated daily report +Utility Consumption & Power saving calculations -Apr 2026.xlsm,Consolidated Utility Readings.,32,Imported from 2026-04 consolidated utility readings
MOEHE HQ / Permanent HQ,ETD-1000,2026-04-27,45350,liter,fuel,Consolidated daily report +Utility Consumption & Power saving calculations -Apr 2026.xlsm,Consolidated Utility Readings.,32,Imported from 2026-04 consolidated utility readings
MOEHE HQ / Permanent HQ,ETD-1000,2026-04-28,45350,liter,fuel,Consolidated daily report +Utility Consumption & Power saving calculations -Apr 2026.xlsm,Consolidated Utility Readings.,32,Imported from 2026-04 consolidated utility readings
MOEHE HQ / Permanent HQ,ETD-1000,2026-04-29,45350,liter,fuel,Consolidated daily report +Utility Consumption & Power saving calculations -Apr 2026.xlsm,Consolidated Utility Readings.,32,Imported from 2026-04 consolidated utility readings
MOEHE HQ / Permanent HQ,ETD-1000,2026-04-30,45350,liter,fuel,Consolidated daily report +Utility Consumption & Power saving calculations -Apr 2026.xlsm,Consolidated Utility Readings.,32,Imported from 2026-04 consolidated utility readings
MOEHE HQ / Permanent HQ,ETD-1000,2026-05-01,44749,liter,fuel,Consolidated daily report +Utility Consumption & Power saving calculations -May 2026.xlsm,Consolidated Utility Readings.,32,Imported from 2026-05 consolidated utility readings
MOEHE HQ / Permanent HQ,ETD-1000,2026-05-02,44749,liter,fuel,Consolidated daily report +Utility Consumption & Power saving calculations -May 2026.xlsm,Consolidated Utility Readings.,32,Imported from 2026-05 consolidated utility readings
MOEHE HQ / Permanent HQ,ETD-1000,2026-05-03,44749,liter,fuel,Consolidated daily report +Utility Consumption & Power saving calculations -May 2026.xlsm,Consolidated Utility Readings.,32,Imported from 2026-05 consolidated utility readings
MOEHE HQ / Permanent HQ,ETD-1000,2026-05-04,44749,liter,fuel,Consolidated daily report +Utility Consumption & Power saving calculations -May 2026.xlsm,Consolidated Utility Readings.,32,Imported from 2026-05 consolidated utility readings
MOEHE HQ / Permanent HQ,ETD-1000,2026-05-05,44749,liter,fuel,Consolidated daily report +Utility Consumption & Power saving calculations -May 2026.xlsm,Consolidated Utility Readings.,32,Imported from 2026-05 consolidated utility readings
MOEHE HQ / Permanent HQ,ETD-1000,2026-05-06,44749,liter,fuel,Consolidated daily report +Utility Consumption & Power saving calculations -May 2026.xlsm,Consolidated Utility Readings.,32,Imported from 2026-05 consolidated utility readings
MOEHE HQ / Permanent HQ,ETD-1000,2026-05-07,44749,liter,fuel,Consolidated daily report +Utility Consumption & Power saving calculations -May 2026.xlsm,Consolidated Utility Readings.,32,Imported from 2026-05 consolidated utility readings
MOEHE HQ / Permanent HQ,ETD-1000,2026-05-08,44749,liter,fuel,Consolidated daily report +Utility Consumption & Power saving calculations -May 2026.xlsm,Consolidated Utility Readings.,32,Imported from 2026-05 consolidated utility readings
MOEHE HQ / Permanent HQ,ETD-1000,2026-05-09,44749,liter,fuel,Consolidated daily report +Utility Consumption & Power saving calculations -May 2026.xlsm,Consolidated Utility Readings.,32,Imported from 2026-05 consolidated utility readings
MOEHE HQ / Permanent HQ,ETD-1000,2026-05-10,44749,liter,fuel,Consolidated daily report +Utility Consumption & Power saving calculations -May 2026.xlsm,Consolidated Utility Readings.,32,Imported from 2026-05 consolidated utility readings
MOEHE HQ / Permanent HQ,ETD-1000,2026-05-11,44749,liter,fuel,Consolidated daily report +Utility Consumption & Power saving calculations -May 2026.xlsm,Consolidated Utility Readings.,32,Imported from 2026-05 consolidated utility readings
MOEHE HQ / Permanent HQ,ETD-1000,2026-05-12,44749,liter,fuel,Consolidated daily report +Utility Consumption & Power saving calculations -May 2026.xlsm,Consolidated Utility Readings.,32,Imported from 2026-05 consolidated utility readings
MOEHE HQ / Permanent HQ,ETD-1000,2026-05-13,44749,liter,fuel,Consolidated daily report +Utility Consumption & Power saving calculations -May 2026.xlsm,Consolidated Utility Readings.,32,Imported from 2026-05 consolidated utility readings
MOEHE HQ / Permanent HQ,ETD-1000,2026-05-14,44749,liter,fuel,Consolidated daily report +Utility Consumption & Power saving calculations -May 2026.xlsm,Consolidated Utility Readings.,32,Imported from 2026-05 consolidated utility readings
MOEHE HQ / Permanent HQ,ETD-1000,2026-05-15,44749,liter,fuel,Consolidated daily report +Utility Consumption & Power saving calculations -May 2026.xlsm,Consolidated Utility Readings.,32,Imported from 2026-05 consolidated utility readings
MOEHE HQ / Permanent HQ,ETD-1000,2026-05-16,44749,liter,fuel,Consolidated daily report +Utility Consumption & Power saving calculations -May 2026.xlsm,Consolidated Utility Readings.,32,Imported from 2026-05 consolidated utility readings
MOEHE HQ / Permanent HQ,ETD-1000,2026-05-17,44749,liter,fuel,Consolidated daily report +Utility Consumption & Power saving calculations -May 2026.xlsm,Consolidated Utility Readings.,32,Imported from 2026-05 consolidated utility readings
MOEHE HQ / Permanent HQ,ETD-1000,2026-05-18,44749,liter,fuel,Consolidated daily report +Utility Consumption & Power saving calculations -May 2026.xlsm,Consolidated Utility Readings.,32,Imported from 2026-05 consolidated utility readings
MOEHE HQ / Permanent HQ,ETD-1000,2026-05-19,44749,liter,fuel,Consolidated daily report +Utility Consumption & Power saving calculations -May 2026.xlsm,Consolidated Utility Readings.,32,Imported from 2026-05 consolidated utility readings
MOEHE HQ / Permanent HQ,ETD-1000,2026-05-20,44749,liter,fuel,Consolidated daily report +Utility Consumption & Power saving calculations -May 2026.xlsm,Consolidated Utility Readings.,32,Imported from 2026-05 consolidated utility readings
MOEHE HQ / Permanent HQ,ETD-1000,2026-05-21,44749,liter,fuel,Consolidated daily report +Utility Consumption & Power saving calculations -May 2026.xlsm,Consolidated Utility Readings.,32,Imported from 2026-05 consolidated utility readings
MOEHE HQ / Permanent HQ,ETD-1000,2026-05-22,44749,liter,fuel,Consolidated daily report +Utility Consumption & Power saving calculations -May 2026.xlsm,Consolidated Utility Readings.,32,Imported from 2026-05 consolidated utility readings
MOEHE HQ / Permanent HQ,ETD-1000,2026-05-23,44749,liter,fuel,Consolidated daily report +Utility Consumption & Power saving calculations -May 2026.xlsm,Consolidated Utility Readings.,32,Imported from 2026-05 consolidated utility readings
MOEHE HQ / Permanent HQ,ETD-1000,2026-05-24,44749,liter,fuel,Consolidated daily report +Utility Consumption & Power saving calculations -May 2026.xlsm,Consolidated Utility Readings.,32,Imported from 2026-05 consolidated utility readings
MOEHE HQ / Permanent HQ,ETD-1000,2026-05-25,44749,liter,fuel,Consolidated daily report +Utility Consumption & Power saving calculations -May 2026.xlsm,Consolidated Utility Readings.,32,Imported from 2026-05 consolidated utility readings
MOEHE HQ / Permanent HQ,ETD-1000,2026-05-26,44749,liter,fuel,Consolidated daily report +Utility Consumption & Power saving calculations -May 2026.xlsm,Consolidated Utility Readings.,32,Imported from 2026-05 consolidated utility readings
MOEHE HQ / Permanent HQ,ETD-1000,2026-05-27,44749,liter,fuel,Consolidated daily report +Utility Consumption & Power saving calculations -May 2026.xlsm,Consolidated Utility Readings.,32,Imported from 2026-05 consolidated utility readings
MOEHE HQ / Permanent HQ,ETD-1000,2026-05-28,44749,liter,fuel,Consolidated daily report +Utility Consumption & Power saving calculations -May 2026.xlsm,Consolidated Utility Readings.,32,Imported from 2026-05 consolidated utility readings
MOEHE HQ / Permanent HQ,ETD-1000,2026-05-29,44749,liter,fuel,Consolidated daily report +Utility Consumption & Power saving calculations -May 2026.xlsm,Consolidated Utility Readings.,32,Imported from 2026-05 consolidated utility readings
MOEHE HQ / Permanent HQ,ETD-1000,2026-05-30,44749,liter,fuel,Consolidated daily report +Utility Consumption & Power saving calculations -May 2026.xlsm,Consolidated Utility Readings.,32,Imported from 2026-05 consolidated utility readings
MOEHE HQ / Permanent HQ,ETD-1000,2026-05-31,44749,liter,fuel,Consolidated daily report +Utility Consumption & Power saving calculations -May 2026.xlsm,Consolidated Utility Readings.,32,Imported from 2026-05 consolidated utility readings
MOEHE HQ / Permanent HQ,K22223190003505907,2026-03-01,2027234,m3,water,Consolidated daily report +Utility Consumption & Power saving calculations -Mar 2026.xlsm,Consolidated Utility Readings.,20,Imported from 2026-03 consolidated utility readings
MOEHE HQ / Permanent HQ,K22223190003505907,2026-03-02,2081154,m3,water,Consolidated daily report +Utility Consumption & Power saving calculations -Mar 2026.xlsm,Consolidated Utility Readings.,20,Imported from 2026-03 consolidated utility readings
MOEHE HQ / Permanent HQ,K22223190003505907,2026-03-03,2081154,m3,water,Consolidated daily report +Utility Consumption & Power saving calculations -Mar 2026.xlsm,Consolidated Utility Readings.,20,Imported from 2026-03 consolidated utility readings
MOEHE HQ / Permanent HQ,K22223190003505907,2026-03-04,2118216,m3,water,Consolidated daily report +Utility Consumption & Power saving calculations -Mar 2026.xlsm,Consolidated Utility Readings.,20,Imported from 2026-03 consolidated utility readings
MOEHE HQ / Permanent HQ,K22223190003505907,2026-03-05,2118216,m3,water,Consolidated daily report +Utility Consumption & Power saving calculations -Mar 2026.xlsm,Consolidated Utility Readings.,20,Imported from 2026-03 consolidated utility readings
MOEHE HQ / Permanent HQ,K22223190003505907,2026-03-06,2143970,m3,water,Consolidated daily report +Utility Consumption & Power saving calculations -Mar 2026.xlsm,Consolidated Utility Readings.,20,Imported from 2026-03 consolidated utility readings
MOEHE HQ / Permanent HQ,K22223190003505907,2026-03-07,2143970,m3,water,Consolidated daily report +Utility Consumption & Power saving calculations -Mar 2026.xlsm,Consolidated Utility Readings.,20,Imported from 2026-03 consolidated utility readings
MOEHE HQ / Permanent HQ,K22223190003505907,2026-03-08,2143970,m3,water,Consolidated daily report +Utility Consumption & Power saving calculations -Mar 2026.xlsm,Consolidated Utility Readings.,20,Imported from 2026-03 consolidated utility readings
MOEHE HQ / Permanent HQ,K22223190003505907,2026-03-09,2143970,m3,water,Consolidated daily report +Utility Consumption & Power saving calculations -Mar 2026.xlsm,Consolidated Utility Readings.,20,Imported from 2026-03 consolidated utility readings
MOEHE HQ / Permanent HQ,K22223190003505907,2026-03-10,2143970,m3,water,Consolidated daily report +Utility Consumption & Power saving calculations -Mar 2026.xlsm,Consolidated Utility Readings.,20,Imported from 2026-03 consolidated utility readings
MOEHE HQ / Permanent HQ,K22223190003505907,2026-03-11,2175685,m3,water,Consolidated daily report +Utility Consumption & Power saving calculations -Mar 2026.xlsm,Consolidated Utility Readings.,20,Imported from 2026-03 consolidated utility readings
MOEHE HQ / Permanent HQ,K22223190003505907,2026-03-12,2175685,m3,water,Consolidated daily report +Utility Consumption & Power saving calculations -Mar 2026.xlsm,Consolidated Utility Readings.,20,Imported from 2026-03 consolidated utility readings
MOEHE HQ / Permanent HQ,K22223190003505907,2026-03-13,2175685,m3,water,Consolidated daily report +Utility Consumption & Power saving calculations -Mar 2026.xlsm,Consolidated Utility Readings.,20,Imported from 2026-03 consolidated utility readings
MOEHE HQ / Permanent HQ,K22223190003505907,2026-03-14,2175685,m3,water,Consolidated daily report +Utility Consumption & Power saving calculations -Mar 2026.xlsm,Consolidated Utility Readings.,20,Imported from 2026-03 consolidated utility readings
MOEHE HQ / Permanent HQ,K22223190003505907,2026-03-15,2175685,m3,water,Consolidated daily report +Utility Consumption & Power saving calculations -Mar 2026.xlsm,Consolidated Utility Readings.,20,Imported from 2026-03 consolidated utility readings
MOEHE HQ / Permanent HQ,K22223190003505907,2026-03-16,2175685,m3,water,Consolidated daily report +Utility Consumption & Power saving calculations -Mar 2026.xlsm,Consolidated Utility Readings.,20,Imported from 2026-03 consolidated utility readings
MOEHE HQ / Permanent HQ,K22223190003505907,2026-03-17,2175685,m3,water,Consolidated daily report +Utility Consumption & Power saving calculations -Mar 2026.xlsm,Consolidated Utility Readings.,20,Imported from 2026-03 consolidated utility readings
MOEHE HQ / Permanent HQ,K22223190003505907,2026-03-18,2175685,m3,water,Consolidated daily report +Utility Consumption & Power saving calculations -Mar 2026.xlsm,Consolidated Utility Readings.,20,Imported from 2026-03 consolidated utility readings
MOEHE HQ / Permanent HQ,K22223190003505907,2026-03-19,2175685,m3,water,Consolidated daily report +Utility Consumption & Power saving calculations -Mar 2026.xlsm,Consolidated Utility Readings.,20,Imported from 2026-03 consolidated utility readings
MOEHE HQ / Permanent HQ,K22223190003505907,2026-03-20,2175685,m3,water,Consolidated daily report +Utility Consumption & Power saving calculations -Mar 2026.xlsm,Consolidated Utility Readings.,20,Imported from 2026-03 consolidated utility readings
MOEHE HQ / Permanent HQ,K22223190003505907,2026-03-21,2175685,m3,water,Consolidated daily report +Utility Consumption & Power saving calculations -Mar 2026.xlsm,Consolidated Utility Readings.,20,Imported from 2026-03 consolidated utility readings
MOEHE HQ / Permanent HQ,K22223190003505907,2026-03-22,2175685,m3,water,Consolidated daily report +Utility Consumption & Power saving calculations -Mar 2026.xlsm,Consolidated Utility Readings.,20,Imported from 2026-03 consolidated utility readings
MOEHE HQ / Permanent HQ,K22223190003505907,2026-03-23,2175685,m3,water,Consolidated daily report +Utility Consumption & Power saving calculations -Mar 2026.xlsm,Consolidated Utility Readings.,20,Imported from 2026-03 consolidated utility readings
MOEHE HQ / Permanent HQ,K22223190003505907,2026-03-24,2175685,m3,water,Consolidated daily report +Utility Consumption & Power saving calculations -Mar 2026.xlsm,Consolidated Utility Readings.,20,Imported from 2026-03 consolidated utility readings
MOEHE HQ / Permanent HQ,K22223190003505907,2026-03-25,2175685,m3,water,Consolidated daily report +Utility Consumption & Power saving calculations -Mar 2026.xlsm,Consolidated Utility Readings.,20,Imported from 2026-03 consolidated utility readings
MOEHE HQ / Permanent HQ,K22223190003505907,2026-03-26,2175685,m3,water,Consolidated daily report +Utility Consumption & Power saving calculations -Mar 2026.xlsm,Consolidated Utility Readings.,20,Imported from 2026-03 consolidated utility readings
MOEHE HQ / Permanent HQ,K22223190003505907,2026-03-27,2175685,m3,water,Consolidated daily report +Utility Consumption & Power saving calculations -Mar 2026.xlsm,Consolidated Utility Readings.,20,Imported from 2026-03 consolidated utility readings
MOEHE HQ / Permanent HQ,K22223190003505907,2026-03-28,2175685,m3,water,Consolidated daily report +Utility Consumption & Power saving calculations -Mar 2026.xlsm,Consolidated Utility Readings.,20,Imported from 2026-03 consolidated utility readings
MOEHE HQ / Permanent HQ,K22223190003505907,2026-03-29,2175685,m3,water,Consolidated daily report +Utility Consumption & Power saving calculations -Mar 2026.xlsm,Consolidated Utility Readings.,20,Imported from 2026-03 consolidated utility readings
MOEHE HQ / Permanent HQ,K22223190003505907,2026-03-30,2175685,m3,water,Consolidated daily report +Utility Consumption & Power saving calculations -Mar 2026.xlsm,Consolidated Utility Readings.,20,Imported from 2026-03 consolidated utility readings
MOEHE HQ / Permanent HQ,K22223190003505907,2026-03-31,2175685,m3,water,Consolidated daily report +Utility Consumption & Power saving calculations -Mar 2026.xlsm,Consolidated Utility Readings.,20,Imported from 2026-03 consolidated utility readings
MOEHE HQ / Permanent HQ,K22223190003505907,2026-04-01,2175685,m3,water,Consolidated daily report +Utility Consumption & Power saving calculations -Apr 2026.xlsm,Consolidated Utility Readings.,20,Imported from 2026-04 consolidated utility readings
MOEHE HQ / Permanent HQ,K22223190003505907,2026-04-02,2175685,m3,water,Consolidated daily report +Utility Consumption & Power saving calculations -Apr 2026.xlsm,Consolidated Utility Readings.,20,Imported from 2026-04 consolidated utility readings
MOEHE HQ / Permanent HQ,K22223190003505907,2026-04-03,2175685,m3,water,Consolidated daily report +Utility Consumption & Power saving calculations -Apr 2026.xlsm,Consolidated Utility Readings.,20,Imported from 2026-04 consolidated utility readings
MOEHE HQ / Permanent HQ,K22223190003505907,2026-04-04,2175685,m3,water,Consolidated daily report +Utility Consumption & Power saving calculations -Apr 2026.xlsm,Consolidated Utility Readings.,20,Imported from 2026-04 consolidated utility readings
MOEHE HQ / Permanent HQ,K22223190003505907,2026-04-05,2175685,m3,water,Consolidated daily report +Utility Consumption & Power saving calculations -Apr 2026.xlsm,Consolidated Utility Readings.,20,Imported from 2026-04 consolidated utility readings
MOEHE HQ / Permanent HQ,K22223190003505907,2026-04-06,2175685,m3,water,Consolidated daily report +Utility Consumption & Power saving calculations -Apr 2026.xlsm,Consolidated Utility Readings.,20,Imported from 2026-04 consolidated utility readings
MOEHE HQ / Permanent HQ,K22223190003505907,2026-04-07,2175685,m3,water,Consolidated daily report +Utility Consumption & Power saving calculations -Apr 2026.xlsm,Consolidated Utility Readings.,20,Imported from 2026-04 consolidated utility readings
MOEHE HQ / Permanent HQ,K22223190003505907,2026-04-08,2175685,m3,water,Consolidated daily report +Utility Consumption & Power saving calculations -Apr 2026.xlsm,Consolidated Utility Readings.,20,Imported from 2026-04 consolidated utility readings
MOEHE HQ / Permanent HQ,K22223190003505907,2026-04-09,2175685,m3,water,Consolidated daily report +Utility Consumption & Power saving calculations -Apr 2026.xlsm,Consolidated Utility Readings.,20,Imported from 2026-04 consolidated utility readings
MOEHE HQ / Permanent HQ,K22223190003505907,2026-04-10,2192614,m3,water,Consolidated daily report +Utility Consumption & Power saving calculations -Apr 2026.xlsm,Consolidated Utility Readings.,20,Imported from 2026-04 consolidated utility readings
MOEHE HQ / Permanent HQ,K22223190003505907,2026-04-11,2192614,m3,water,Consolidated daily report +Utility Consumption & Power saving calculations -Apr 2026.xlsm,Consolidated Utility Readings.,20,Imported from 2026-04 consolidated utility readings
MOEHE HQ / Permanent HQ,K22223190003505907,2026-04-12,2192614,m3,water,Consolidated daily report +Utility Consumption & Power saving calculations -Apr 2026.xlsm,Consolidated Utility Readings.,20,Imported from 2026-04 consolidated utility readings
MOEHE HQ / Permanent HQ,K22223190003505907,2026-04-13,2209007,m3,water,Consolidated daily report +Utility Consumption & Power saving calculations -Apr 2026.xlsm,Consolidated Utility Readings.,20,Imported from 2026-04 consolidated utility readings
MOEHE HQ / Permanent HQ,K22223190003505907,2026-04-14,2209007,m3,water,Consolidated daily report +Utility Consumption & Power saving calculations -Apr 2026.xlsm,Consolidated Utility Readings.,20,Imported from 2026-04 consolidated utility readings
MOEHE HQ / Permanent HQ,K22223190003505907,2026-04-15,2209007,m3,water,Consolidated daily report +Utility Consumption & Power saving calculations -Apr 2026.xlsm,Consolidated Utility Readings.,20,Imported from 2026-04 consolidated utility readings
MOEHE HQ / Permanent HQ,K22223190003505907,2026-04-16,2209007,m3,water,Consolidated daily report +Utility Consumption & Power saving calculations -Apr 2026.xlsm,Consolidated Utility Readings.,20,Imported from 2026-04 consolidated utility readings
MOEHE HQ / Permanent HQ,K22223190003505907,2026-04-17,2247400,m3,water,Consolidated daily report +Utility Consumption & Power saving calculations -Apr 2026.xlsm,Consolidated Utility Readings.,20,Imported from 2026-04 consolidated utility readings
MOEHE HQ / Permanent HQ,K22223190003505907,2026-04-18,2247400,m3,water,Consolidated daily report +Utility Consumption & Power saving calculations -Apr 2026.xlsm,Consolidated Utility Readings.,20,Imported from 2026-04 consolidated utility readings
MOEHE HQ / Permanent HQ,K22223190003505907,2026-04-19,2304934,m3,water,Consolidated daily report +Utility Consumption & Power saving calculations -Apr 2026.xlsm,Consolidated Utility Readings.,20,Imported from 2026-04 consolidated utility readings
MOEHE HQ / Permanent HQ,K22223190003505907,2026-04-20,2354983,m3,water,Consolidated daily report +Utility Consumption & Power saving calculations -Apr 2026.xlsm,Consolidated Utility Readings.,20,Imported from 2026-04 consolidated utility readings
MOEHE HQ / Permanent HQ,K22223190003505907,2026-04-21,2448197,m3,water,Consolidated daily report +Utility Consumption & Power saving calculations -Apr 2026.xlsm,Consolidated Utility Readings.,20,Imported from 2026-04 consolidated utility readings
MOEHE HQ / Permanent HQ,K22223190003505907,2026-04-22,2619310,m3,water,Consolidated daily report +Utility Consumption & Power saving calculations -Apr 2026.xlsm,Consolidated Utility Readings.,20,Imported from 2026-04 consolidated utility readings
MOEHE HQ / Permanent HQ,K22223190003505907,2026-04-23,2667065,m3,water,Consolidated daily report +Utility Consumption & Power saving calculations -Apr 2026.xlsm,Consolidated Utility Readings.,20,Imported from 2026-04 consolidated utility readings
MOEHE HQ / Permanent HQ,K22223190003505907,2026-04-24,2667065,m3,water,Consolidated daily report +Utility Consumption & Power saving calculations -Apr 2026.xlsm,Consolidated Utility Readings.,20,Imported from 2026-04 consolidated utility readings
MOEHE HQ / Permanent HQ,K22223190003505907,2026-04-25,2667065,m3,water,Consolidated daily report +Utility Consumption & Power saving calculations -Apr 2026.xlsm,Consolidated Utility Readings.,20,Imported from 2026-04 consolidated utility readings
MOEHE HQ / Permanent HQ,K22223190003505907,2026-04-26,2709861,m3,water,Consolidated daily report +Utility Consumption & Power saving calculations -Apr 2026.xlsm,Consolidated Utility Readings.,20,Imported from 2026-04 consolidated utility readings
MOEHE HQ / Permanent HQ,K22223190003505907,2026-04-27,2721836,m3,water,Consolidated daily report +Utility Consumption & Power saving calculations -Apr 2026.xlsm,Consolidated Utility Readings.,20,Imported from 2026-04 consolidated utility readings
MOEHE HQ / Permanent HQ,K22223190003505907,2026-04-28,2795302,m3,water,Consolidated daily report +Utility Consumption & Power saving calculations -Apr 2026.xlsm,Consolidated Utility Readings.,20,Imported from 2026-04 consolidated utility readings
MOEHE HQ / Permanent HQ,K22223190003505907,2026-04-29,2893448,m3,water,Consolidated daily report +Utility Consumption & Power saving calculations -Apr 2026.xlsm,Consolidated Utility Readings.,20,Imported from 2026-04 consolidated utility readings
MOEHE HQ / Permanent HQ,K22223190003505907,2026-04-30,2994758,m3,water,Consolidated daily report +Utility Consumption & Power saving calculations -Apr 2026.xlsm,Consolidated Utility Readings.,20,Imported from 2026-04 consolidated utility readings
MOEHE HQ / Permanent HQ,K22223190003505907,2026-05-01,3060027,m3,water,Consolidated daily report +Utility Consumption & Power saving calculations -May 2026.xlsm,Consolidated Utility Readings.,20,Imported from 2026-05 consolidated utility readings
MOEHE HQ / Permanent HQ,K22223190003505907,2026-05-02,3060027,m3,water,Consolidated daily report +Utility Consumption & Power saving calculations -May 2026.xlsm,Consolidated Utility Readings.,20,Imported from 2026-05 consolidated utility readings
MOEHE HQ / Permanent HQ,K22223190003505907,2026-05-03,3116210,m3,water,Consolidated daily report +Utility Consumption & Power saving calculations -May 2026.xlsm,Consolidated Utility Readings.,20,Imported from 2026-05 consolidated utility readings
MOEHE HQ / Permanent HQ,K22223190003505907,2026-05-04,3216575,m3,water,Consolidated daily report +Utility Consumption & Power saving calculations -May 2026.xlsm,Consolidated Utility Readings.,20,Imported from 2026-05 consolidated utility readings
MOEHE HQ / Permanent HQ,K22223190003505907,2026-05-05,3287111,m3,water,Consolidated daily report +Utility Consumption & Power saving calculations -May 2026.xlsm,Consolidated Utility Readings.,20,Imported from 2026-05 consolidated utility readings
MOEHE HQ / Permanent HQ,K22223190003505907,2026-05-06,3287111,m3,water,Consolidated daily report +Utility Consumption & Power saving calculations -May 2026.xlsm,Consolidated Utility Readings.,20,Imported from 2026-05 consolidated utility readings
MOEHE HQ / Permanent HQ,K22223190003505907,2026-05-07,3572685,m3,water,Consolidated daily report +Utility Consumption & Power saving calculations -May 2026.xlsm,Consolidated Utility Readings.,20,Imported from 2026-05 consolidated utility readings
MOEHE HQ / Permanent HQ,K22223190003505907,2026-05-08,3572685,m3,water,Consolidated daily report +Utility Consumption & Power saving calculations -May 2026.xlsm,Consolidated Utility Readings.,20,Imported from 2026-05 consolidated utility readings
MOEHE HQ / Permanent HQ,K22223190003505907,2026-05-09,3572685,m3,water,Consolidated daily report +Utility Consumption & Power saving calculations -May 2026.xlsm,Consolidated Utility Readings.,20,Imported from 2026-05 consolidated utility readings
MOEHE HQ / Permanent HQ,K22223190003505907,2026-05-10,3572685,m3,water,Consolidated daily report +Utility Consumption & Power saving calculations -May 2026.xlsm,Consolidated Utility Readings.,20,Imported from 2026-05 consolidated utility readings
MOEHE HQ / Permanent HQ,K22223190003505907,2026-05-11,3572685,m3,water,Consolidated daily report +Utility Consumption & Power saving calculations -May 2026.xlsm,Consolidated Utility Readings.,20,Imported from 2026-05 consolidated utility readings
MOEHE HQ / Permanent HQ,K22223190003505907,2026-05-12,3774829,m3,water,Consolidated daily report +Utility Consumption & Power saving calculations -May 2026.xlsm,Consolidated Utility Readings.,20,Imported from 2026-05 consolidated utility readings
MOEHE HQ / Permanent HQ,K22223190003505907,2026-05-13,3774829,m3,water,Consolidated daily report +Utility Consumption & Power saving calculations -May 2026.xlsm,Consolidated Utility Readings.,20,Imported from 2026-05 consolidated utility readings
MOEHE HQ / Permanent HQ,K22223190003505907,2026-05-14,3860572,m3,water,Consolidated daily report +Utility Consumption & Power saving calculations -May 2026.xlsm,Consolidated Utility Readings.,20,Imported from 2026-05 consolidated utility readings
MOEHE HQ / Permanent HQ,K22223190003505907,2026-05-15,4097321,m3,water,Consolidated daily report +Utility Consumption & Power saving calculations -May 2026.xlsm,Consolidated Utility Readings.,20,Imported from 2026-05 consolidated utility readings
MOEHE HQ / Permanent HQ,K22223190003505907,2026-05-16,4097321,m3,water,Consolidated daily report +Utility Consumption & Power saving calculations -May 2026.xlsm,Consolidated Utility Readings.,20,Imported from 2026-05 consolidated utility readings
MOEHE HQ / Permanent HQ,K22223190003505907,2026-05-17,4097321,m3,water,Consolidated daily report +Utility Consumption & Power saving calculations -May 2026.xlsm,Consolidated Utility Readings.,20,Imported from 2026-05 consolidated utility readings
MOEHE HQ / Permanent HQ,K22223190003505907,2026-05-18,4309036,m3,water,Consolidated daily report +Utility Consumption & Power saving calculations -May 2026.xlsm,Consolidated Utility Readings.,20,Imported from 2026-05 consolidated utility readings
MOEHE HQ / Permanent HQ,K22223190003505907,2026-05-19,4520736,m3,water,Consolidated daily report +Utility Consumption & Power saving calculations -May 2026.xlsm,Consolidated Utility Readings.,20,Imported from 2026-05 consolidated utility readings
MOEHE HQ / Permanent HQ,K22223190003505907,2026-05-20,4520751,m3,water,Consolidated daily report +Utility Consumption & Power saving calculations -May 2026.xlsm,Consolidated Utility Readings.,20,Imported from 2026-05 consolidated utility readings
MOEHE HQ / Permanent HQ,K22223190003505907,2026-05-21,4596409,m3,water,Consolidated daily report +Utility Consumption & Power saving calculations -May 2026.xlsm,Consolidated Utility Readings.,20,Imported from 2026-05 consolidated utility readings
MOEHE HQ / Permanent HQ,K22223190003505907,2026-05-22,4596409,m3,water,Consolidated daily report +Utility Consumption & Power saving calculations -May 2026.xlsm,Consolidated Utility Readings.,20,Imported from 2026-05 consolidated utility readings
MOEHE HQ / Permanent HQ,K22223190003505907,2026-05-23,4596409,m3,water,Consolidated daily report +Utility Consumption & Power saving calculations -May 2026.xlsm,Consolidated Utility Readings.,20,Imported from 2026-05 consolidated utility readings
MOEHE HQ / Permanent HQ,K22223190003505907,2026-05-24,4788821,m3,water,Consolidated daily report +Utility Consumption & Power saving calculations -May 2026.xlsm,Consolidated Utility Readings.,20,Imported from 2026-05 consolidated utility readings
MOEHE HQ / Permanent HQ,K22223190003505907,2026-05-25,4788821,m3,water,Consolidated daily report +Utility Consumption & Power saving calculations -May 2026.xlsm,Consolidated Utility Readings.,20,Imported from 2026-05 consolidated utility readings
MOEHE HQ / Permanent HQ,K22223190003505907,2026-05-26,4918261,m3,water,Consolidated daily report +Utility Consumption & Power saving calculations -May 2026.xlsm,Consolidated Utility Readings.,20,Imported from 2026-05 consolidated utility readings
MOEHE HQ / Permanent HQ,K22223190003505907,2026-05-27,4918261,m3,water,Consolidated daily report +Utility Consumption & Power saving calculations -May 2026.xlsm,Consolidated Utility Readings.,20,Imported from 2026-05 consolidated utility readings
MOEHE HQ / Permanent HQ,K22223190003505907,2026-05-28,4918261,m3,water,Consolidated daily report +Utility Consumption & Power saving calculations -May 2026.xlsm,Consolidated Utility Readings.,20,Imported from 2026-05 consolidated utility readings
MOEHE HQ / Permanent HQ,K22223190003505907,2026-05-29,4918261,m3,water,Consolidated daily report +Utility Consumption & Power saving calculations -May 2026.xlsm,Consolidated Utility Readings.,20,Imported from 2026-05 consolidated utility readings
MOEHE HQ / Permanent HQ,K22223190003505907,2026-05-30,4918261,m3,water,Consolidated daily report +Utility Consumption & Power saving calculations -May 2026.xlsm,Consolidated Utility Readings.,20,Imported from 2026-05 consolidated utility readings
MOEHE HQ / Permanent HQ,K22223190003505907,2026-05-31,5053148,m3,water,Consolidated daily report +Utility Consumption & Power saving calculations -May 2026.xlsm,Consolidated Utility Readings.,20,Imported from 2026-05 consolidated utility readings
MOEHE HQ / Permanent HQ,KF-18530916,2026-03-01,12879,m3,water,Consolidated daily report +Utility Consumption & Power saving calculations -Mar 2026.xlsm,Consolidated Utility Readings.,16,Imported from 2026-03 consolidated utility readings
MOEHE HQ / Permanent HQ,KF-18530916,2026-03-02,12879,m3,water,Consolidated daily report +Utility Consumption & Power saving calculations -Mar 2026.xlsm,Consolidated Utility Readings.,16,Imported from 2026-03 consolidated utility readings
MOEHE HQ / Permanent HQ,KF-18530916,2026-03-03,12879,m3,water,Consolidated daily report +Utility Consumption & Power saving calculations -Mar 2026.xlsm,Consolidated Utility Readings.,16,Imported from 2026-03 consolidated utility readings
MOEHE HQ / Permanent HQ,KF-18530916,2026-03-04,12879,m3,water,Consolidated daily report +Utility Consumption & Power saving calculations -Mar 2026.xlsm,Consolidated Utility Readings.,16,Imported from 2026-03 consolidated utility readings
MOEHE HQ / Permanent HQ,KF-18530916,2026-03-05,12879,m3,water,Consolidated daily report +Utility Consumption & Power saving calculations -Mar 2026.xlsm,Consolidated Utility Readings.,16,Imported from 2026-03 consolidated utility readings
MOEHE HQ / Permanent HQ,KF-18530916,2026-03-06,12879,m3,water,Consolidated daily report +Utility Consumption & Power saving calculations -Mar 2026.xlsm,Consolidated Utility Readings.,16,Imported from 2026-03 consolidated utility readings
MOEHE HQ / Permanent HQ,KF-18530916,2026-03-07,12879,m3,water,Consolidated daily report +Utility Consumption & Power saving calculations -Mar 2026.xlsm,Consolidated Utility Readings.,16,Imported from 2026-03 consolidated utility readings
MOEHE HQ / Permanent HQ,KF-18530916,2026-03-08,12879,m3,water,Consolidated daily report +Utility Consumption & Power saving calculations -Mar 2026.xlsm,Consolidated Utility Readings.,16,Imported from 2026-03 consolidated utility readings
MOEHE HQ / Permanent HQ,KF-18530916,2026-03-09,12879,m3,water,Consolidated daily report +Utility Consumption & Power saving calculations -Mar 2026.xlsm,Consolidated Utility Readings.,16,Imported from 2026-03 consolidated utility readings
MOEHE HQ / Permanent HQ,KF-18530916,2026-03-10,12879,m3,water,Consolidated daily report +Utility Consumption & Power saving calculations -Mar 2026.xlsm,Consolidated Utility Readings.,16,Imported from 2026-03 consolidated utility readings
MOEHE HQ / Permanent HQ,KF-18530916,2026-03-11,12879,m3,water,Consolidated daily report +Utility Consumption & Power saving calculations -Mar 2026.xlsm,Consolidated Utility Readings.,16,Imported from 2026-03 consolidated utility readings
MOEHE HQ / Permanent HQ,KF-18530916,2026-03-12,12879,m3,water,Consolidated daily report +Utility Consumption & Power saving calculations -Mar 2026.xlsm,Consolidated Utility Readings.,16,Imported from 2026-03 consolidated utility readings
MOEHE HQ / Permanent HQ,KF-18530916,2026-03-13,12879,m3,water,Consolidated daily report +Utility Consumption & Power saving calculations -Mar 2026.xlsm,Consolidated Utility Readings.,16,Imported from 2026-03 consolidated utility readings
MOEHE HQ / Permanent HQ,KF-18530916,2026-03-14,12879,m3,water,Consolidated daily report +Utility Consumption & Power saving calculations -Mar 2026.xlsm,Consolidated Utility Readings.,16,Imported from 2026-03 consolidated utility readings
MOEHE HQ / Permanent HQ,KF-18530916,2026-03-15,12879,m3,water,Consolidated daily report +Utility Consumption & Power saving calculations -Mar 2026.xlsm,Consolidated Utility Readings.,16,Imported from 2026-03 consolidated utility readings
MOEHE HQ / Permanent HQ,KF-18530916,2026-03-16,12879,m3,water,Consolidated daily report +Utility Consumption & Power saving calculations -Mar 2026.xlsm,Consolidated Utility Readings.,16,Imported from 2026-03 consolidated utility readings
MOEHE HQ / Permanent HQ,KF-18530916,2026-03-17,12879,m3,water,Consolidated daily report +Utility Consumption & Power saving calculations -Mar 2026.xlsm,Consolidated Utility Readings.,16,Imported from 2026-03 consolidated utility readings
MOEHE HQ / Permanent HQ,KF-18530916,2026-03-18,12879,m3,water,Consolidated daily report +Utility Consumption & Power saving calculations -Mar 2026.xlsm,Consolidated Utility Readings.,16,Imported from 2026-03 consolidated utility readings
MOEHE HQ / Permanent HQ,KF-18530916,2026-03-19,12879,m3,water,Consolidated daily report +Utility Consumption & Power saving calculations -Mar 2026.xlsm,Consolidated Utility Readings.,16,Imported from 2026-03 consolidated utility readings
MOEHE HQ / Permanent HQ,KF-18530916,2026-03-20,12879,m3,water,Consolidated daily report +Utility Consumption & Power saving calculations -Mar 2026.xlsm,Consolidated Utility Readings.,16,Imported from 2026-03 consolidated utility readings
MOEHE HQ / Permanent HQ,KF-18530916,2026-03-21,12879,m3,water,Consolidated daily report +Utility Consumption & Power saving calculations -Mar 2026.xlsm,Consolidated Utility Readings.,16,Imported from 2026-03 consolidated utility readings
MOEHE HQ / Permanent HQ,KF-18530916,2026-03-22,12879,m3,water,Consolidated daily report +Utility Consumption & Power saving calculations -Mar 2026.xlsm,Consolidated Utility Readings.,16,Imported from 2026-03 consolidated utility readings
MOEHE HQ / Permanent HQ,KF-18530916,2026-03-23,12879,m3,water,Consolidated daily report +Utility Consumption & Power saving calculations -Mar 2026.xlsm,Consolidated Utility Readings.,16,Imported from 2026-03 consolidated utility readings
MOEHE HQ / Permanent HQ,KF-18530916,2026-03-24,12879,m3,water,Consolidated daily report +Utility Consumption & Power saving calculations -Mar 2026.xlsm,Consolidated Utility Readings.,16,Imported from 2026-03 consolidated utility readings
MOEHE HQ / Permanent HQ,KF-18530916,2026-03-25,12879,m3,water,Consolidated daily report +Utility Consumption & Power saving calculations -Mar 2026.xlsm,Consolidated Utility Readings.,16,Imported from 2026-03 consolidated utility readings
MOEHE HQ / Permanent HQ,KF-18530916,2026-03-26,12879,m3,water,Consolidated daily report +Utility Consumption & Power saving calculations -Mar 2026.xlsm,Consolidated Utility Readings.,16,Imported from 2026-03 consolidated utility readings
MOEHE HQ / Permanent HQ,KF-18530916,2026-03-27,12879,m3,water,Consolidated daily report +Utility Consumption & Power saving calculations -Mar 2026.xlsm,Consolidated Utility Readings.,16,Imported from 2026-03 consolidated utility readings
MOEHE HQ / Permanent HQ,KF-18530916,2026-03-28,12879,m3,water,Consolidated daily report +Utility Consumption & Power saving calculations -Mar 2026.xlsm,Consolidated Utility Readings.,16,Imported from 2026-03 consolidated utility readings
MOEHE HQ / Permanent HQ,KF-18530916,2026-03-29,12879,m3,water,Consolidated daily report +Utility Consumption & Power saving calculations -Mar 2026.xlsm,Consolidated Utility Readings.,16,Imported from 2026-03 consolidated utility readings
MOEHE HQ / Permanent HQ,KF-18530916,2026-03-30,12879,m3,water,Consolidated daily report +Utility Consumption & Power saving calculations -Mar 2026.xlsm,Consolidated Utility Readings.,16,Imported from 2026-03 consolidated utility readings
MOEHE HQ / Permanent HQ,KF-18530916,2026-03-31,12879,m3,water,Consolidated daily report +Utility Consumption & Power saving calculations -Mar 2026.xlsm,Consolidated Utility Readings.,16,Imported from 2026-03 consolidated utility readings
MOEHE HQ / Permanent HQ,KF-18530916,2026-04-01,12879,m3,water,Consolidated daily report +Utility Consumption & Power saving calculations -Apr 2026.xlsm,Consolidated Utility Readings.,16,Imported from 2026-04 consolidated utility readings
MOEHE HQ / Permanent HQ,KF-18530916,2026-04-02,12879,m3,water,Consolidated daily report +Utility Consumption & Power saving calculations -Apr 2026.xlsm,Consolidated Utility Readings.,16,Imported from 2026-04 consolidated utility readings
MOEHE HQ / Permanent HQ,KF-18530916,2026-04-03,12879,m3,water,Consolidated daily report +Utility Consumption & Power saving calculations -Apr 2026.xlsm,Consolidated Utility Readings.,16,Imported from 2026-04 consolidated utility readings
MOEHE HQ / Permanent HQ,KF-18530916,2026-04-04,12879,m3,water,Consolidated daily report +Utility Consumption & Power saving calculations -Apr 2026.xlsm,Consolidated Utility Readings.,16,Imported from 2026-04 consolidated utility readings
MOEHE HQ / Permanent HQ,KF-18530916,2026-04-05,12879,m3,water,Consolidated daily report +Utility Consumption & Power saving calculations -Apr 2026.xlsm,Consolidated Utility Readings.,16,Imported from 2026-04 consolidated utility readings
MOEHE HQ / Permanent HQ,KF-18530916,2026-04-06,12879,m3,water,Consolidated daily report +Utility Consumption & Power saving calculations -Apr 2026.xlsm,Consolidated Utility Readings.,16,Imported from 2026-04 consolidated utility readings
MOEHE HQ / Permanent HQ,KF-18530916,2026-04-07,12879,m3,water,Consolidated daily report +Utility Consumption & Power saving calculations -Apr 2026.xlsm,Consolidated Utility Readings.,16,Imported from 2026-04 consolidated utility readings
MOEHE HQ / Permanent HQ,KF-18530916,2026-04-08,12879,m3,water,Consolidated daily report +Utility Consumption & Power saving calculations -Apr 2026.xlsm,Consolidated Utility Readings.,16,Imported from 2026-04 consolidated utility readings
MOEHE HQ / Permanent HQ,KF-18530916,2026-04-09,12879,m3,water,Consolidated daily report +Utility Consumption & Power saving calculations -Apr 2026.xlsm,Consolidated Utility Readings.,16,Imported from 2026-04 consolidated utility readings
MOEHE HQ / Permanent HQ,KF-18530916,2026-04-10,12879,m3,water,Consolidated daily report +Utility Consumption & Power saving calculations -Apr 2026.xlsm,Consolidated Utility Readings.,16,Imported from 2026-04 consolidated utility readings
MOEHE HQ / Permanent HQ,KF-18530916,2026-04-11,12879,m3,water,Consolidated daily report +Utility Consumption & Power saving calculations -Apr 2026.xlsm,Consolidated Utility Readings.,16,Imported from 2026-04 consolidated utility readings
MOEHE HQ / Permanent HQ,KF-18530916,2026-04-12,12879,m3,water,Consolidated daily report +Utility Consumption & Power saving calculations -Apr 2026.xlsm,Consolidated Utility Readings.,16,Imported from 2026-04 consolidated utility readings
MOEHE HQ / Permanent HQ,KF-18530916,2026-04-13,12879,m3,water,Consolidated daily report +Utility Consumption & Power saving calculations -Apr 2026.xlsm,Consolidated Utility Readings.,16,Imported from 2026-04 consolidated utility readings
MOEHE HQ / Permanent HQ,KF-18530916,2026-04-14,12879,m3,water,Consolidated daily report +Utility Consumption & Power saving calculations -Apr 2026.xlsm,Consolidated Utility Readings.,16,Imported from 2026-04 consolidated utility readings
MOEHE HQ / Permanent HQ,KF-18530916,2026-04-15,12879,m3,water,Consolidated daily report +Utility Consumption & Power saving calculations -Apr 2026.xlsm,Consolidated Utility Readings.,16,Imported from 2026-04 consolidated utility readings
MOEHE HQ / Permanent HQ,KF-18530916,2026-04-16,12879,m3,water,Consolidated daily report +Utility Consumption & Power saving calculations -Apr 2026.xlsm,Consolidated Utility Readings.,16,Imported from 2026-04 consolidated utility readings
MOEHE HQ / Permanent HQ,KF-18530916,2026-04-17,12879,m3,water,Consolidated daily report +Utility Consumption & Power saving calculations -Apr 2026.xlsm,Consolidated Utility Readings.,16,Imported from 2026-04 consolidated utility readings
MOEHE HQ / Permanent HQ,KF-18530916,2026-04-18,12879,m3,water,Consolidated daily report +Utility Consumption & Power saving calculations -Apr 2026.xlsm,Consolidated Utility Readings.,16,Imported from 2026-04 consolidated utility readings
MOEHE HQ / Permanent HQ,KF-18530916,2026-04-19,12879,m3,water,Consolidated daily report +Utility Consumption & Power saving calculations -Apr 2026.xlsm,Consolidated Utility Readings.,16,Imported from 2026-04 consolidated utility readings
MOEHE HQ / Permanent HQ,KF-18530916,2026-04-20,12879,m3,water,Consolidated daily report +Utility Consumption & Power saving calculations -Apr 2026.xlsm,Consolidated Utility Readings.,16,Imported from 2026-04 consolidated utility readings
MOEHE HQ / Permanent HQ,KF-18530916,2026-04-21,12879,m3,water,Consolidated daily report +Utility Consumption & Power saving calculations -Apr 2026.xlsm,Consolidated Utility Readings.,16,Imported from 2026-04 consolidated utility readings
MOEHE HQ / Permanent HQ,KF-18530916,2026-04-22,12879,m3,water,Consolidated daily report +Utility Consumption & Power saving calculations -Apr 2026.xlsm,Consolidated Utility Readings.,16,Imported from 2026-04 consolidated utility readings
MOEHE HQ / Permanent HQ,KF-18530916,2026-04-23,12879,m3,water,Consolidated daily report +Utility Consumption & Power saving calculations -Apr 2026.xlsm,Consolidated Utility Readings.,16,Imported from 2026-04 consolidated utility readings
MOEHE HQ / Permanent HQ,KF-18530916,2026-04-24,12879,m3,water,Consolidated daily report +Utility Consumption & Power saving calculations -Apr 2026.xlsm,Consolidated Utility Readings.,16,Imported from 2026-04 consolidated utility readings
MOEHE HQ / Permanent HQ,KF-18530916,2026-04-25,12879,m3,water,Consolidated daily report +Utility Consumption & Power saving calculations -Apr 2026.xlsm,Consolidated Utility Readings.,16,Imported from 2026-04 consolidated utility readings
MOEHE HQ / Permanent HQ,KF-18530916,2026-04-26,12879,m3,water,Consolidated daily report +Utility Consumption & Power saving calculations -Apr 2026.xlsm,Consolidated Utility Readings.,16,Imported from 2026-04 consolidated utility readings
MOEHE HQ / Permanent HQ,KF-18530916,2026-04-27,12879,m3,water,Consolidated daily report +Utility Consumption & Power saving calculations -Apr 2026.xlsm,Consolidated Utility Readings.,16,Imported from 2026-04 consolidated utility readings
MOEHE HQ / Permanent HQ,KF-18530916,2026-04-28,12879,m3,water,Consolidated daily report +Utility Consumption & Power saving calculations -Apr 2026.xlsm,Consolidated Utility Readings.,16,Imported from 2026-04 consolidated utility readings
MOEHE HQ / Permanent HQ,KF-18530916,2026-04-29,12879,m3,water,Consolidated daily report +Utility Consumption & Power saving calculations -Apr 2026.xlsm,Consolidated Utility Readings.,16,Imported from 2026-04 consolidated utility readings
MOEHE HQ / Permanent HQ,KF-18530916,2026-04-30,12879,m3,water,Consolidated daily report +Utility Consumption & Power saving calculations -Apr 2026.xlsm,Consolidated Utility Readings.,16,Imported from 2026-04 consolidated utility readings
MOEHE HQ / Permanent HQ,KF-18530916,2026-05-01,12879,m3,water,Consolidated daily report +Utility Consumption & Power saving calculations -May 2026.xlsm,Consolidated Utility Readings.,16,Imported from 2026-05 consolidated utility readings
MOEHE HQ / Permanent HQ,KF-18530916,2026-05-02,12879,m3,water,Consolidated daily report +Utility Consumption & Power saving calculations -May 2026.xlsm,Consolidated Utility Readings.,16,Imported from 2026-05 consolidated utility readings
MOEHE HQ / Permanent HQ,KF-18530916,2026-05-03,12879,m3,water,Consolidated daily report +Utility Consumption & Power saving calculations -May 2026.xlsm,Consolidated Utility Readings.,16,Imported from 2026-05 consolidated utility readings
MOEHE HQ / Permanent HQ,KF-18530916,2026-05-04,12879,m3,water,Consolidated daily report +Utility Consumption & Power saving calculations -May 2026.xlsm,Consolidated Utility Readings.,16,Imported from 2026-05 consolidated utility readings
MOEHE HQ / Permanent HQ,KF-18530916,2026-05-05,12879,m3,water,Consolidated daily report +Utility Consumption & Power saving calculations -May 2026.xlsm,Consolidated Utility Readings.,16,Imported from 2026-05 consolidated utility readings
MOEHE HQ / Permanent HQ,KF-18530916,2026-05-06,12879,m3,water,Consolidated daily report +Utility Consumption & Power saving calculations -May 2026.xlsm,Consolidated Utility Readings.,16,Imported from 2026-05 consolidated utility readings
MOEHE HQ / Permanent HQ,KF-18530916,2026-05-07,12879,m3,water,Consolidated daily report +Utility Consumption & Power saving calculations -May 2026.xlsm,Consolidated Utility Readings.,16,Imported from 2026-05 consolidated utility readings
MOEHE HQ / Permanent HQ,KF-18530916,2026-05-08,12879,m3,water,Consolidated daily report +Utility Consumption & Power saving calculations -May 2026.xlsm,Consolidated Utility Readings.,16,Imported from 2026-05 consolidated utility readings
MOEHE HQ / Permanent HQ,KF-18530916,2026-05-09,12879,m3,water,Consolidated daily report +Utility Consumption & Power saving calculations -May 2026.xlsm,Consolidated Utility Readings.,16,Imported from 2026-05 consolidated utility readings
MOEHE HQ / Permanent HQ,KF-18530916,2026-05-10,12879,m3,water,Consolidated daily report +Utility Consumption & Power saving calculations -May 2026.xlsm,Consolidated Utility Readings.,16,Imported from 2026-05 consolidated utility readings
MOEHE HQ / Permanent HQ,KF-18530916,2026-05-11,12879,m3,water,Consolidated daily report +Utility Consumption & Power saving calculations -May 2026.xlsm,Consolidated Utility Readings.,16,Imported from 2026-05 consolidated utility readings
MOEHE HQ / Permanent HQ,KF-18530916,2026-05-12,12879,m3,water,Consolidated daily report +Utility Consumption & Power saving calculations -May 2026.xlsm,Consolidated Utility Readings.,16,Imported from 2026-05 consolidated utility readings
MOEHE HQ / Permanent HQ,KF-18530916,2026-05-13,12879,m3,water,Consolidated daily report +Utility Consumption & Power saving calculations -May 2026.xlsm,Consolidated Utility Readings.,16,Imported from 2026-05 consolidated utility readings
MOEHE HQ / Permanent HQ,KF-18530916,2026-05-14,12879,m3,water,Consolidated daily report +Utility Consumption & Power saving calculations -May 2026.xlsm,Consolidated Utility Readings.,16,Imported from 2026-05 consolidated utility readings
MOEHE HQ / Permanent HQ,KF-18530916,2026-05-15,12879,m3,water,Consolidated daily report +Utility Consumption & Power saving calculations -May 2026.xlsm,Consolidated Utility Readings.,16,Imported from 2026-05 consolidated utility readings
MOEHE HQ / Permanent HQ,KF-18530916,2026-05-16,12879,m3,water,Consolidated daily report +Utility Consumption & Power saving calculations -May 2026.xlsm,Consolidated Utility Readings.,16,Imported from 2026-05 consolidated utility readings
MOEHE HQ / Permanent HQ,KF-18530916,2026-05-17,12879,m3,water,Consolidated daily report +Utility Consumption & Power saving calculations -May 2026.xlsm,Consolidated Utility Readings.,16,Imported from 2026-05 consolidated utility readings
MOEHE HQ / Permanent HQ,KF-18530916,2026-05-18,12879,m3,water,Consolidated daily report +Utility Consumption & Power saving calculations -May 2026.xlsm,Consolidated Utility Readings.,16,Imported from 2026-05 consolidated utility readings
MOEHE HQ / Permanent HQ,KF-18530916,2026-05-19,12879,m3,water,Consolidated daily report +Utility Consumption & Power saving calculations -May 2026.xlsm,Consolidated Utility Readings.,16,Imported from 2026-05 consolidated utility readings
MOEHE HQ / Permanent HQ,KF-18530916,2026-05-20,12879,m3,water,Consolidated daily report +Utility Consumption & Power saving calculations -May 2026.xlsm,Consolidated Utility Readings.,16,Imported from 2026-05 consolidated utility readings
MOEHE HQ / Permanent HQ,KF-18530916,2026-05-21,12879,m3,water,Consolidated daily report +Utility Consumption & Power saving calculations -May 2026.xlsm,Consolidated Utility Readings.,16,Imported from 2026-05 consolidated utility readings
MOEHE HQ / Permanent HQ,KF-18530916,2026-05-22,12879,m3,water,Consolidated daily report +Utility Consumption & Power saving calculations -May 2026.xlsm,Consolidated Utility Readings.,16,Imported from 2026-05 consolidated utility readings
MOEHE HQ / Permanent HQ,KF-18530916,2026-05-23,12879,m3,water,Consolidated daily report +Utility Consumption & Power saving calculations -May 2026.xlsm,Consolidated Utility Readings.,16,Imported from 2026-05 consolidated utility readings
MOEHE HQ / Permanent HQ,KF-18530916,2026-05-24,12879,m3,water,Consolidated daily report +Utility Consumption & Power saving calculations -May 2026.xlsm,Consolidated Utility Readings.,16,Imported from 2026-05 consolidated utility readings
MOEHE HQ / Permanent HQ,KF-18530916,2026-05-25,12879,m3,water,Consolidated daily report +Utility Consumption & Power saving calculations -May 2026.xlsm,Consolidated Utility Readings.,16,Imported from 2026-05 consolidated utility readings
MOEHE HQ / Permanent HQ,KF-18530916,2026-05-26,12879,m3,water,Consolidated daily report +Utility Consumption & Power saving calculations -May 2026.xlsm,Consolidated Utility Readings.,16,Imported from 2026-05 consolidated utility readings
MOEHE HQ / Permanent HQ,KF-18530916,2026-05-27,12879,m3,water,Consolidated daily report +Utility Consumption & Power saving calculations -May 2026.xlsm,Consolidated Utility Readings.,16,Imported from 2026-05 consolidated utility readings
MOEHE HQ / Permanent HQ,KF-18530916,2026-05-28,12879,m3,water,Consolidated daily report +Utility Consumption & Power saving calculations -May 2026.xlsm,Consolidated Utility Readings.,16,Imported from 2026-05 consolidated utility readings
MOEHE HQ / Permanent HQ,KF-18530916,2026-05-29,12879,m3,water,Consolidated daily report +Utility Consumption & Power saving calculations -May 2026.xlsm,Consolidated Utility Readings.,16,Imported from 2026-05 consolidated utility readings
MOEHE HQ / Permanent HQ,KF-18530916,2026-05-30,12879,m3,water,Consolidated daily report +Utility Consumption & Power saving calculations -May 2026.xlsm,Consolidated Utility Readings.,16,Imported from 2026-05 consolidated utility readings
MOEHE HQ / Permanent HQ,KF-18530916,2026-05-31,12879,m3,water,Consolidated daily report +Utility Consumption & Power saving calculations -May 2026.xlsm,Consolidated Utility Readings.,16,Imported from 2026-05 consolidated utility readings
MOEHE HQ / Permanent HQ,KF-18540109,2026-03-01,9421,m3,water,Consolidated daily report +Utility Consumption & Power saving calculations -Mar 2026.xlsm,Consolidated Utility Readings.,15,Imported from 2026-03 consolidated utility readings
MOEHE HQ / Permanent HQ,KF-18540109,2026-03-02,9428,m3,water,Consolidated daily report +Utility Consumption & Power saving calculations -Mar 2026.xlsm,Consolidated Utility Readings.,15,Imported from 2026-03 consolidated utility readings
MOEHE HQ / Permanent HQ,KF-18540109,2026-03-03,9428,m3,water,Consolidated daily report +Utility Consumption & Power saving calculations -Mar 2026.xlsm,Consolidated Utility Readings.,15,Imported from 2026-03 consolidated utility readings
MOEHE HQ / Permanent HQ,KF-18540109,2026-03-04,9443,m3,water,Consolidated daily report +Utility Consumption & Power saving calculations -Mar 2026.xlsm,Consolidated Utility Readings.,15,Imported from 2026-03 consolidated utility readings
MOEHE HQ / Permanent HQ,KF-18540109,2026-03-05,9450,m3,water,Consolidated daily report +Utility Consumption & Power saving calculations -Mar 2026.xlsm,Consolidated Utility Readings.,15,Imported from 2026-03 consolidated utility readings
MOEHE HQ / Permanent HQ,KF-18540109,2026-03-06,9459,m3,water,Consolidated daily report +Utility Consumption & Power saving calculations -Mar 2026.xlsm,Consolidated Utility Readings.,15,Imported from 2026-03 consolidated utility readings
MOEHE HQ / Permanent HQ,KF-18540109,2026-03-07,9465,m3,water,Consolidated daily report +Utility Consumption & Power saving calculations -Mar 2026.xlsm,Consolidated Utility Readings.,15,Imported from 2026-03 consolidated utility readings
MOEHE HQ / Permanent HQ,KF-18540109,2026-03-08,9471,m3,water,Consolidated daily report +Utility Consumption & Power saving calculations -Mar 2026.xlsm,Consolidated Utility Readings.,15,Imported from 2026-03 consolidated utility readings
MOEHE HQ / Permanent HQ,KF-18540109,2026-03-09,9478,m3,water,Consolidated daily report +Utility Consumption & Power saving calculations -Mar 2026.xlsm,Consolidated Utility Readings.,15,Imported from 2026-03 consolidated utility readings
MOEHE HQ / Permanent HQ,KF-18540109,2026-03-10,9478,m3,water,Consolidated daily report +Utility Consumption & Power saving calculations -Mar 2026.xlsm,Consolidated Utility Readings.,15,Imported from 2026-03 consolidated utility readings
MOEHE HQ / Permanent HQ,KF-18540109,2026-03-11,9491,m3,water,Consolidated daily report +Utility Consumption & Power saving calculations -Mar 2026.xlsm,Consolidated Utility Readings.,15,Imported from 2026-03 consolidated utility readings
MOEHE HQ / Permanent HQ,KF-18540109,2026-03-12,9498,m3,water,Consolidated daily report +Utility Consumption & Power saving calculations -Mar 2026.xlsm,Consolidated Utility Readings.,15,Imported from 2026-03 consolidated utility readings
MOEHE HQ / Permanent HQ,KF-18540109,2026-03-13,9498,m3,water,Consolidated daily report +Utility Consumption & Power saving calculations -Mar 2026.xlsm,Consolidated Utility Readings.,15,Imported from 2026-03 consolidated utility readings
MOEHE HQ / Permanent HQ,KF-18540109,2026-03-14,9512,m3,water,Consolidated daily report +Utility Consumption & Power saving calculations -Mar 2026.xlsm,Consolidated Utility Readings.,15,Imported from 2026-03 consolidated utility readings
MOEHE HQ / Permanent HQ,KF-18540109,2026-03-15,9519,m3,water,Consolidated daily report +Utility Consumption & Power saving calculations -Mar 2026.xlsm,Consolidated Utility Readings.,15,Imported from 2026-03 consolidated utility readings
MOEHE HQ / Permanent HQ,KF-18540109,2026-03-16,9525,m3,water,Consolidated daily report +Utility Consumption & Power saving calculations -Mar 2026.xlsm,Consolidated Utility Readings.,15,Imported from 2026-03 consolidated utility readings
MOEHE HQ / Permanent HQ,KF-18540109,2026-03-17,9531,m3,water,Consolidated daily report +Utility Consumption & Power saving calculations -Mar 2026.xlsm,Consolidated Utility Readings.,15,Imported from 2026-03 consolidated utility readings
MOEHE HQ / Permanent HQ,KF-18540109,2026-03-18,9538,m3,water,Consolidated daily report +Utility Consumption & Power saving calculations -Mar 2026.xlsm,Consolidated Utility Readings.,15,Imported from 2026-03 consolidated utility readings
MOEHE HQ / Permanent HQ,KF-18540109,2026-03-19,9544,m3,water,Consolidated daily report +Utility Consumption & Power saving calculations -Mar 2026.xlsm,Consolidated Utility Readings.,15,Imported from 2026-03 consolidated utility readings
MOEHE HQ / Permanent HQ,KF-18540109,2026-03-20,9549,m3,water,Consolidated daily report +Utility Consumption & Power saving calculations -Mar 2026.xlsm,Consolidated Utility Readings.,15,Imported from 2026-03 consolidated utility readings
MOEHE HQ / Permanent HQ,KF-18540109,2026-03-21,9553,m3,water,Consolidated daily report +Utility Consumption & Power saving calculations -Mar 2026.xlsm,Consolidated Utility Readings.,15,Imported from 2026-03 consolidated utility readings
MOEHE HQ / Permanent HQ,KF-18540109,2026-03-22,9556,m3,water,Consolidated daily report +Utility Consumption & Power saving calculations -Mar 2026.xlsm,Consolidated Utility Readings.,15,Imported from 2026-03 consolidated utility readings
MOEHE HQ / Permanent HQ,KF-18540109,2026-03-23,9566,m3,water,Consolidated daily report +Utility Consumption & Power saving calculations -Mar 2026.xlsm,Consolidated Utility Readings.,15,Imported from 2026-03 consolidated utility readings
MOEHE HQ / Permanent HQ,KF-18540109,2026-03-24,9576,m3,water,Consolidated daily report +Utility Consumption & Power saving calculations -Mar 2026.xlsm,Consolidated Utility Readings.,15,Imported from 2026-03 consolidated utility readings
MOEHE HQ / Permanent HQ,KF-18540109,2026-03-25,9579,m3,water,Consolidated daily report +Utility Consumption & Power saving calculations -Mar 2026.xlsm,Consolidated Utility Readings.,15,Imported from 2026-03 consolidated utility readings
MOEHE HQ / Permanent HQ,KF-18540109,2026-03-26,9588,m3,water,Consolidated daily report +Utility Consumption & Power saving calculations -Mar 2026.xlsm,Consolidated Utility Readings.,15,Imported from 2026-03 consolidated utility readings
MOEHE HQ / Permanent HQ,KF-18540109,2026-03-27,9596,m3,water,Consolidated daily report +Utility Consumption & Power saving calculations -Mar 2026.xlsm,Consolidated Utility Readings.,15,Imported from 2026-03 consolidated utility readings
MOEHE HQ / Permanent HQ,KF-18540109,2026-03-28,9601,m3,water,Consolidated daily report +Utility Consumption & Power saving calculations -Mar 2026.xlsm,Consolidated Utility Readings.,15,Imported from 2026-03 consolidated utility readings
MOEHE HQ / Permanent HQ,KF-18540109,2026-03-29,9607,m3,water,Consolidated daily report +Utility Consumption & Power saving calculations -Mar 2026.xlsm,Consolidated Utility Readings.,15,Imported from 2026-03 consolidated utility readings
MOEHE HQ / Permanent HQ,KF-18540109,2026-03-30,9658,m3,water,Consolidated daily report +Utility Consumption & Power saving calculations -Mar 2026.xlsm,Consolidated Utility Readings.,15,Imported from 2026-03 consolidated utility readings
MOEHE HQ / Permanent HQ,KF-18540109,2026-03-31,9663,m3,water,Consolidated daily report +Utility Consumption & Power saving calculations -Mar 2026.xlsm,Consolidated Utility Readings.,15,Imported from 2026-03 consolidated utility readings
MOEHE HQ / Permanent HQ,KF-18540109,2026-04-01,9703,m3,water,Consolidated daily report +Utility Consumption & Power saving calculations -Apr 2026.xlsm,Consolidated Utility Readings.,15,Imported from 2026-04 consolidated utility readings
MOEHE HQ / Permanent HQ,KF-18540109,2026-04-02,9835,m3,water,Consolidated daily report +Utility Consumption & Power saving calculations -Apr 2026.xlsm,Consolidated Utility Readings.,15,Imported from 2026-04 consolidated utility readings
MOEHE HQ / Permanent HQ,KF-18540109,2026-04-03,9844,m3,water,Consolidated daily report +Utility Consumption & Power saving calculations -Apr 2026.xlsm,Consolidated Utility Readings.,15,Imported from 2026-04 consolidated utility readings
MOEHE HQ / Permanent HQ,KF-18540109,2026-04-04,9855,m3,water,Consolidated daily report +Utility Consumption & Power saving calculations -Apr 2026.xlsm,Consolidated Utility Readings.,15,Imported from 2026-04 consolidated utility readings
MOEHE HQ / Permanent HQ,KF-18540109,2026-04-05,9864,m3,water,Consolidated daily report +Utility Consumption & Power saving calculations -Apr 2026.xlsm,Consolidated Utility Readings.,15,Imported from 2026-04 consolidated utility readings
MOEHE HQ / Permanent HQ,KF-18540109,2026-04-06,9871,m3,water,Consolidated daily report +Utility Consumption & Power saving calculations -Apr 2026.xlsm,Consolidated Utility Readings.,15,Imported from 2026-04 consolidated utility readings
MOEHE HQ / Permanent HQ,KF-18540109,2026-04-07,9876,m3,water,Consolidated daily report +Utility Consumption & Power saving calculations -Apr 2026.xlsm,Consolidated Utility Readings.,15,Imported from 2026-04 consolidated utility readings
MOEHE HQ / Permanent HQ,KF-18540109,2026-04-08,9882,m3,water,Consolidated daily report +Utility Consumption & Power saving calculations -Apr 2026.xlsm,Consolidated Utility Readings.,15,Imported from 2026-04 consolidated utility readings
MOEHE HQ / Permanent HQ,KF-18540109,2026-04-09,9887,m3,water,Consolidated daily report +Utility Consumption & Power saving calculations -Apr 2026.xlsm,Consolidated Utility Readings.,15,Imported from 2026-04 consolidated utility readings
MOEHE HQ / Permanent HQ,KF-18540109,2026-04-10,9895,m3,water,Consolidated daily report +Utility Consumption & Power saving calculations -Apr 2026.xlsm,Consolidated Utility Readings.,15,Imported from 2026-04 consolidated utility readings
MOEHE HQ / Permanent HQ,KF-18540109,2026-04-11,9900,m3,water,Consolidated daily report +Utility Consumption & Power saving calculations -Apr 2026.xlsm,Consolidated Utility Readings.,15,Imported from 2026-04 consolidated utility readings
MOEHE HQ / Permanent HQ,KF-18540109,2026-04-12,9906,m3,water,Consolidated daily report +Utility Consumption & Power saving calculations -Apr 2026.xlsm,Consolidated Utility Readings.,15,Imported from 2026-04 consolidated utility readings
MOEHE HQ / Permanent HQ,KF-18540109,2026-04-13,9913,m3,water,Consolidated daily report +Utility Consumption & Power saving calculations -Apr 2026.xlsm,Consolidated Utility Readings.,15,Imported from 2026-04 consolidated utility readings
MOEHE HQ / Permanent HQ,KF-18540109,2026-04-14,9918,m3,water,Consolidated daily report +Utility Consumption & Power saving calculations -Apr 2026.xlsm,Consolidated Utility Readings.,15,Imported from 2026-04 consolidated utility readings
MOEHE HQ / Permanent HQ,KF-18540109,2026-04-15,9924,m3,water,Consolidated daily report +Utility Consumption & Power saving calculations -Apr 2026.xlsm,Consolidated Utility Readings.,15,Imported from 2026-04 consolidated utility readings
MOEHE HQ / Permanent HQ,KF-18540109,2026-04-16,9929,m3,water,Consolidated daily report +Utility Consumption & Power saving calculations -Apr 2026.xlsm,Consolidated Utility Readings.,15,Imported from 2026-04 consolidated utility readings
MOEHE HQ / Permanent HQ,KF-18540109,2026-04-17,9935,m3,water,Consolidated daily report +Utility Consumption & Power saving calculations -Apr 2026.xlsm,Consolidated Utility Readings.,15,Imported from 2026-04 consolidated utility readings
MOEHE HQ / Permanent HQ,KF-18540109,2026-04-18,9940,m3,water,Consolidated daily report +Utility Consumption & Power saving calculations -Apr 2026.xlsm,Consolidated Utility Readings.,15,Imported from 2026-04 consolidated utility readings
MOEHE HQ / Permanent HQ,KF-18540109,2026-04-19,9945,m3,water,Consolidated daily report +Utility Consumption & Power saving calculations -Apr 2026.xlsm,Consolidated Utility Readings.,15,Imported from 2026-04 consolidated utility readings
MOEHE HQ / Permanent HQ,KF-18540109,2026-04-20,9950,m3,water,Consolidated daily report +Utility Consumption & Power saving calculations -Apr 2026.xlsm,Consolidated Utility Readings.,15,Imported from 2026-04 consolidated utility readings
MOEHE HQ / Permanent HQ,KF-18540109,2026-04-21,9955,m3,water,Consolidated daily report +Utility Consumption & Power saving calculations -Apr 2026.xlsm,Consolidated Utility Readings.,15,Imported from 2026-04 consolidated utility readings
MOEHE HQ / Permanent HQ,KF-18540109,2026-04-22,9960,m3,water,Consolidated daily report +Utility Consumption & Power saving calculations -Apr 2026.xlsm,Consolidated Utility Readings.,15,Imported from 2026-04 consolidated utility readings
MOEHE HQ / Permanent HQ,KF-18540109,2026-04-23,9964,m3,water,Consolidated daily report +Utility Consumption & Power saving calculations -Apr 2026.xlsm,Consolidated Utility Readings.,15,Imported from 2026-04 consolidated utility readings
MOEHE HQ / Permanent HQ,KF-18540109,2026-04-24,9970,m3,water,Consolidated daily report +Utility Consumption & Power saving calculations -Apr 2026.xlsm,Consolidated Utility Readings.,15,Imported from 2026-04 consolidated utility readings
MOEHE HQ / Permanent HQ,KF-18540109,2026-04-25,9974,m3,water,Consolidated daily report +Utility Consumption & Power saving calculations -Apr 2026.xlsm,Consolidated Utility Readings.,15,Imported from 2026-04 consolidated utility readings
MOEHE HQ / Permanent HQ,KF-18540109,2026-04-26,9979,m3,water,Consolidated daily report +Utility Consumption & Power saving calculations -Apr 2026.xlsm,Consolidated Utility Readings.,15,Imported from 2026-04 consolidated utility readings
MOEHE HQ / Permanent HQ,KF-18540109,2026-04-27,9984,m3,water,Consolidated daily report +Utility Consumption & Power saving calculations -Apr 2026.xlsm,Consolidated Utility Readings.,15,Imported from 2026-04 consolidated utility readings
MOEHE HQ / Permanent HQ,KF-18540109,2026-04-28,9988,m3,water,Consolidated daily report +Utility Consumption & Power saving calculations -Apr 2026.xlsm,Consolidated Utility Readings.,15,Imported from 2026-04 consolidated utility readings
MOEHE HQ / Permanent HQ,KF-18540109,2026-04-29,9993,m3,water,Consolidated daily report +Utility Consumption & Power saving calculations -Apr 2026.xlsm,Consolidated Utility Readings.,15,Imported from 2026-04 consolidated utility readings
MOEHE HQ / Permanent HQ,KF-18540109,2026-04-30,10094,m3,water,Consolidated daily report +Utility Consumption & Power saving calculations -Apr 2026.xlsm,Consolidated Utility Readings.,15,Imported from 2026-04 consolidated utility readings
MOEHE HQ / Permanent HQ,KF-18540109,2026-05-01,10100,m3,water,Consolidated daily report +Utility Consumption & Power saving calculations -May 2026.xlsm,Consolidated Utility Readings.,15,Imported from 2026-05 consolidated utility readings
MOEHE HQ / Permanent HQ,KF-18540109,2026-05-02,10103,m3,water,Consolidated daily report +Utility Consumption & Power saving calculations -May 2026.xlsm,Consolidated Utility Readings.,15,Imported from 2026-05 consolidated utility readings
MOEHE HQ / Permanent HQ,KF-18540109,2026-05-03,10107,m3,water,Consolidated daily report +Utility Consumption & Power saving calculations -May 2026.xlsm,Consolidated Utility Readings.,15,Imported from 2026-05 consolidated utility readings
MOEHE HQ / Permanent HQ,KF-18540109,2026-05-04,10111,m3,water,Consolidated daily report +Utility Consumption & Power saving calculations -May 2026.xlsm,Consolidated Utility Readings.,15,Imported from 2026-05 consolidated utility readings
MOEHE HQ / Permanent HQ,KF-18540109,2026-05-05,10112,m3,water,Consolidated daily report +Utility Consumption & Power saving calculations -May 2026.xlsm,Consolidated Utility Readings.,15,Imported from 2026-05 consolidated utility readings
MOEHE HQ / Permanent HQ,KF-18540109,2026-05-06,10114,m3,water,Consolidated daily report +Utility Consumption & Power saving calculations -May 2026.xlsm,Consolidated Utility Readings.,15,Imported from 2026-05 consolidated utility readings
MOEHE HQ / Permanent HQ,KF-18540109,2026-05-07,10121,m3,water,Consolidated daily report +Utility Consumption & Power saving calculations -May 2026.xlsm,Consolidated Utility Readings.,15,Imported from 2026-05 consolidated utility readings
MOEHE HQ / Permanent HQ,KF-18540109,2026-05-08,10122,m3,water,Consolidated daily report +Utility Consumption & Power saving calculations -May 2026.xlsm,Consolidated Utility Readings.,15,Imported from 2026-05 consolidated utility readings
MOEHE HQ / Permanent HQ,KF-18540109,2026-05-09,10122,m3,water,Consolidated daily report +Utility Consumption & Power saving calculations -May 2026.xlsm,Consolidated Utility Readings.,15,Imported from 2026-05 consolidated utility readings
MOEHE HQ / Permanent HQ,KF-18540109,2026-05-10,10122,m3,water,Consolidated daily report +Utility Consumption & Power saving calculations -May 2026.xlsm,Consolidated Utility Readings.,15,Imported from 2026-05 consolidated utility readings
MOEHE HQ / Permanent HQ,KF-18540109,2026-05-11,10127,m3,water,Consolidated daily report +Utility Consumption & Power saving calculations -May 2026.xlsm,Consolidated Utility Readings.,15,Imported from 2026-05 consolidated utility readings
MOEHE HQ / Permanent HQ,KF-18540109,2026-05-12,10132,m3,water,Consolidated daily report +Utility Consumption & Power saving calculations -May 2026.xlsm,Consolidated Utility Readings.,15,Imported from 2026-05 consolidated utility readings
MOEHE HQ / Permanent HQ,KF-18540109,2026-05-13,10134,m3,water,Consolidated daily report +Utility Consumption & Power saving calculations -May 2026.xlsm,Consolidated Utility Readings.,15,Imported from 2026-05 consolidated utility readings
MOEHE HQ / Permanent HQ,KF-18540109,2026-05-14,10137,m3,water,Consolidated daily report +Utility Consumption & Power saving calculations -May 2026.xlsm,Consolidated Utility Readings.,15,Imported from 2026-05 consolidated utility readings
MOEHE HQ / Permanent HQ,KF-18540109,2026-05-15,10149,m3,water,Consolidated daily report +Utility Consumption & Power saving calculations -May 2026.xlsm,Consolidated Utility Readings.,15,Imported from 2026-05 consolidated utility readings
MOEHE HQ / Permanent HQ,KF-18540109,2026-05-16,10149,m3,water,Consolidated daily report +Utility Consumption & Power saving calculations -May 2026.xlsm,Consolidated Utility Readings.,15,Imported from 2026-05 consolidated utility readings
MOEHE HQ / Permanent HQ,KF-18540109,2026-05-17,10149,m3,water,Consolidated daily report +Utility Consumption & Power saving calculations -May 2026.xlsm,Consolidated Utility Readings.,15,Imported from 2026-05 consolidated utility readings
MOEHE HQ / Permanent HQ,KF-18540109,2026-05-18,10166,m3,water,Consolidated daily report +Utility Consumption & Power saving calculations -May 2026.xlsm,Consolidated Utility Readings.,15,Imported from 2026-05 consolidated utility readings
MOEHE HQ / Permanent HQ,KF-18540109,2026-05-19,10168,m3,water,Consolidated daily report +Utility Consumption & Power saving calculations -May 2026.xlsm,Consolidated Utility Readings.,15,Imported from 2026-05 consolidated utility readings
MOEHE HQ / Permanent HQ,KF-18540109,2026-05-20,10168,m3,water,Consolidated daily report +Utility Consumption & Power saving calculations -May 2026.xlsm,Consolidated Utility Readings.,15,Imported from 2026-05 consolidated utility readings
MOEHE HQ / Permanent HQ,KF-18540109,2026-05-21,10178,m3,water,Consolidated daily report +Utility Consumption & Power saving calculations -May 2026.xlsm,Consolidated Utility Readings.,15,Imported from 2026-05 consolidated utility readings
MOEHE HQ / Permanent HQ,KF-18540109,2026-05-22,10183,m3,water,Consolidated daily report +Utility Consumption & Power saving calculations -May 2026.xlsm,Consolidated Utility Readings.,15,Imported from 2026-05 consolidated utility readings
MOEHE HQ / Permanent HQ,KF-18540109,2026-05-23,10191,m3,water,Consolidated daily report +Utility Consumption & Power saving calculations -May 2026.xlsm,Consolidated Utility Readings.,15,Imported from 2026-05 consolidated utility readings
MOEHE HQ / Permanent HQ,KF-18540109,2026-05-24,10191,m3,water,Consolidated daily report +Utility Consumption & Power saving calculations -May 2026.xlsm,Consolidated Utility Readings.,15,Imported from 2026-05 consolidated utility readings
MOEHE HQ / Permanent HQ,KF-18540109,2026-05-25,10194,m3,water,Consolidated daily report +Utility Consumption & Power saving calculations -May 2026.xlsm,Consolidated Utility Readings.,15,Imported from 2026-05 consolidated utility readings
MOEHE HQ / Permanent HQ,KF-18540109,2026-05-26,10203,m3,water,Consolidated daily report +Utility Consumption & Power saving calculations -May 2026.xlsm,Consolidated Utility Readings.,15,Imported from 2026-05 consolidated utility readings
MOEHE HQ / Permanent HQ,KF-18540109,2026-05-27,10211,m3,water,Consolidated daily report +Utility Consumption & Power saving calculations -May 2026.xlsm,Consolidated Utility Readings.,15,Imported from 2026-05 consolidated utility readings
MOEHE HQ / Permanent HQ,KF-18540109,2026-05-28,10211,m3,water,Consolidated daily report +Utility Consumption & Power saving calculations -May 2026.xlsm,Consolidated Utility Readings.,15,Imported from 2026-05 consolidated utility readings
MOEHE HQ / Permanent HQ,KF-18540109,2026-05-29,10222,m3,water,Consolidated daily report +Utility Consumption & Power saving calculations -May 2026.xlsm,Consolidated Utility Readings.,15,Imported from 2026-05 consolidated utility readings
MOEHE HQ / Permanent HQ,KF-18540109,2026-05-30,10222,m3,water,Consolidated daily report +Utility Consumption & Power saving calculations -May 2026.xlsm,Consolidated Utility Readings.,15,Imported from 2026-05 consolidated utility readings
MOEHE HQ / Permanent HQ,KF-18540109,2026-05-31,10229,m3,water,Consolidated daily report +Utility Consumption & Power saving calculations -May 2026.xlsm,Consolidated Utility Readings.,15,Imported from 2026-05 consolidated utility readings
MOEHE HQ / Permanent HQ,KF-18540133,2026-03-01,296301,m3,water,Consolidated daily report +Utility Consumption & Power saving calculations -Mar 2026.xlsm,Consolidated Utility Readings.,21,Imported from 2026-03 consolidated utility readings
MOEHE HQ / Permanent HQ,KF-18540133,2026-03-02,296414,m3,water,Consolidated daily report +Utility Consumption & Power saving calculations -Mar 2026.xlsm,Consolidated Utility Readings.,21,Imported from 2026-03 consolidated utility readings
MOEHE HQ / Permanent HQ,KF-18540133,2026-03-03,296414,m3,water,Consolidated daily report +Utility Consumption & Power saving calculations -Mar 2026.xlsm,Consolidated Utility Readings.,21,Imported from 2026-03 consolidated utility readings
MOEHE HQ / Permanent HQ,KF-18540133,2026-03-04,296558,m3,water,Consolidated daily report +Utility Consumption & Power saving calculations -Mar 2026.xlsm,Consolidated Utility Readings.,21,Imported from 2026-03 consolidated utility readings
MOEHE HQ / Permanent HQ,KF-18540133,2026-03-05,296616,m3,water,Consolidated daily report +Utility Consumption & Power saving calculations -Mar 2026.xlsm,Consolidated Utility Readings.,21,Imported from 2026-03 consolidated utility readings
MOEHE HQ / Permanent HQ,KF-18540133,2026-03-06,296671,m3,water,Consolidated daily report +Utility Consumption & Power saving calculations -Mar 2026.xlsm,Consolidated Utility Readings.,21,Imported from 2026-03 consolidated utility readings
MOEHE HQ / Permanent HQ,KF-18540133,2026-03-07,296671,m3,water,Consolidated daily report +Utility Consumption & Power saving calculations -Mar 2026.xlsm,Consolidated Utility Readings.,21,Imported from 2026-03 consolidated utility readings
MOEHE HQ / Permanent HQ,KF-18540133,2026-03-08,296798,m3,water,Consolidated daily report +Utility Consumption & Power saving calculations -Mar 2026.xlsm,Consolidated Utility Readings.,21,Imported from 2026-03 consolidated utility readings
MOEHE HQ / Permanent HQ,KF-18540133,2026-03-09,296853,m3,water,Consolidated daily report +Utility Consumption & Power saving calculations -Mar 2026.xlsm,Consolidated Utility Readings.,21,Imported from 2026-03 consolidated utility readings
MOEHE HQ / Permanent HQ,KF-18540133,2026-03-10,296853,m3,water,Consolidated daily report +Utility Consumption & Power saving calculations -Mar 2026.xlsm,Consolidated Utility Readings.,21,Imported from 2026-03 consolidated utility readings
MOEHE HQ / Permanent HQ,KF-18540133,2026-03-11,297060,m3,water,Consolidated daily report +Utility Consumption & Power saving calculations -Mar 2026.xlsm,Consolidated Utility Readings.,21,Imported from 2026-03 consolidated utility readings
MOEHE HQ / Permanent HQ,KF-18540133,2026-03-12,297102,m3,water,Consolidated daily report +Utility Consumption & Power saving calculations -Mar 2026.xlsm,Consolidated Utility Readings.,21,Imported from 2026-03 consolidated utility readings
MOEHE HQ / Permanent HQ,KF-18540133,2026-03-13,297274,m3,water,Consolidated daily report +Utility Consumption & Power saving calculations -Mar 2026.xlsm,Consolidated Utility Readings.,21,Imported from 2026-03 consolidated utility readings
MOEHE HQ / Permanent HQ,KF-18540133,2026-03-14,297274,m3,water,Consolidated daily report +Utility Consumption & Power saving calculations -Mar 2026.xlsm,Consolidated Utility Readings.,21,Imported from 2026-03 consolidated utility readings
MOEHE HQ / Permanent HQ,KF-18540133,2026-03-15,297387,m3,water,Consolidated daily report +Utility Consumption & Power saving calculations -Mar 2026.xlsm,Consolidated Utility Readings.,21,Imported from 2026-03 consolidated utility readings
MOEHE HQ / Permanent HQ,KF-18540133,2026-03-16,297493,m3,water,Consolidated daily report +Utility Consumption & Power saving calculations -Mar 2026.xlsm,Consolidated Utility Readings.,21,Imported from 2026-03 consolidated utility readings
MOEHE HQ / Permanent HQ,KF-18540133,2026-03-17,297582,m3,water,Consolidated daily report +Utility Consumption & Power saving calculations -Mar 2026.xlsm,Consolidated Utility Readings.,21,Imported from 2026-03 consolidated utility readings
MOEHE HQ / Permanent HQ,KF-18540133,2026-03-18,297718,m3,water,Consolidated daily report +Utility Consumption & Power saving calculations -Mar 2026.xlsm,Consolidated Utility Readings.,21,Imported from 2026-03 consolidated utility readings
MOEHE HQ / Permanent HQ,KF-18540133,2026-03-19,297816,m3,water,Consolidated daily report +Utility Consumption & Power saving calculations -Mar 2026.xlsm,Consolidated Utility Readings.,21,Imported from 2026-03 consolidated utility readings
MOEHE HQ / Permanent HQ,KF-18540133,2026-03-20,297816,m3,water,Consolidated daily report +Utility Consumption & Power saving calculations -Mar 2026.xlsm,Consolidated Utility Readings.,21,Imported from 2026-03 consolidated utility readings
MOEHE HQ / Permanent HQ,KF-18540133,2026-03-21,297816,m3,water,Consolidated daily report +Utility Consumption & Power saving calculations -Mar 2026.xlsm,Consolidated Utility Readings.,21,Imported from 2026-03 consolidated utility readings
MOEHE HQ / Permanent HQ,KF-18540133,2026-03-22,297816,m3,water,Consolidated daily report +Utility Consumption & Power saving calculations -Mar 2026.xlsm,Consolidated Utility Readings.,21,Imported from 2026-03 consolidated utility readings
MOEHE HQ / Permanent HQ,KF-18540133,2026-03-23,297816,m3,water,Consolidated daily report +Utility Consumption & Power saving calculations -Mar 2026.xlsm,Consolidated Utility Readings.,21,Imported from 2026-03 consolidated utility readings
MOEHE HQ / Permanent HQ,KF-18540133,2026-03-24,298017,m3,water,Consolidated daily report +Utility Consumption & Power saving calculations -Mar 2026.xlsm,Consolidated Utility Readings.,21,Imported from 2026-03 consolidated utility readings
MOEHE HQ / Permanent HQ,KF-18540133,2026-03-25,298332,m3,water,Consolidated daily report +Utility Consumption & Power saving calculations -Mar 2026.xlsm,Consolidated Utility Readings.,21,Imported from 2026-03 consolidated utility readings
MOEHE HQ / Permanent HQ,KF-18540133,2026-03-26,298479,m3,water,Consolidated daily report +Utility Consumption & Power saving calculations -Mar 2026.xlsm,Consolidated Utility Readings.,21,Imported from 2026-03 consolidated utility readings
MOEHE HQ / Permanent HQ,KF-18540133,2026-03-27,298482,m3,water,Consolidated daily report +Utility Consumption & Power saving calculations -Mar 2026.xlsm,Consolidated Utility Readings.,21,Imported from 2026-03 consolidated utility readings
MOEHE HQ / Permanent HQ,KF-18540133,2026-03-28,298670,m3,water,Consolidated daily report +Utility Consumption & Power saving calculations -Mar 2026.xlsm,Consolidated Utility Readings.,21,Imported from 2026-03 consolidated utility readings
MOEHE HQ / Permanent HQ,KF-18540133,2026-03-29,298709,m3,water,Consolidated daily report +Utility Consumption & Power saving calculations -Mar 2026.xlsm,Consolidated Utility Readings.,21,Imported from 2026-03 consolidated utility readings
MOEHE HQ / Permanent HQ,KF-18540133,2026-03-30,298981,m3,water,Consolidated daily report +Utility Consumption & Power saving calculations -Mar 2026.xlsm,Consolidated Utility Readings.,21,Imported from 2026-03 consolidated utility readings
MOEHE HQ / Permanent HQ,KF-18540133,2026-03-31,299224,m3,water,Consolidated daily report +Utility Consumption & Power saving calculations -Mar 2026.xlsm,Consolidated Utility Readings.,21,Imported from 2026-03 consolidated utility readings
MOEHE HQ / Permanent HQ,KF-18540133,2026-04-01,299322,m3,water,Consolidated daily report +Utility Consumption & Power saving calculations -Apr 2026.xlsm,Consolidated Utility Readings.,21,Imported from 2026-04 consolidated utility readings
MOEHE HQ / Permanent HQ,KF-18540133,2026-04-02,299432,m3,water,Consolidated daily report +Utility Consumption & Power saving calculations -Apr 2026.xlsm,Consolidated Utility Readings.,21,Imported from 2026-04 consolidated utility readings
MOEHE HQ / Permanent HQ,KF-18540133,2026-04-03,299590,m3,water,Consolidated daily report +Utility Consumption & Power saving calculations -Apr 2026.xlsm,Consolidated Utility Readings.,21,Imported from 2026-04 consolidated utility readings
MOEHE HQ / Permanent HQ,KF-18540133,2026-04-04,299590,m3,water,Consolidated daily report +Utility Consumption & Power saving calculations -Apr 2026.xlsm,Consolidated Utility Readings.,21,Imported from 2026-04 consolidated utility readings
MOEHE HQ / Permanent HQ,KF-18540133,2026-04-05,299678,m3,water,Consolidated daily report +Utility Consumption & Power saving calculations -Apr 2026.xlsm,Consolidated Utility Readings.,21,Imported from 2026-04 consolidated utility readings
MOEHE HQ / Permanent HQ,KF-18540133,2026-04-06,299792,m3,water,Consolidated daily report +Utility Consumption & Power saving calculations -Apr 2026.xlsm,Consolidated Utility Readings.,21,Imported from 2026-04 consolidated utility readings
MOEHE HQ / Permanent HQ,KF-18540133,2026-04-07,299899,m3,water,Consolidated daily report +Utility Consumption & Power saving calculations -Apr 2026.xlsm,Consolidated Utility Readings.,21,Imported from 2026-04 consolidated utility readings
MOEHE HQ / Permanent HQ,KF-18540133,2026-04-08,299975,m3,water,Consolidated daily report +Utility Consumption & Power saving calculations -Apr 2026.xlsm,Consolidated Utility Readings.,21,Imported from 2026-04 consolidated utility readings
MOEHE HQ / Permanent HQ,KF-18540133,2026-04-09,300094,m3,water,Consolidated daily report +Utility Consumption & Power saving calculations -Apr 2026.xlsm,Consolidated Utility Readings.,21,Imported from 2026-04 consolidated utility readings
MOEHE HQ / Permanent HQ,KF-18540133,2026-04-10,300226,m3,water,Consolidated daily report +Utility Consumption & Power saving calculations -Apr 2026.xlsm,Consolidated Utility Readings.,21,Imported from 2026-04 consolidated utility readings
MOEHE HQ / Permanent HQ,KF-18540133,2026-04-11,300226,m3,water,Consolidated daily report +Utility Consumption & Power saving calculations -Apr 2026.xlsm,Consolidated Utility Readings.,21,Imported from 2026-04 consolidated utility readings
MOEHE HQ / Permanent HQ,KF-18540133,2026-04-12,300406,m3,water,Consolidated daily report +Utility Consumption & Power saving calculations -Apr 2026.xlsm,Consolidated Utility Readings.,21,Imported from 2026-04 consolidated utility readings
MOEHE HQ / Permanent HQ,KF-18540133,2026-04-13,300487,m3,water,Consolidated daily report +Utility Consumption & Power saving calculations -Apr 2026.xlsm,Consolidated Utility Readings.,21,Imported from 2026-04 consolidated utility readings
MOEHE HQ / Permanent HQ,KF-18540133,2026-04-14,300619,m3,water,Consolidated daily report +Utility Consumption & Power saving calculations -Apr 2026.xlsm,Consolidated Utility Readings.,21,Imported from 2026-04 consolidated utility readings
MOEHE HQ / Permanent HQ,KF-18540133,2026-04-15,300712,m3,water,Consolidated daily report +Utility Consumption & Power saving calculations -Apr 2026.xlsm,Consolidated Utility Readings.,21,Imported from 2026-04 consolidated utility readings
MOEHE HQ / Permanent HQ,KF-18540133,2026-04-16,300864,m3,water,Consolidated daily report +Utility Consumption & Power saving calculations -Apr 2026.xlsm,Consolidated Utility Readings.,21,Imported from 2026-04 consolidated utility readings
MOEHE HQ / Permanent HQ,KF-18540133,2026-04-17,300993,m3,water,Consolidated daily report +Utility Consumption & Power saving calculations -Apr 2026.xlsm,Consolidated Utility Readings.,21,Imported from 2026-04 consolidated utility readings
MOEHE HQ / Permanent HQ,KF-18540133,2026-04-18,300993,m3,water,Consolidated daily report +Utility Consumption & Power saving calculations -Apr 2026.xlsm,Consolidated Utility Readings.,21,Imported from 2026-04 consolidated utility readings
MOEHE HQ / Permanent HQ,KF-18540133,2026-04-19,301238,m3,water,Consolidated daily report +Utility Consumption & Power saving calculations -Apr 2026.xlsm,Consolidated Utility Readings.,21,Imported from 2026-04 consolidated utility readings
MOEHE HQ / Permanent HQ,KF-18540133,2026-04-20,301310,m3,water,Consolidated daily report +Utility Consumption & Power saving calculations -Apr 2026.xlsm,Consolidated Utility Readings.,21,Imported from 2026-04 consolidated utility readings
MOEHE HQ / Permanent HQ,KF-18540133,2026-04-21,301438,m3,water,Consolidated daily report +Utility Consumption & Power saving calculations -Apr 2026.xlsm,Consolidated Utility Readings.,21,Imported from 2026-04 consolidated utility readings
MOEHE HQ / Permanent HQ,KF-18540133,2026-04-22,301528,m3,water,Consolidated daily report +Utility Consumption & Power saving calculations -Apr 2026.xlsm,Consolidated Utility Readings.,21,Imported from 2026-04 consolidated utility readings
MOEHE HQ / Permanent HQ,KF-18540133,2026-04-23,301693,m3,water,Consolidated daily report +Utility Consumption & Power saving calculations -Apr 2026.xlsm,Consolidated Utility Readings.,21,Imported from 2026-04 consolidated utility readings
MOEHE HQ / Permanent HQ,KF-18540133,2026-04-24,301840,m3,water,Consolidated daily report +Utility Consumption & Power saving calculations -Apr 2026.xlsm,Consolidated Utility Readings.,21,Imported from 2026-04 consolidated utility readings
MOEHE HQ / Permanent HQ,KF-18540133,2026-04-25,301840,m3,water,Consolidated daily report +Utility Consumption & Power saving calculations -Apr 2026.xlsm,Consolidated Utility Readings.,21,Imported from 2026-04 consolidated utility readings
MOEHE HQ / Permanent HQ,KF-18540133,2026-04-26,302069,m3,water,Consolidated daily report +Utility Consumption & Power saving calculations -Apr 2026.xlsm,Consolidated Utility Readings.,21,Imported from 2026-04 consolidated utility readings
MOEHE HQ / Permanent HQ,KF-18540133,2026-04-27,302181,m3,water,Consolidated daily report +Utility Consumption & Power saving calculations -Apr 2026.xlsm,Consolidated Utility Readings.,21,Imported from 2026-04 consolidated utility readings
MOEHE HQ / Permanent HQ,KF-18540133,2026-04-28,302317,m3,water,Consolidated daily report +Utility Consumption & Power saving calculations -Apr 2026.xlsm,Consolidated Utility Readings.,21,Imported from 2026-04 consolidated utility readings
MOEHE HQ / Permanent HQ,KF-18540133,2026-04-29,302437,m3,water,Consolidated daily report +Utility Consumption & Power saving calculations -Apr 2026.xlsm,Consolidated Utility Readings.,21,Imported from 2026-04 consolidated utility readings
MOEHE HQ / Permanent HQ,KF-18540133,2026-04-30,302437,m3,water,Consolidated daily report +Utility Consumption & Power saving calculations -Apr 2026.xlsm,Consolidated Utility Readings.,21,Imported from 2026-04 consolidated utility readings
MOEHE HQ / Permanent HQ,KF-18540133,2026-05-01,302437,m3,water,Consolidated daily report +Utility Consumption & Power saving calculations -May 2026.xlsm,Consolidated Utility Readings.,21,Imported from 2026-05 consolidated utility readings
MOEHE HQ / Permanent HQ,KF-18540133,2026-05-02,302437,m3,water,Consolidated daily report +Utility Consumption & Power saving calculations -May 2026.xlsm,Consolidated Utility Readings.,21,Imported from 2026-05 consolidated utility readings
MOEHE HQ / Permanent HQ,KF-18540133,2026-05-03,302860,m3,water,Consolidated daily report +Utility Consumption & Power saving calculations -May 2026.xlsm,Consolidated Utility Readings.,21,Imported from 2026-05 consolidated utility readings
MOEHE HQ / Permanent HQ,KF-18540133,2026-05-04,303120,m3,water,Consolidated daily report +Utility Consumption & Power saving calculations -May 2026.xlsm,Consolidated Utility Readings.,21,Imported from 2026-05 consolidated utility readings
MOEHE HQ / Permanent HQ,KF-18540133,2026-05-05,303370,m3,water,Consolidated daily report +Utility Consumption & Power saving calculations -May 2026.xlsm,Consolidated Utility Readings.,21,Imported from 2026-05 consolidated utility readings
MOEHE HQ / Permanent HQ,KF-18540133,2026-05-06,303563,m3,water,Consolidated daily report +Utility Consumption & Power saving calculations -May 2026.xlsm,Consolidated Utility Readings.,21,Imported from 2026-05 consolidated utility readings
MOEHE HQ / Permanent HQ,KF-18540133,2026-05-07,303739,m3,water,Consolidated daily report +Utility Consumption & Power saving calculations -May 2026.xlsm,Consolidated Utility Readings.,21,Imported from 2026-05 consolidated utility readings
MOEHE HQ / Permanent HQ,KF-18540133,2026-05-08,303820,m3,water,Consolidated daily report +Utility Consumption & Power saving calculations -May 2026.xlsm,Consolidated Utility Readings.,21,Imported from 2026-05 consolidated utility readings
MOEHE HQ / Permanent HQ,KF-18540133,2026-05-09,303988,m3,water,Consolidated daily report +Utility Consumption & Power saving calculations -May 2026.xlsm,Consolidated Utility Readings.,21,Imported from 2026-05 consolidated utility readings
MOEHE HQ / Permanent HQ,KF-18540133,2026-05-10,304235,m3,water,Consolidated daily report +Utility Consumption & Power saving calculations -May 2026.xlsm,Consolidated Utility Readings.,21,Imported from 2026-05 consolidated utility readings
MOEHE HQ / Permanent HQ,KF-18540133,2026-05-11,304355,m3,water,Consolidated daily report +Utility Consumption & Power saving calculations -May 2026.xlsm,Consolidated Utility Readings.,21,Imported from 2026-05 consolidated utility readings
MOEHE HQ / Permanent HQ,KF-18540133,2026-05-12,304537,m3,water,Consolidated daily report +Utility Consumption & Power saving calculations -May 2026.xlsm,Consolidated Utility Readings.,21,Imported from 2026-05 consolidated utility readings
MOEHE HQ / Permanent HQ,KF-18540133,2026-05-13,304537,m3,water,Consolidated daily report +Utility Consumption & Power saving calculations -May 2026.xlsm,Consolidated Utility Readings.,21,Imported from 2026-05 consolidated utility readings
MOEHE HQ / Permanent HQ,KF-18540133,2026-05-14,304878,m3,water,Consolidated daily report +Utility Consumption & Power saving calculations -May 2026.xlsm,Consolidated Utility Readings.,21,Imported from 2026-05 consolidated utility readings
MOEHE HQ / Permanent HQ,KF-18540133,2026-05-15,304878,m3,water,Consolidated daily report +Utility Consumption & Power saving calculations -May 2026.xlsm,Consolidated Utility Readings.,21,Imported from 2026-05 consolidated utility readings
MOEHE HQ / Permanent HQ,KF-18540133,2026-05-16,304878,m3,water,Consolidated daily report +Utility Consumption & Power saving calculations -May 2026.xlsm,Consolidated Utility Readings.,21,Imported from 2026-05 consolidated utility readings
MOEHE HQ / Permanent HQ,KF-18540133,2026-05-17,304878,m3,water,Consolidated daily report +Utility Consumption & Power saving calculations -May 2026.xlsm,Consolidated Utility Readings.,21,Imported from 2026-05 consolidated utility readings
MOEHE HQ / Permanent HQ,KF-18540133,2026-05-18,305334,m3,water,Consolidated daily report +Utility Consumption & Power saving calculations -May 2026.xlsm,Consolidated Utility Readings.,21,Imported from 2026-05 consolidated utility readings
MOEHE HQ / Permanent HQ,KF-18540133,2026-05-19,305974,m3,water,Consolidated daily report +Utility Consumption & Power saving calculations -May 2026.xlsm,Consolidated Utility Readings.,21,Imported from 2026-05 consolidated utility readings
MOEHE HQ / Permanent HQ,KF-18540133,2026-05-20,305981,m3,water,Consolidated daily report +Utility Consumption & Power saving calculations -May 2026.xlsm,Consolidated Utility Readings.,21,Imported from 2026-05 consolidated utility readings
MOEHE HQ / Permanent HQ,KF-18540133,2026-05-21,306164,m3,water,Consolidated daily report +Utility Consumption & Power saving calculations -May 2026.xlsm,Consolidated Utility Readings.,21,Imported from 2026-05 consolidated utility readings
MOEHE HQ / Permanent HQ,KF-18540133,2026-05-22,306164,m3,water,Consolidated daily report +Utility Consumption & Power saving calculations -May 2026.xlsm,Consolidated Utility Readings.,21,Imported from 2026-05 consolidated utility readings
MOEHE HQ / Permanent HQ,KF-18540133,2026-05-23,306164,m3,water,Consolidated daily report +Utility Consumption & Power saving calculations -May 2026.xlsm,Consolidated Utility Readings.,21,Imported from 2026-05 consolidated utility readings
MOEHE HQ / Permanent HQ,KF-18540133,2026-05-24,306603,m3,water,Consolidated daily report +Utility Consumption & Power saving calculations -May 2026.xlsm,Consolidated Utility Readings.,21,Imported from 2026-05 consolidated utility readings
MOEHE HQ / Permanent HQ,KF-18540133,2026-05-25,306762,m3,water,Consolidated daily report +Utility Consumption & Power saving calculations -May 2026.xlsm,Consolidated Utility Readings.,21,Imported from 2026-05 consolidated utility readings
MOEHE HQ / Permanent HQ,KF-18540133,2026-05-26,306991,m3,water,Consolidated daily report +Utility Consumption & Power saving calculations -May 2026.xlsm,Consolidated Utility Readings.,21,Imported from 2026-05 consolidated utility readings
MOEHE HQ / Permanent HQ,KF-18540133,2026-05-27,306991,m3,water,Consolidated daily report +Utility Consumption & Power saving calculations -May 2026.xlsm,Consolidated Utility Readings.,21,Imported from 2026-05 consolidated utility readings
MOEHE HQ / Permanent HQ,KF-18540133,2026-05-28,306991,m3,water,Consolidated daily report +Utility Consumption & Power saving calculations -May 2026.xlsm,Consolidated Utility Readings.,21,Imported from 2026-05 consolidated utility readings
MOEHE HQ / Permanent HQ,KF-18540133,2026-05-29,306991,m3,water,Consolidated daily report +Utility Consumption & Power saving calculations -May 2026.xlsm,Consolidated Utility Readings.,21,Imported from 2026-05 consolidated utility readings
MOEHE HQ / Permanent HQ,KF-18540133,2026-05-30,306991,m3,water,Consolidated daily report +Utility Consumption & Power saving calculations -May 2026.xlsm,Consolidated Utility Readings.,21,Imported from 2026-05 consolidated utility readings
MOEHE HQ / Permanent HQ,KF-18540133,2026-05-31,307657,m3,water,Consolidated daily report +Utility Consumption & Power saving calculations -May 2026.xlsm,Consolidated Utility Readings.,21,Imported from 2026-05 consolidated utility readings
MOEHE HQ / Permanent HQ,KHA-WATER-METER-FOR-B1,2026-03-01,17909,m3,water,Consolidated daily report +Utility Consumption & Power saving calculations -Mar 2026.xlsm,Consolidated Utility Readings.,23,Imported from 2026-03 consolidated utility readings
MOEHE HQ / Permanent HQ,KHA-WATER-METER-FOR-B1,2026-03-02,17909,m3,water,Consolidated daily report +Utility Consumption & Power saving calculations -Mar 2026.xlsm,Consolidated Utility Readings.,23,Imported from 2026-03 consolidated utility readings
MOEHE HQ / Permanent HQ,KHA-WATER-METER-FOR-B1,2026-03-03,17909,m3,water,Consolidated daily report +Utility Consumption & Power saving calculations -Mar 2026.xlsm,Consolidated Utility Readings.,23,Imported from 2026-03 consolidated utility readings
MOEHE HQ / Permanent HQ,KHA-WATER-METER-FOR-B1,2026-03-04,17909,m3,water,Consolidated daily report +Utility Consumption & Power saving calculations -Mar 2026.xlsm,Consolidated Utility Readings.,23,Imported from 2026-03 consolidated utility readings
MOEHE HQ / Permanent HQ,KHA-WATER-METER-FOR-B1,2026-03-05,17909,m3,water,Consolidated daily report +Utility Consumption & Power saving calculations -Mar 2026.xlsm,Consolidated Utility Readings.,23,Imported from 2026-03 consolidated utility readings
MOEHE HQ / Permanent HQ,KHA-WATER-METER-FOR-B1,2026-03-06,17909,m3,water,Consolidated daily report +Utility Consumption & Power saving calculations -Mar 2026.xlsm,Consolidated Utility Readings.,23,Imported from 2026-03 consolidated utility readings
MOEHE HQ / Permanent HQ,KHA-WATER-METER-FOR-B1,2026-03-07,17909,m3,water,Consolidated daily report +Utility Consumption & Power saving calculations -Mar 2026.xlsm,Consolidated Utility Readings.,23,Imported from 2026-03 consolidated utility readings
MOEHE HQ / Permanent HQ,KHA-WATER-METER-FOR-B1,2026-03-08,17909,m3,water,Consolidated daily report +Utility Consumption & Power saving calculations -Mar 2026.xlsm,Consolidated Utility Readings.,23,Imported from 2026-03 consolidated utility readings
MOEHE HQ / Permanent HQ,KHA-WATER-METER-FOR-B1,2026-03-09,17909,m3,water,Consolidated daily report +Utility Consumption & Power saving calculations -Mar 2026.xlsm,Consolidated Utility Readings.,23,Imported from 2026-03 consolidated utility readings
MOEHE HQ / Permanent HQ,KHA-WATER-METER-FOR-B1,2026-03-10,17909,m3,water,Consolidated daily report +Utility Consumption & Power saving calculations -Mar 2026.xlsm,Consolidated Utility Readings.,23,Imported from 2026-03 consolidated utility readings
MOEHE HQ / Permanent HQ,KHA-WATER-METER-FOR-B1,2026-03-11,17909,m3,water,Consolidated daily report +Utility Consumption & Power saving calculations -Mar 2026.xlsm,Consolidated Utility Readings.,23,Imported from 2026-03 consolidated utility readings
MOEHE HQ / Permanent HQ,KHA-WATER-METER-FOR-B1,2026-03-12,17909,m3,water,Consolidated daily report +Utility Consumption & Power saving calculations -Mar 2026.xlsm,Consolidated Utility Readings.,23,Imported from 2026-03 consolidated utility readings
MOEHE HQ / Permanent HQ,KHA-WATER-METER-FOR-B1,2026-03-13,17909,m3,water,Consolidated daily report +Utility Consumption & Power saving calculations -Mar 2026.xlsm,Consolidated Utility Readings.,23,Imported from 2026-03 consolidated utility readings
MOEHE HQ / Permanent HQ,KHA-WATER-METER-FOR-B1,2026-03-14,17909,m3,water,Consolidated daily report +Utility Consumption & Power saving calculations -Mar 2026.xlsm,Consolidated Utility Readings.,23,Imported from 2026-03 consolidated utility readings
MOEHE HQ / Permanent HQ,KHA-WATER-METER-FOR-B1,2026-03-15,17909,m3,water,Consolidated daily report +Utility Consumption & Power saving calculations -Mar 2026.xlsm,Consolidated Utility Readings.,23,Imported from 2026-03 consolidated utility readings
MOEHE HQ / Permanent HQ,KHA-WATER-METER-FOR-B1,2026-03-16,17909,m3,water,Consolidated daily report +Utility Consumption & Power saving calculations -Mar 2026.xlsm,Consolidated Utility Readings.,23,Imported from 2026-03 consolidated utility readings
MOEHE HQ / Permanent HQ,KHA-WATER-METER-FOR-B1,2026-03-17,17909,m3,water,Consolidated daily report +Utility Consumption & Power saving calculations -Mar 2026.xlsm,Consolidated Utility Readings.,23,Imported from 2026-03 consolidated utility readings
MOEHE HQ / Permanent HQ,KHA-WATER-METER-FOR-B1,2026-03-18,17909,m3,water,Consolidated daily report +Utility Consumption & Power saving calculations -Mar 2026.xlsm,Consolidated Utility Readings.,23,Imported from 2026-03 consolidated utility readings
MOEHE HQ / Permanent HQ,KHA-WATER-METER-FOR-B1,2026-03-19,17909,m3,water,Consolidated daily report +Utility Consumption & Power saving calculations -Mar 2026.xlsm,Consolidated Utility Readings.,23,Imported from 2026-03 consolidated utility readings
MOEHE HQ / Permanent HQ,KHA-WATER-METER-FOR-B1,2026-03-20,17909,m3,water,Consolidated daily report +Utility Consumption & Power saving calculations -Mar 2026.xlsm,Consolidated Utility Readings.,23,Imported from 2026-03 consolidated utility readings
MOEHE HQ / Permanent HQ,KHA-WATER-METER-FOR-B1,2026-03-21,17909,m3,water,Consolidated daily report +Utility Consumption & Power saving calculations -Mar 2026.xlsm,Consolidated Utility Readings.,23,Imported from 2026-03 consolidated utility readings
MOEHE HQ / Permanent HQ,KHA-WATER-METER-FOR-B1,2026-03-22,17909,m3,water,Consolidated daily report +Utility Consumption & Power saving calculations -Mar 2026.xlsm,Consolidated Utility Readings.,23,Imported from 2026-03 consolidated utility readings
MOEHE HQ / Permanent HQ,KHA-WATER-METER-FOR-B1,2026-03-23,17933,m3,water,Consolidated daily report +Utility Consumption & Power saving calculations -Mar 2026.xlsm,Consolidated Utility Readings.,23,Imported from 2026-03 consolidated utility readings
MOEHE HQ / Permanent HQ,KHA-WATER-METER-FOR-B1,2026-03-24,17937,m3,water,Consolidated daily report +Utility Consumption & Power saving calculations -Mar 2026.xlsm,Consolidated Utility Readings.,23,Imported from 2026-03 consolidated utility readings
MOEHE HQ / Permanent HQ,KHA-WATER-METER-FOR-B1,2026-03-25,17947,m3,water,Consolidated daily report +Utility Consumption & Power saving calculations -Mar 2026.xlsm,Consolidated Utility Readings.,23,Imported from 2026-03 consolidated utility readings
MOEHE HQ / Permanent HQ,KHA-WATER-METER-FOR-B1,2026-03-26,17947,m3,water,Consolidated daily report +Utility Consumption & Power saving calculations -Mar 2026.xlsm,Consolidated Utility Readings.,23,Imported from 2026-03 consolidated utility readings
MOEHE HQ / Permanent HQ,KHA-WATER-METER-FOR-B1,2026-03-27,17947,m3,water,Consolidated daily report +Utility Consumption & Power saving calculations -Mar 2026.xlsm,Consolidated Utility Readings.,23,Imported from 2026-03 consolidated utility readings
MOEHE HQ / Permanent HQ,KHA-WATER-METER-FOR-B1,2026-03-28,17947,m3,water,Consolidated daily report +Utility Consumption & Power saving calculations -Mar 2026.xlsm,Consolidated Utility Readings.,23,Imported from 2026-03 consolidated utility readings
MOEHE HQ / Permanent HQ,KHA-WATER-METER-FOR-B1,2026-03-29,17947,m3,water,Consolidated daily report +Utility Consumption & Power saving calculations -Mar 2026.xlsm,Consolidated Utility Readings.,23,Imported from 2026-03 consolidated utility readings
MOEHE HQ / Permanent HQ,KHA-WATER-METER-FOR-B1,2026-03-30,18027,m3,water,Consolidated daily report +Utility Consumption & Power saving calculations -Mar 2026.xlsm,Consolidated Utility Readings.,23,Imported from 2026-03 consolidated utility readings
MOEHE HQ / Permanent HQ,KHA-WATER-METER-FOR-B1,2026-03-31,18041,m3,water,Consolidated daily report +Utility Consumption & Power saving calculations -Mar 2026.xlsm,Consolidated Utility Readings.,23,Imported from 2026-03 consolidated utility readings
MOEHE HQ / Permanent HQ,KHA-WATER-METER-FOR-B1,2026-04-01,18055,m3,water,Consolidated daily report +Utility Consumption & Power saving calculations -Apr 2026.xlsm,Consolidated Utility Readings.,23,Imported from 2026-04 consolidated utility readings
MOEHE HQ / Permanent HQ,KHA-WATER-METER-FOR-B1,2026-04-02,18064,m3,water,Consolidated daily report +Utility Consumption & Power saving calculations -Apr 2026.xlsm,Consolidated Utility Readings.,23,Imported from 2026-04 consolidated utility readings
MOEHE HQ / Permanent HQ,KHA-WATER-METER-FOR-B1,2026-04-03,18075,m3,water,Consolidated daily report +Utility Consumption & Power saving calculations -Apr 2026.xlsm,Consolidated Utility Readings.,23,Imported from 2026-04 consolidated utility readings
MOEHE HQ / Permanent HQ,KHA-WATER-METER-FOR-B1,2026-04-04,18075,m3,water,Consolidated daily report +Utility Consumption & Power saving calculations -Apr 2026.xlsm,Consolidated Utility Readings.,23,Imported from 2026-04 consolidated utility readings
MOEHE HQ / Permanent HQ,KHA-WATER-METER-FOR-B1,2026-04-05,18079,m3,water,Consolidated daily report +Utility Consumption & Power saving calculations -Apr 2026.xlsm,Consolidated Utility Readings.,23,Imported from 2026-04 consolidated utility readings
MOEHE HQ / Permanent HQ,KHA-WATER-METER-FOR-B1,2026-04-06,18093,m3,water,Consolidated daily report +Utility Consumption & Power saving calculations -Apr 2026.xlsm,Consolidated Utility Readings.,23,Imported from 2026-04 consolidated utility readings
MOEHE HQ / Permanent HQ,KHA-WATER-METER-FOR-B1,2026-04-07,18106,m3,water,Consolidated daily report +Utility Consumption & Power saving calculations -Apr 2026.xlsm,Consolidated Utility Readings.,23,Imported from 2026-04 consolidated utility readings
MOEHE HQ / Permanent HQ,KHA-WATER-METER-FOR-B1,2026-04-08,18119,m3,water,Consolidated daily report +Utility Consumption & Power saving calculations -Apr 2026.xlsm,Consolidated Utility Readings.,23,Imported from 2026-04 consolidated utility readings
MOEHE HQ / Permanent HQ,KHA-WATER-METER-FOR-B1,2026-04-09,18131,m3,water,Consolidated daily report +Utility Consumption & Power saving calculations -Apr 2026.xlsm,Consolidated Utility Readings.,23,Imported from 2026-04 consolidated utility readings
MOEHE HQ / Permanent HQ,KHA-WATER-METER-FOR-B1,2026-04-10,18145,m3,water,Consolidated daily report +Utility Consumption & Power saving calculations -Apr 2026.xlsm,Consolidated Utility Readings.,23,Imported from 2026-04 consolidated utility readings
MOEHE HQ / Permanent HQ,KHA-WATER-METER-FOR-B1,2026-04-11,18148,m3,water,Consolidated daily report +Utility Consumption & Power saving calculations -Apr 2026.xlsm,Consolidated Utility Readings.,23,Imported from 2026-04 consolidated utility readings
MOEHE HQ / Permanent HQ,KHA-WATER-METER-FOR-B1,2026-04-12,18153,m3,water,Consolidated daily report +Utility Consumption & Power saving calculations -Apr 2026.xlsm,Consolidated Utility Readings.,23,Imported from 2026-04 consolidated utility readings
MOEHE HQ / Permanent HQ,KHA-WATER-METER-FOR-B1,2026-04-13,18167,m3,water,Consolidated daily report +Utility Consumption & Power saving calculations -Apr 2026.xlsm,Consolidated Utility Readings.,23,Imported from 2026-04 consolidated utility readings
MOEHE HQ / Permanent HQ,KHA-WATER-METER-FOR-B1,2026-04-14,18180,m3,water,Consolidated daily report +Utility Consumption & Power saving calculations -Apr 2026.xlsm,Consolidated Utility Readings.,23,Imported from 2026-04 consolidated utility readings
MOEHE HQ / Permanent HQ,KHA-WATER-METER-FOR-B1,2026-04-15,18193,m3,water,Consolidated daily report +Utility Consumption & Power saving calculations -Apr 2026.xlsm,Consolidated Utility Readings.,23,Imported from 2026-04 consolidated utility readings
MOEHE HQ / Permanent HQ,KHA-WATER-METER-FOR-B1,2026-04-16,18206,m3,water,Consolidated daily report +Utility Consumption & Power saving calculations -Apr 2026.xlsm,Consolidated Utility Readings.,23,Imported from 2026-04 consolidated utility readings
MOEHE HQ / Permanent HQ,KHA-WATER-METER-FOR-B1,2026-04-17,18219,m3,water,Consolidated daily report +Utility Consumption & Power saving calculations -Apr 2026.xlsm,Consolidated Utility Readings.,23,Imported from 2026-04 consolidated utility readings
MOEHE HQ / Permanent HQ,KHA-WATER-METER-FOR-B1,2026-04-18,18222,m3,water,Consolidated daily report +Utility Consumption & Power saving calculations -Apr 2026.xlsm,Consolidated Utility Readings.,23,Imported from 2026-04 consolidated utility readings
MOEHE HQ / Permanent HQ,KHA-WATER-METER-FOR-B1,2026-04-19,18226,m3,water,Consolidated daily report +Utility Consumption & Power saving calculations -Apr 2026.xlsm,Consolidated Utility Readings.,23,Imported from 2026-04 consolidated utility readings
MOEHE HQ / Permanent HQ,KHA-WATER-METER-FOR-B1,2026-04-20,18240,m3,water,Consolidated daily report +Utility Consumption & Power saving calculations -Apr 2026.xlsm,Consolidated Utility Readings.,23,Imported from 2026-04 consolidated utility readings
MOEHE HQ / Permanent HQ,KHA-WATER-METER-FOR-B1,2026-04-21,18253,m3,water,Consolidated daily report +Utility Consumption & Power saving calculations -Apr 2026.xlsm,Consolidated Utility Readings.,23,Imported from 2026-04 consolidated utility readings
MOEHE HQ / Permanent HQ,KHA-WATER-METER-FOR-B1,2026-04-22,18266,m3,water,Consolidated daily report +Utility Consumption & Power saving calculations -Apr 2026.xlsm,Consolidated Utility Readings.,23,Imported from 2026-04 consolidated utility readings
MOEHE HQ / Permanent HQ,KHA-WATER-METER-FOR-B1,2026-04-23,18278,m3,water,Consolidated daily report +Utility Consumption & Power saving calculations -Apr 2026.xlsm,Consolidated Utility Readings.,23,Imported from 2026-04 consolidated utility readings
MOEHE HQ / Permanent HQ,KHA-WATER-METER-FOR-B1,2026-04-24,18291,m3,water,Consolidated daily report +Utility Consumption & Power saving calculations -Apr 2026.xlsm,Consolidated Utility Readings.,23,Imported from 2026-04 consolidated utility readings
MOEHE HQ / Permanent HQ,KHA-WATER-METER-FOR-B1,2026-04-25,18291,m3,water,Consolidated daily report +Utility Consumption & Power saving calculations -Apr 2026.xlsm,Consolidated Utility Readings.,23,Imported from 2026-04 consolidated utility readings
MOEHE HQ / Permanent HQ,KHA-WATER-METER-FOR-B1,2026-04-26,18294,m3,water,Consolidated daily report +Utility Consumption & Power saving calculations -Apr 2026.xlsm,Consolidated Utility Readings.,23,Imported from 2026-04 consolidated utility readings
MOEHE HQ / Permanent HQ,KHA-WATER-METER-FOR-B1,2026-04-27,18308,m3,water,Consolidated daily report +Utility Consumption & Power saving calculations -Apr 2026.xlsm,Consolidated Utility Readings.,23,Imported from 2026-04 consolidated utility readings
MOEHE HQ / Permanent HQ,KHA-WATER-METER-FOR-B1,2026-04-28,18323,m3,water,Consolidated daily report +Utility Consumption & Power saving calculations -Apr 2026.xlsm,Consolidated Utility Readings.,23,Imported from 2026-04 consolidated utility readings
MOEHE HQ / Permanent HQ,KHA-WATER-METER-FOR-B1,2026-04-29,18336,m3,water,Consolidated daily report +Utility Consumption & Power saving calculations -Apr 2026.xlsm,Consolidated Utility Readings.,23,Imported from 2026-04 consolidated utility readings
MOEHE HQ / Permanent HQ,KHA-WATER-METER-FOR-B1,2026-04-30,18349,m3,water,Consolidated daily report +Utility Consumption & Power saving calculations -Apr 2026.xlsm,Consolidated Utility Readings.,23,Imported from 2026-04 consolidated utility readings
MOEHE HQ / Permanent HQ,KHA-WATER-METER-FOR-B1,2026-05-01,18360,m3,water,Consolidated daily report +Utility Consumption & Power saving calculations -May 2026.xlsm,Consolidated Utility Readings.,23,Imported from 2026-05 consolidated utility readings
MOEHE HQ / Permanent HQ,KHA-WATER-METER-FOR-B1,2026-05-02,18361,m3,water,Consolidated daily report +Utility Consumption & Power saving calculations -May 2026.xlsm,Consolidated Utility Readings.,23,Imported from 2026-05 consolidated utility readings
MOEHE HQ / Permanent HQ,KHA-WATER-METER-FOR-B1,2026-05-03,18363,m3,water,Consolidated daily report +Utility Consumption & Power saving calculations -May 2026.xlsm,Consolidated Utility Readings.,23,Imported from 2026-05 consolidated utility readings
MOEHE HQ / Permanent HQ,KHA-WATER-METER-FOR-B1,2026-05-04,18376,m3,water,Consolidated daily report +Utility Consumption & Power saving calculations -May 2026.xlsm,Consolidated Utility Readings.,23,Imported from 2026-05 consolidated utility readings
MOEHE HQ / Permanent HQ,KHA-WATER-METER-FOR-B1,2026-05-05,18382,m3,water,Consolidated daily report +Utility Consumption & Power saving calculations -May 2026.xlsm,Consolidated Utility Readings.,23,Imported from 2026-05 consolidated utility readings
MOEHE HQ / Permanent HQ,KHA-WATER-METER-FOR-B1,2026-05-06,18389,m3,water,Consolidated daily report +Utility Consumption & Power saving calculations -May 2026.xlsm,Consolidated Utility Readings.,23,Imported from 2026-05 consolidated utility readings
MOEHE HQ / Permanent HQ,KHA-WATER-METER-FOR-B1,2026-05-07,18416,m3,water,Consolidated daily report +Utility Consumption & Power saving calculations -May 2026.xlsm,Consolidated Utility Readings.,23,Imported from 2026-05 consolidated utility readings
MOEHE HQ / Permanent HQ,KHA-WATER-METER-FOR-B1,2026-05-08,18429,m3,water,Consolidated daily report +Utility Consumption & Power saving calculations -May 2026.xlsm,Consolidated Utility Readings.,23,Imported from 2026-05 consolidated utility readings
MOEHE HQ / Permanent HQ,KHA-WATER-METER-FOR-B1,2026-05-09,18429,m3,water,Consolidated daily report +Utility Consumption & Power saving calculations -May 2026.xlsm,Consolidated Utility Readings.,23,Imported from 2026-05 consolidated utility readings
MOEHE HQ / Permanent HQ,KHA-WATER-METER-FOR-B1,2026-05-10,18432,m3,water,Consolidated daily report +Utility Consumption & Power saving calculations -May 2026.xlsm,Consolidated Utility Readings.,23,Imported from 2026-05 consolidated utility readings
MOEHE HQ / Permanent HQ,KHA-WATER-METER-FOR-B1,2026-05-11,18446,m3,water,Consolidated daily report +Utility Consumption & Power saving calculations -May 2026.xlsm,Consolidated Utility Readings.,23,Imported from 2026-05 consolidated utility readings
MOEHE HQ / Permanent HQ,KHA-WATER-METER-FOR-B1,2026-05-12,18459,m3,water,Consolidated daily report +Utility Consumption & Power saving calculations -May 2026.xlsm,Consolidated Utility Readings.,23,Imported from 2026-05 consolidated utility readings
MOEHE HQ / Permanent HQ,KHA-WATER-METER-FOR-B1,2026-05-13,18463,m3,water,Consolidated daily report +Utility Consumption & Power saving calculations -May 2026.xlsm,Consolidated Utility Readings.,23,Imported from 2026-05 consolidated utility readings
MOEHE HQ / Permanent HQ,KHA-WATER-METER-FOR-B1,2026-05-14,18472,m3,water,Consolidated daily report +Utility Consumption & Power saving calculations -May 2026.xlsm,Consolidated Utility Readings.,23,Imported from 2026-05 consolidated utility readings
MOEHE HQ / Permanent HQ,KHA-WATER-METER-FOR-B1,2026-05-15,18497,m3,water,Consolidated daily report +Utility Consumption & Power saving calculations -May 2026.xlsm,Consolidated Utility Readings.,23,Imported from 2026-05 consolidated utility readings
MOEHE HQ / Permanent HQ,KHA-WATER-METER-FOR-B1,2026-05-16,18497,m3,water,Consolidated daily report +Utility Consumption & Power saving calculations -May 2026.xlsm,Consolidated Utility Readings.,23,Imported from 2026-05 consolidated utility readings
MOEHE HQ / Permanent HQ,KHA-WATER-METER-FOR-B1,2026-05-17,18497,m3,water,Consolidated daily report +Utility Consumption & Power saving calculations -May 2026.xlsm,Consolidated Utility Readings.,23,Imported from 2026-05 consolidated utility readings
MOEHE HQ / Permanent HQ,KHA-WATER-METER-FOR-B1,2026-05-18,18518,m3,water,Consolidated daily report +Utility Consumption & Power saving calculations -May 2026.xlsm,Consolidated Utility Readings.,23,Imported from 2026-05 consolidated utility readings
MOEHE HQ / Permanent HQ,KHA-WATER-METER-FOR-B1,2026-05-19,18534,m3,water,Consolidated daily report +Utility Consumption & Power saving calculations -May 2026.xlsm,Consolidated Utility Readings.,23,Imported from 2026-05 consolidated utility readings
MOEHE HQ / Permanent HQ,KHA-WATER-METER-FOR-B1,2026-05-20,18538,m3,water,Consolidated daily report +Utility Consumption & Power saving calculations -May 2026.xlsm,Consolidated Utility Readings.,23,Imported from 2026-05 consolidated utility readings
MOEHE HQ / Permanent HQ,KHA-WATER-METER-FOR-B1,2026-05-21,18555,m3,water,Consolidated daily report +Utility Consumption & Power saving calculations -May 2026.xlsm,Consolidated Utility Readings.,23,Imported from 2026-05 consolidated utility readings
MOEHE HQ / Permanent HQ,KHA-WATER-METER-FOR-B1,2026-05-22,18555,m3,water,Consolidated daily report +Utility Consumption & Power saving calculations -May 2026.xlsm,Consolidated Utility Readings.,23,Imported from 2026-05 consolidated utility readings
MOEHE HQ / Permanent HQ,KHA-WATER-METER-FOR-B1,2026-05-23,18555,m3,water,Consolidated daily report +Utility Consumption & Power saving calculations -May 2026.xlsm,Consolidated Utility Readings.,23,Imported from 2026-05 consolidated utility readings
MOEHE HQ / Permanent HQ,KHA-WATER-METER-FOR-B1,2026-05-24,18573,m3,water,Consolidated daily report +Utility Consumption & Power saving calculations -May 2026.xlsm,Consolidated Utility Readings.,23,Imported from 2026-05 consolidated utility readings
MOEHE HQ / Permanent HQ,KHA-WATER-METER-FOR-B1,2026-05-25,18588,m3,water,Consolidated daily report +Utility Consumption & Power saving calculations -May 2026.xlsm,Consolidated Utility Readings.,23,Imported from 2026-05 consolidated utility readings
MOEHE HQ / Permanent HQ,KHA-WATER-METER-FOR-B1,2026-05-26,18599,m3,water,Consolidated daily report +Utility Consumption & Power saving calculations -May 2026.xlsm,Consolidated Utility Readings.,23,Imported from 2026-05 consolidated utility readings
MOEHE HQ / Permanent HQ,KHA-WATER-METER-FOR-B1,2026-05-27,18599,m3,water,Consolidated daily report +Utility Consumption & Power saving calculations -May 2026.xlsm,Consolidated Utility Readings.,23,Imported from 2026-05 consolidated utility readings
MOEHE HQ / Permanent HQ,KHA-WATER-METER-FOR-B1,2026-05-28,18599,m3,water,Consolidated daily report +Utility Consumption & Power saving calculations -May 2026.xlsm,Consolidated Utility Readings.,23,Imported from 2026-05 consolidated utility readings
MOEHE HQ / Permanent HQ,KHA-WATER-METER-FOR-B1,2026-05-29,18599,m3,water,Consolidated daily report +Utility Consumption & Power saving calculations -May 2026.xlsm,Consolidated Utility Readings.,23,Imported from 2026-05 consolidated utility readings
MOEHE HQ / Permanent HQ,KHA-WATER-METER-FOR-B1,2026-05-30,18599,m3,water,Consolidated daily report +Utility Consumption & Power saving calculations -May 2026.xlsm,Consolidated Utility Readings.,23,Imported from 2026-05 consolidated utility readings
MOEHE HQ / Permanent HQ,KHA-WATER-METER-FOR-B1,2026-05-31,18601,m3,water,Consolidated daily report +Utility Consumption & Power saving calculations -May 2026.xlsm,Consolidated Utility Readings.,23,Imported from 2026-05 consolidated utility readings
MOEHE HQ / Permanent HQ,KHA-WATER-METER-FOR-B2,2026-03-01,12388,m3,water,Consolidated daily report +Utility Consumption & Power saving calculations -Mar 2026.xlsm,Consolidated Utility Readings.,24,Imported from 2026-03 consolidated utility readings
MOEHE HQ / Permanent HQ,KHA-WATER-METER-FOR-B2,2026-03-02,12388,m3,water,Consolidated daily report +Utility Consumption & Power saving calculations -Mar 2026.xlsm,Consolidated Utility Readings.,24,Imported from 2026-03 consolidated utility readings
MOEHE HQ / Permanent HQ,KHA-WATER-METER-FOR-B2,2026-03-03,12388,m3,water,Consolidated daily report +Utility Consumption & Power saving calculations -Mar 2026.xlsm,Consolidated Utility Readings.,24,Imported from 2026-03 consolidated utility readings
MOEHE HQ / Permanent HQ,KHA-WATER-METER-FOR-B2,2026-03-04,12390,m3,water,Consolidated daily report +Utility Consumption & Power saving calculations -Mar 2026.xlsm,Consolidated Utility Readings.,24,Imported from 2026-03 consolidated utility readings
MOEHE HQ / Permanent HQ,KHA-WATER-METER-FOR-B2,2026-03-05,12391,m3,water,Consolidated daily report +Utility Consumption & Power saving calculations -Mar 2026.xlsm,Consolidated Utility Readings.,24,Imported from 2026-03 consolidated utility readings
MOEHE HQ / Permanent HQ,KHA-WATER-METER-FOR-B2,2026-03-06,12392,m3,water,Consolidated daily report +Utility Consumption & Power saving calculations -Mar 2026.xlsm,Consolidated Utility Readings.,24,Imported from 2026-03 consolidated utility readings
MOEHE HQ / Permanent HQ,KHA-WATER-METER-FOR-B2,2026-03-07,12392,m3,water,Consolidated daily report +Utility Consumption & Power saving calculations -Mar 2026.xlsm,Consolidated Utility Readings.,24,Imported from 2026-03 consolidated utility readings
MOEHE HQ / Permanent HQ,KHA-WATER-METER-FOR-B2,2026-03-08,12392,m3,water,Consolidated daily report +Utility Consumption & Power saving calculations -Mar 2026.xlsm,Consolidated Utility Readings.,24,Imported from 2026-03 consolidated utility readings
MOEHE HQ / Permanent HQ,KHA-WATER-METER-FOR-B2,2026-03-09,12392,m3,water,Consolidated daily report +Utility Consumption & Power saving calculations -Mar 2026.xlsm,Consolidated Utility Readings.,24,Imported from 2026-03 consolidated utility readings
MOEHE HQ / Permanent HQ,KHA-WATER-METER-FOR-B2,2026-03-10,12392,m3,water,Consolidated daily report +Utility Consumption & Power saving calculations -Mar 2026.xlsm,Consolidated Utility Readings.,24,Imported from 2026-03 consolidated utility readings
MOEHE HQ / Permanent HQ,KHA-WATER-METER-FOR-B2,2026-03-11,12394,m3,water,Consolidated daily report +Utility Consumption & Power saving calculations -Mar 2026.xlsm,Consolidated Utility Readings.,24,Imported from 2026-03 consolidated utility readings
MOEHE HQ / Permanent HQ,KHA-WATER-METER-FOR-B2,2026-03-12,12395,m3,water,Consolidated daily report +Utility Consumption & Power saving calculations -Mar 2026.xlsm,Consolidated Utility Readings.,24,Imported from 2026-03 consolidated utility readings
MOEHE HQ / Permanent HQ,KHA-WATER-METER-FOR-B2,2026-03-13,12396,m3,water,Consolidated daily report +Utility Consumption & Power saving calculations -Mar 2026.xlsm,Consolidated Utility Readings.,24,Imported from 2026-03 consolidated utility readings
MOEHE HQ / Permanent HQ,KHA-WATER-METER-FOR-B2,2026-03-14,12396,m3,water,Consolidated daily report +Utility Consumption & Power saving calculations -Mar 2026.xlsm,Consolidated Utility Readings.,24,Imported from 2026-03 consolidated utility readings
MOEHE HQ / Permanent HQ,KHA-WATER-METER-FOR-B2,2026-03-15,12397,m3,water,Consolidated daily report +Utility Consumption & Power saving calculations -Mar 2026.xlsm,Consolidated Utility Readings.,24,Imported from 2026-03 consolidated utility readings
MOEHE HQ / Permanent HQ,KHA-WATER-METER-FOR-B2,2026-03-16,12397,m3,water,Consolidated daily report +Utility Consumption & Power saving calculations -Mar 2026.xlsm,Consolidated Utility Readings.,24,Imported from 2026-03 consolidated utility readings
MOEHE HQ / Permanent HQ,KHA-WATER-METER-FOR-B2,2026-03-17,12398,m3,water,Consolidated daily report +Utility Consumption & Power saving calculations -Mar 2026.xlsm,Consolidated Utility Readings.,24,Imported from 2026-03 consolidated utility readings
MOEHE HQ / Permanent HQ,KHA-WATER-METER-FOR-B2,2026-03-18,12398,m3,water,Consolidated daily report +Utility Consumption & Power saving calculations -Mar 2026.xlsm,Consolidated Utility Readings.,24,Imported from 2026-03 consolidated utility readings
MOEHE HQ / Permanent HQ,KHA-WATER-METER-FOR-B2,2026-03-19,12398,m3,water,Consolidated daily report +Utility Consumption & Power saving calculations -Mar 2026.xlsm,Consolidated Utility Readings.,24,Imported from 2026-03 consolidated utility readings
MOEHE HQ / Permanent HQ,KHA-WATER-METER-FOR-B2,2026-03-20,12398,m3,water,Consolidated daily report +Utility Consumption & Power saving calculations -Mar 2026.xlsm,Consolidated Utility Readings.,24,Imported from 2026-03 consolidated utility readings
MOEHE HQ / Permanent HQ,KHA-WATER-METER-FOR-B2,2026-03-21,12398,m3,water,Consolidated daily report +Utility Consumption & Power saving calculations -Mar 2026.xlsm,Consolidated Utility Readings.,24,Imported from 2026-03 consolidated utility readings
MOEHE HQ / Permanent HQ,KHA-WATER-METER-FOR-B2,2026-03-22,12398,m3,water,Consolidated daily report +Utility Consumption & Power saving calculations -Mar 2026.xlsm,Consolidated Utility Readings.,24,Imported from 2026-03 consolidated utility readings
MOEHE HQ / Permanent HQ,KHA-WATER-METER-FOR-B2,2026-03-23,12404,m3,water,Consolidated daily report +Utility Consumption & Power saving calculations -Mar 2026.xlsm,Consolidated Utility Readings.,24,Imported from 2026-03 consolidated utility readings
MOEHE HQ / Permanent HQ,KHA-WATER-METER-FOR-B2,2026-03-24,12409,m3,water,Consolidated daily report +Utility Consumption & Power saving calculations -Mar 2026.xlsm,Consolidated Utility Readings.,24,Imported from 2026-03 consolidated utility readings
MOEHE HQ / Permanent HQ,KHA-WATER-METER-FOR-B2,2026-03-25,12412,m3,water,Consolidated daily report +Utility Consumption & Power saving calculations -Mar 2026.xlsm,Consolidated Utility Readings.,24,Imported from 2026-03 consolidated utility readings
MOEHE HQ / Permanent HQ,KHA-WATER-METER-FOR-B2,2026-03-26,12418,m3,water,Consolidated daily report +Utility Consumption & Power saving calculations -Mar 2026.xlsm,Consolidated Utility Readings.,24,Imported from 2026-03 consolidated utility readings
MOEHE HQ / Permanent HQ,KHA-WATER-METER-FOR-B2,2026-03-27,12425,m3,water,Consolidated daily report +Utility Consumption & Power saving calculations -Mar 2026.xlsm,Consolidated Utility Readings.,24,Imported from 2026-03 consolidated utility readings
MOEHE HQ / Permanent HQ,KHA-WATER-METER-FOR-B2,2026-03-28,12425,m3,water,Consolidated daily report +Utility Consumption & Power saving calculations -Mar 2026.xlsm,Consolidated Utility Readings.,24,Imported from 2026-03 consolidated utility readings
MOEHE HQ / Permanent HQ,KHA-WATER-METER-FOR-B2,2026-03-29,12428,m3,water,Consolidated daily report +Utility Consumption & Power saving calculations -Mar 2026.xlsm,Consolidated Utility Readings.,24,Imported from 2026-03 consolidated utility readings
MOEHE HQ / Permanent HQ,KHA-WATER-METER-FOR-B2,2026-03-30,12449,m3,water,Consolidated daily report +Utility Consumption & Power saving calculations -Mar 2026.xlsm,Consolidated Utility Readings.,24,Imported from 2026-03 consolidated utility readings
MOEHE HQ / Permanent HQ,KHA-WATER-METER-FOR-B2,2026-03-31,12446,m3,water,Consolidated daily report +Utility Consumption & Power saving calculations -Mar 2026.xlsm,Consolidated Utility Readings.,24,Imported from 2026-03 consolidated utility readings
MOEHE HQ / Permanent HQ,KHA-WATER-METER-FOR-B2,2026-04-01,12457,m3,water,Consolidated daily report +Utility Consumption & Power saving calculations -Apr 2026.xlsm,Consolidated Utility Readings.,24,Imported from 2026-04 consolidated utility readings
MOEHE HQ / Permanent HQ,KHA-WATER-METER-FOR-B2,2026-04-02,12465,m3,water,Consolidated daily report +Utility Consumption & Power saving calculations -Apr 2026.xlsm,Consolidated Utility Readings.,24,Imported from 2026-04 consolidated utility readings
MOEHE HQ / Permanent HQ,KHA-WATER-METER-FOR-B2,2026-04-03,12473,m3,water,Consolidated daily report +Utility Consumption & Power saving calculations -Apr 2026.xlsm,Consolidated Utility Readings.,24,Imported from 2026-04 consolidated utility readings
MOEHE HQ / Permanent HQ,KHA-WATER-METER-FOR-B2,2026-04-04,12473,m3,water,Consolidated daily report +Utility Consumption & Power saving calculations -Apr 2026.xlsm,Consolidated Utility Readings.,24,Imported from 2026-04 consolidated utility readings
MOEHE HQ / Permanent HQ,KHA-WATER-METER-FOR-B2,2026-04-05,12475,m3,water,Consolidated daily report +Utility Consumption & Power saving calculations -Apr 2026.xlsm,Consolidated Utility Readings.,24,Imported from 2026-04 consolidated utility readings
MOEHE HQ / Permanent HQ,KHA-WATER-METER-FOR-B2,2026-04-06,12483,m3,water,Consolidated daily report +Utility Consumption & Power saving calculations -Apr 2026.xlsm,Consolidated Utility Readings.,24,Imported from 2026-04 consolidated utility readings
MOEHE HQ / Permanent HQ,KHA-WATER-METER-FOR-B2,2026-04-07,12491,m3,water,Consolidated daily report +Utility Consumption & Power saving calculations -Apr 2026.xlsm,Consolidated Utility Readings.,24,Imported from 2026-04 consolidated utility readings
MOEHE HQ / Permanent HQ,KHA-WATER-METER-FOR-B2,2026-04-08,12498,m3,water,Consolidated daily report +Utility Consumption & Power saving calculations -Apr 2026.xlsm,Consolidated Utility Readings.,24,Imported from 2026-04 consolidated utility readings
MOEHE HQ / Permanent HQ,KHA-WATER-METER-FOR-B2,2026-04-09,12505,m3,water,Consolidated daily report +Utility Consumption & Power saving calculations -Apr 2026.xlsm,Consolidated Utility Readings.,24,Imported from 2026-04 consolidated utility readings
MOEHE HQ / Permanent HQ,KHA-WATER-METER-FOR-B2,2026-04-10,12513,m3,water,Consolidated daily report +Utility Consumption & Power saving calculations -Apr 2026.xlsm,Consolidated Utility Readings.,24,Imported from 2026-04 consolidated utility readings
MOEHE HQ / Permanent HQ,KHA-WATER-METER-FOR-B2,2026-04-11,12513,m3,water,Consolidated daily report +Utility Consumption & Power saving calculations -Apr 2026.xlsm,Consolidated Utility Readings.,24,Imported from 2026-04 consolidated utility readings
MOEHE HQ / Permanent HQ,KHA-WATER-METER-FOR-B2,2026-04-12,12515,m3,water,Consolidated daily report +Utility Consumption & Power saving calculations -Apr 2026.xlsm,Consolidated Utility Readings.,24,Imported from 2026-04 consolidated utility readings
MOEHE HQ / Permanent HQ,KHA-WATER-METER-FOR-B2,2026-04-13,12524,m3,water,Consolidated daily report +Utility Consumption & Power saving calculations -Apr 2026.xlsm,Consolidated Utility Readings.,24,Imported from 2026-04 consolidated utility readings
MOEHE HQ / Permanent HQ,KHA-WATER-METER-FOR-B2,2026-04-14,12533,m3,water,Consolidated daily report +Utility Consumption & Power saving calculations -Apr 2026.xlsm,Consolidated Utility Readings.,24,Imported from 2026-04 consolidated utility readings
MOEHE HQ / Permanent HQ,KHA-WATER-METER-FOR-B2,2026-04-15,12540,m3,water,Consolidated daily report +Utility Consumption & Power saving calculations -Apr 2026.xlsm,Consolidated Utility Readings.,24,Imported from 2026-04 consolidated utility readings
MOEHE HQ / Permanent HQ,KHA-WATER-METER-FOR-B2,2026-04-16,12548,m3,water,Consolidated daily report +Utility Consumption & Power saving calculations -Apr 2026.xlsm,Consolidated Utility Readings.,24,Imported from 2026-04 consolidated utility readings
MOEHE HQ / Permanent HQ,KHA-WATER-METER-FOR-B2,2026-04-17,12556,m3,water,Consolidated daily report +Utility Consumption & Power saving calculations -Apr 2026.xlsm,Consolidated Utility Readings.,24,Imported from 2026-04 consolidated utility readings
MOEHE HQ / Permanent HQ,KHA-WATER-METER-FOR-B2,2026-04-18,12556,m3,water,Consolidated daily report +Utility Consumption & Power saving calculations -Apr 2026.xlsm,Consolidated Utility Readings.,24,Imported from 2026-04 consolidated utility readings
MOEHE HQ / Permanent HQ,KHA-WATER-METER-FOR-B2,2026-04-19,12558,m3,water,Consolidated daily report +Utility Consumption & Power saving calculations -Apr 2026.xlsm,Consolidated Utility Readings.,24,Imported from 2026-04 consolidated utility readings
MOEHE HQ / Permanent HQ,KHA-WATER-METER-FOR-B2,2026-04-20,12566,m3,water,Consolidated daily report +Utility Consumption & Power saving calculations -Apr 2026.xlsm,Consolidated Utility Readings.,24,Imported from 2026-04 consolidated utility readings
MOEHE HQ / Permanent HQ,KHA-WATER-METER-FOR-B2,2026-04-21,12574,m3,water,Consolidated daily report +Utility Consumption & Power saving calculations -Apr 2026.xlsm,Consolidated Utility Readings.,24,Imported from 2026-04 consolidated utility readings
MOEHE HQ / Permanent HQ,KHA-WATER-METER-FOR-B2,2026-04-22,12582,m3,water,Consolidated daily report +Utility Consumption & Power saving calculations -Apr 2026.xlsm,Consolidated Utility Readings.,24,Imported from 2026-04 consolidated utility readings
MOEHE HQ / Permanent HQ,KHA-WATER-METER-FOR-B2,2026-04-23,12590,m3,water,Consolidated daily report +Utility Consumption & Power saving calculations -Apr 2026.xlsm,Consolidated Utility Readings.,24,Imported from 2026-04 consolidated utility readings
MOEHE HQ / Permanent HQ,KHA-WATER-METER-FOR-B2,2026-04-24,12598,m3,water,Consolidated daily report +Utility Consumption & Power saving calculations -Apr 2026.xlsm,Consolidated Utility Readings.,24,Imported from 2026-04 consolidated utility readings
MOEHE HQ / Permanent HQ,KHA-WATER-METER-FOR-B2,2026-04-25,12598,m3,water,Consolidated daily report +Utility Consumption & Power saving calculations -Apr 2026.xlsm,Consolidated Utility Readings.,24,Imported from 2026-04 consolidated utility readings
MOEHE HQ / Permanent HQ,KHA-WATER-METER-FOR-B2,2026-04-26,12599,m3,water,Consolidated daily report +Utility Consumption & Power saving calculations -Apr 2026.xlsm,Consolidated Utility Readings.,24,Imported from 2026-04 consolidated utility readings
MOEHE HQ / Permanent HQ,KHA-WATER-METER-FOR-B2,2026-04-27,12607,m3,water,Consolidated daily report +Utility Consumption & Power saving calculations -Apr 2026.xlsm,Consolidated Utility Readings.,24,Imported from 2026-04 consolidated utility readings
MOEHE HQ / Permanent HQ,KHA-WATER-METER-FOR-B2,2026-04-28,12615,m3,water,Consolidated daily report +Utility Consumption & Power saving calculations -Apr 2026.xlsm,Consolidated Utility Readings.,24,Imported from 2026-04 consolidated utility readings
MOEHE HQ / Permanent HQ,KHA-WATER-METER-FOR-B2,2026-04-29,12623,m3,water,Consolidated daily report +Utility Consumption & Power saving calculations -Apr 2026.xlsm,Consolidated Utility Readings.,24,Imported from 2026-04 consolidated utility readings
MOEHE HQ / Permanent HQ,KHA-WATER-METER-FOR-B2,2026-04-30,12632,m3,water,Consolidated daily report +Utility Consumption & Power saving calculations -Apr 2026.xlsm,Consolidated Utility Readings.,24,Imported from 2026-04 consolidated utility readings
MOEHE HQ / Permanent HQ,KHA-WATER-METER-FOR-B2,2026-05-01,12640,m3,water,Consolidated daily report +Utility Consumption & Power saving calculations -May 2026.xlsm,Consolidated Utility Readings.,24,Imported from 2026-05 consolidated utility readings
MOEHE HQ / Permanent HQ,KHA-WATER-METER-FOR-B2,2026-05-02,12640,m3,water,Consolidated daily report +Utility Consumption & Power saving calculations -May 2026.xlsm,Consolidated Utility Readings.,24,Imported from 2026-05 consolidated utility readings
MOEHE HQ / Permanent HQ,KHA-WATER-METER-FOR-B2,2026-05-03,12644,m3,water,Consolidated daily report +Utility Consumption & Power saving calculations -May 2026.xlsm,Consolidated Utility Readings.,24,Imported from 2026-05 consolidated utility readings
MOEHE HQ / Permanent HQ,KHA-WATER-METER-FOR-B2,2026-05-04,12655,m3,water,Consolidated daily report +Utility Consumption & Power saving calculations -May 2026.xlsm,Consolidated Utility Readings.,24,Imported from 2026-05 consolidated utility readings
MOEHE HQ / Permanent HQ,KHA-WATER-METER-FOR-B2,2026-05-05,12659,m3,water,Consolidated daily report +Utility Consumption & Power saving calculations -May 2026.xlsm,Consolidated Utility Readings.,24,Imported from 2026-05 consolidated utility readings
MOEHE HQ / Permanent HQ,KHA-WATER-METER-FOR-B2,2026-05-06,12663,m3,water,Consolidated daily report +Utility Consumption & Power saving calculations -May 2026.xlsm,Consolidated Utility Readings.,24,Imported from 2026-05 consolidated utility readings
MOEHE HQ / Permanent HQ,KHA-WATER-METER-FOR-B2,2026-05-07,12684,m3,water,Consolidated daily report +Utility Consumption & Power saving calculations -May 2026.xlsm,Consolidated Utility Readings.,24,Imported from 2026-05 consolidated utility readings
MOEHE HQ / Permanent HQ,KHA-WATER-METER-FOR-B2,2026-05-08,12692,m3,water,Consolidated daily report +Utility Consumption & Power saving calculations -May 2026.xlsm,Consolidated Utility Readings.,24,Imported from 2026-05 consolidated utility readings
MOEHE HQ / Permanent HQ,KHA-WATER-METER-FOR-B2,2026-05-09,12692,m3,water,Consolidated daily report +Utility Consumption & Power saving calculations -May 2026.xlsm,Consolidated Utility Readings.,24,Imported from 2026-05 consolidated utility readings
MOEHE HQ / Permanent HQ,KHA-WATER-METER-FOR-B2,2026-05-10,12699,m3,water,Consolidated daily report +Utility Consumption & Power saving calculations -May 2026.xlsm,Consolidated Utility Readings.,24,Imported from 2026-05 consolidated utility readings
MOEHE HQ / Permanent HQ,KHA-WATER-METER-FOR-B2,2026-05-11,12708,m3,water,Consolidated daily report +Utility Consumption & Power saving calculations -May 2026.xlsm,Consolidated Utility Readings.,24,Imported from 2026-05 consolidated utility readings
MOEHE HQ / Permanent HQ,KHA-WATER-METER-FOR-B2,2026-05-12,12718,m3,water,Consolidated daily report +Utility Consumption & Power saving calculations -May 2026.xlsm,Consolidated Utility Readings.,24,Imported from 2026-05 consolidated utility readings
MOEHE HQ / Permanent HQ,KHA-WATER-METER-FOR-B2,2026-05-13,12719,m3,water,Consolidated daily report +Utility Consumption & Power saving calculations -May 2026.xlsm,Consolidated Utility Readings.,24,Imported from 2026-05 consolidated utility readings
MOEHE HQ / Permanent HQ,KHA-WATER-METER-FOR-B2,2026-05-14,12720,m3,water,Consolidated daily report +Utility Consumption & Power saving calculations -May 2026.xlsm,Consolidated Utility Readings.,24,Imported from 2026-05 consolidated utility readings
MOEHE HQ / Permanent HQ,KHA-WATER-METER-FOR-B2,2026-05-15,12748,m3,water,Consolidated daily report +Utility Consumption & Power saving calculations -May 2026.xlsm,Consolidated Utility Readings.,24,Imported from 2026-05 consolidated utility readings
MOEHE HQ / Permanent HQ,KHA-WATER-METER-FOR-B2,2026-05-16,12748,m3,water,Consolidated daily report +Utility Consumption & Power saving calculations -May 2026.xlsm,Consolidated Utility Readings.,24,Imported from 2026-05 consolidated utility readings
MOEHE HQ / Permanent HQ,KHA-WATER-METER-FOR-B2,2026-05-17,12748,m3,water,Consolidated daily report +Utility Consumption & Power saving calculations -May 2026.xlsm,Consolidated Utility Readings.,24,Imported from 2026-05 consolidated utility readings
MOEHE HQ / Permanent HQ,KHA-WATER-METER-FOR-B2,2026-05-18,12763,m3,water,Consolidated daily report +Utility Consumption & Power saving calculations -May 2026.xlsm,Consolidated Utility Readings.,24,Imported from 2026-05 consolidated utility readings
MOEHE HQ / Permanent HQ,KHA-WATER-METER-FOR-B2,2026-05-19,12783,m3,water,Consolidated daily report +Utility Consumption & Power saving calculations -May 2026.xlsm,Consolidated Utility Readings.,24,Imported from 2026-05 consolidated utility readings
MOEHE HQ / Permanent HQ,KHA-WATER-METER-FOR-B2,2026-05-20,12785,m3,water,Consolidated daily report +Utility Consumption & Power saving calculations -May 2026.xlsm,Consolidated Utility Readings.,24,Imported from 2026-05 consolidated utility readings
MOEHE HQ / Permanent HQ,KHA-WATER-METER-FOR-B2,2026-05-21,12786,m3,water,Consolidated daily report +Utility Consumption & Power saving calculations -May 2026.xlsm,Consolidated Utility Readings.,24,Imported from 2026-05 consolidated utility readings
MOEHE HQ / Permanent HQ,KHA-WATER-METER-FOR-B2,2026-05-22,12786,m3,water,Consolidated daily report +Utility Consumption & Power saving calculations -May 2026.xlsm,Consolidated Utility Readings.,24,Imported from 2026-05 consolidated utility readings
MOEHE HQ / Permanent HQ,KHA-WATER-METER-FOR-B2,2026-05-23,12786,m3,water,Consolidated daily report +Utility Consumption & Power saving calculations -May 2026.xlsm,Consolidated Utility Readings.,24,Imported from 2026-05 consolidated utility readings
MOEHE HQ / Permanent HQ,KHA-WATER-METER-FOR-B2,2026-05-24,12805,m3,water,Consolidated daily report +Utility Consumption & Power saving calculations -May 2026.xlsm,Consolidated Utility Readings.,24,Imported from 2026-05 consolidated utility readings
MOEHE HQ / Permanent HQ,KHA-WATER-METER-FOR-B2,2026-05-25,12813,m3,water,Consolidated daily report +Utility Consumption & Power saving calculations -May 2026.xlsm,Consolidated Utility Readings.,24,Imported from 2026-05 consolidated utility readings
MOEHE HQ / Permanent HQ,KHA-WATER-METER-FOR-B2,2026-05-26,12821,m3,water,Consolidated daily report +Utility Consumption & Power saving calculations -May 2026.xlsm,Consolidated Utility Readings.,24,Imported from 2026-05 consolidated utility readings
MOEHE HQ / Permanent HQ,KHA-WATER-METER-FOR-B2,2026-05-27,12821,m3,water,Consolidated daily report +Utility Consumption & Power saving calculations -May 2026.xlsm,Consolidated Utility Readings.,24,Imported from 2026-05 consolidated utility readings
MOEHE HQ / Permanent HQ,KHA-WATER-METER-FOR-B2,2026-05-28,12821,m3,water,Consolidated daily report +Utility Consumption & Power saving calculations -May 2026.xlsm,Consolidated Utility Readings.,24,Imported from 2026-05 consolidated utility readings
MOEHE HQ / Permanent HQ,KHA-WATER-METER-FOR-B2,2026-05-29,12821,m3,water,Consolidated daily report +Utility Consumption & Power saving calculations -May 2026.xlsm,Consolidated Utility Readings.,24,Imported from 2026-05 consolidated utility readings
MOEHE HQ / Permanent HQ,KHA-WATER-METER-FOR-B2,2026-05-30,12821,m3,water,Consolidated daily report +Utility Consumption & Power saving calculations -May 2026.xlsm,Consolidated Utility Readings.,24,Imported from 2026-05 consolidated utility readings
MOEHE HQ / Permanent HQ,KHA-WATER-METER-FOR-B2,2026-05-31,12822,m3,water,Consolidated daily report +Utility Consumption & Power saving calculations -May 2026.xlsm,Consolidated Utility Readings.,24,Imported from 2026-05 consolidated utility readings
MOEHE HQ / Permanent HQ,KHA-WATER-METER-FOR-B3,2026-03-01,5068,m3,water,Consolidated daily report +Utility Consumption & Power saving calculations -Mar 2026.xlsm,Consolidated Utility Readings.,25,Imported from 2026-03 consolidated utility readings
MOEHE HQ / Permanent HQ,KHA-WATER-METER-FOR-B3,2026-03-02,5068,m3,water,Consolidated daily report +Utility Consumption & Power saving calculations -Mar 2026.xlsm,Consolidated Utility Readings.,25,Imported from 2026-03 consolidated utility readings
MOEHE HQ / Permanent HQ,KHA-WATER-METER-FOR-B3,2026-03-03,5068,m3,water,Consolidated daily report +Utility Consumption & Power saving calculations -Mar 2026.xlsm,Consolidated Utility Readings.,25,Imported from 2026-03 consolidated utility readings
MOEHE HQ / Permanent HQ,KHA-WATER-METER-FOR-B3,2026-03-04,5068,m3,water,Consolidated daily report +Utility Consumption & Power saving calculations -Mar 2026.xlsm,Consolidated Utility Readings.,25,Imported from 2026-03 consolidated utility readings
MOEHE HQ / Permanent HQ,KHA-WATER-METER-FOR-B3,2026-03-05,5068,m3,water,Consolidated daily report +Utility Consumption & Power saving calculations -Mar 2026.xlsm,Consolidated Utility Readings.,25,Imported from 2026-03 consolidated utility readings
MOEHE HQ / Permanent HQ,KHA-WATER-METER-FOR-B3,2026-03-06,5068,m3,water,Consolidated daily report +Utility Consumption & Power saving calculations -Mar 2026.xlsm,Consolidated Utility Readings.,25,Imported from 2026-03 consolidated utility readings
MOEHE HQ / Permanent HQ,KHA-WATER-METER-FOR-B3,2026-03-07,5068,m3,water,Consolidated daily report +Utility Consumption & Power saving calculations -Mar 2026.xlsm,Consolidated Utility Readings.,25,Imported from 2026-03 consolidated utility readings
MOEHE HQ / Permanent HQ,KHA-WATER-METER-FOR-B3,2026-03-08,5069,m3,water,Consolidated daily report +Utility Consumption & Power saving calculations -Mar 2026.xlsm,Consolidated Utility Readings.,25,Imported from 2026-03 consolidated utility readings
MOEHE HQ / Permanent HQ,KHA-WATER-METER-FOR-B3,2026-03-09,5069,m3,water,Consolidated daily report +Utility Consumption & Power saving calculations -Mar 2026.xlsm,Consolidated Utility Readings.,25,Imported from 2026-03 consolidated utility readings
MOEHE HQ / Permanent HQ,KHA-WATER-METER-FOR-B3,2026-03-10,5069,m3,water,Consolidated daily report +Utility Consumption & Power saving calculations -Mar 2026.xlsm,Consolidated Utility Readings.,25,Imported from 2026-03 consolidated utility readings
MOEHE HQ / Permanent HQ,KHA-WATER-METER-FOR-B3,2026-03-11,5069,m3,water,Consolidated daily report +Utility Consumption & Power saving calculations -Mar 2026.xlsm,Consolidated Utility Readings.,25,Imported from 2026-03 consolidated utility readings
MOEHE HQ / Permanent HQ,KHA-WATER-METER-FOR-B3,2026-03-12,5069,m3,water,Consolidated daily report +Utility Consumption & Power saving calculations -Mar 2026.xlsm,Consolidated Utility Readings.,25,Imported from 2026-03 consolidated utility readings
MOEHE HQ / Permanent HQ,KHA-WATER-METER-FOR-B3,2026-03-13,5070,m3,water,Consolidated daily report +Utility Consumption & Power saving calculations -Mar 2026.xlsm,Consolidated Utility Readings.,25,Imported from 2026-03 consolidated utility readings
MOEHE HQ / Permanent HQ,KHA-WATER-METER-FOR-B3,2026-03-14,5070,m3,water,Consolidated daily report +Utility Consumption & Power saving calculations -Mar 2026.xlsm,Consolidated Utility Readings.,25,Imported from 2026-03 consolidated utility readings
MOEHE HQ / Permanent HQ,KHA-WATER-METER-FOR-B3,2026-03-15,5070,m3,water,Consolidated daily report +Utility Consumption & Power saving calculations -Mar 2026.xlsm,Consolidated Utility Readings.,25,Imported from 2026-03 consolidated utility readings
MOEHE HQ / Permanent HQ,KHA-WATER-METER-FOR-B3,2026-03-16,5070,m3,water,Consolidated daily report +Utility Consumption & Power saving calculations -Mar 2026.xlsm,Consolidated Utility Readings.,25,Imported from 2026-03 consolidated utility readings
MOEHE HQ / Permanent HQ,KHA-WATER-METER-FOR-B3,2026-03-17,5070,m3,water,Consolidated daily report +Utility Consumption & Power saving calculations -Mar 2026.xlsm,Consolidated Utility Readings.,25,Imported from 2026-03 consolidated utility readings
MOEHE HQ / Permanent HQ,KHA-WATER-METER-FOR-B3,2026-03-18,5070,m3,water,Consolidated daily report +Utility Consumption & Power saving calculations -Mar 2026.xlsm,Consolidated Utility Readings.,25,Imported from 2026-03 consolidated utility readings
MOEHE HQ / Permanent HQ,KHA-WATER-METER-FOR-B3,2026-03-19,5070,m3,water,Consolidated daily report +Utility Consumption & Power saving calculations -Mar 2026.xlsm,Consolidated Utility Readings.,25,Imported from 2026-03 consolidated utility readings
MOEHE HQ / Permanent HQ,KHA-WATER-METER-FOR-B3,2026-03-20,5070,m3,water,Consolidated daily report +Utility Consumption & Power saving calculations -Mar 2026.xlsm,Consolidated Utility Readings.,25,Imported from 2026-03 consolidated utility readings
MOEHE HQ / Permanent HQ,KHA-WATER-METER-FOR-B3,2026-03-21,5070,m3,water,Consolidated daily report +Utility Consumption & Power saving calculations -Mar 2026.xlsm,Consolidated Utility Readings.,25,Imported from 2026-03 consolidated utility readings
MOEHE HQ / Permanent HQ,KHA-WATER-METER-FOR-B3,2026-03-22,5070,m3,water,Consolidated daily report +Utility Consumption & Power saving calculations -Mar 2026.xlsm,Consolidated Utility Readings.,25,Imported from 2026-03 consolidated utility readings
MOEHE HQ / Permanent HQ,KHA-WATER-METER-FOR-B3,2026-03-23,5077,m3,water,Consolidated daily report +Utility Consumption & Power saving calculations -Mar 2026.xlsm,Consolidated Utility Readings.,25,Imported from 2026-03 consolidated utility readings
MOEHE HQ / Permanent HQ,KHA-WATER-METER-FOR-B3,2026-03-24,5079,m3,water,Consolidated daily report +Utility Consumption & Power saving calculations -Mar 2026.xlsm,Consolidated Utility Readings.,25,Imported from 2026-03 consolidated utility readings
MOEHE HQ / Permanent HQ,KHA-WATER-METER-FOR-B3,2026-03-25,5080,m3,water,Consolidated daily report +Utility Consumption & Power saving calculations -Mar 2026.xlsm,Consolidated Utility Readings.,25,Imported from 2026-03 consolidated utility readings
MOEHE HQ / Permanent HQ,KHA-WATER-METER-FOR-B3,2026-03-26,5084,m3,water,Consolidated daily report +Utility Consumption & Power saving calculations -Mar 2026.xlsm,Consolidated Utility Readings.,25,Imported from 2026-03 consolidated utility readings
MOEHE HQ / Permanent HQ,KHA-WATER-METER-FOR-B3,2026-03-27,5087,m3,water,Consolidated daily report +Utility Consumption & Power saving calculations -Mar 2026.xlsm,Consolidated Utility Readings.,25,Imported from 2026-03 consolidated utility readings
MOEHE HQ / Permanent HQ,KHA-WATER-METER-FOR-B3,2026-03-28,5088,m3,water,Consolidated daily report +Utility Consumption & Power saving calculations -Mar 2026.xlsm,Consolidated Utility Readings.,25,Imported from 2026-03 consolidated utility readings
MOEHE HQ / Permanent HQ,KHA-WATER-METER-FOR-B3,2026-03-29,5088,m3,water,Consolidated daily report +Utility Consumption & Power saving calculations -Mar 2026.xlsm,Consolidated Utility Readings.,25,Imported from 2026-03 consolidated utility readings
MOEHE HQ / Permanent HQ,KHA-WATER-METER-FOR-B3,2026-03-30,5093,m3,water,Consolidated daily report +Utility Consumption & Power saving calculations -Mar 2026.xlsm,Consolidated Utility Readings.,25,Imported from 2026-03 consolidated utility readings
MOEHE HQ / Permanent HQ,KHA-WATER-METER-FOR-B3,2026-03-31,5097,m3,water,Consolidated daily report +Utility Consumption & Power saving calculations -Mar 2026.xlsm,Consolidated Utility Readings.,25,Imported from 2026-03 consolidated utility readings
MOEHE HQ / Permanent HQ,KHA-WATER-METER-FOR-B3,2026-04-01,5101,m3,water,Consolidated daily report +Utility Consumption & Power saving calculations -Apr 2026.xlsm,Consolidated Utility Readings.,25,Imported from 2026-04 consolidated utility readings
MOEHE HQ / Permanent HQ,KHA-WATER-METER-FOR-B3,2026-04-02,5107,m3,water,Consolidated daily report +Utility Consumption & Power saving calculations -Apr 2026.xlsm,Consolidated Utility Readings.,25,Imported from 2026-04 consolidated utility readings
MOEHE HQ / Permanent HQ,KHA-WATER-METER-FOR-B3,2026-04-03,5110,m3,water,Consolidated daily report +Utility Consumption & Power saving calculations -Apr 2026.xlsm,Consolidated Utility Readings.,25,Imported from 2026-04 consolidated utility readings
MOEHE HQ / Permanent HQ,KHA-WATER-METER-FOR-B3,2026-04-04,5110,m3,water,Consolidated daily report +Utility Consumption & Power saving calculations -Apr 2026.xlsm,Consolidated Utility Readings.,25,Imported from 2026-04 consolidated utility readings
MOEHE HQ / Permanent HQ,KHA-WATER-METER-FOR-B3,2026-04-05,5111,m3,water,Consolidated daily report +Utility Consumption & Power saving calculations -Apr 2026.xlsm,Consolidated Utility Readings.,25,Imported from 2026-04 consolidated utility readings
MOEHE HQ / Permanent HQ,KHA-WATER-METER-FOR-B3,2026-04-06,5116,m3,water,Consolidated daily report +Utility Consumption & Power saving calculations -Apr 2026.xlsm,Consolidated Utility Readings.,25,Imported from 2026-04 consolidated utility readings
MOEHE HQ / Permanent HQ,KHA-WATER-METER-FOR-B3,2026-04-07,5121,m3,water,Consolidated daily report +Utility Consumption & Power saving calculations -Apr 2026.xlsm,Consolidated Utility Readings.,25,Imported from 2026-04 consolidated utility readings
MOEHE HQ / Permanent HQ,KHA-WATER-METER-FOR-B3,2026-04-08,5127,m3,water,Consolidated daily report +Utility Consumption & Power saving calculations -Apr 2026.xlsm,Consolidated Utility Readings.,25,Imported from 2026-04 consolidated utility readings
MOEHE HQ / Permanent HQ,KHA-WATER-METER-FOR-B3,2026-04-09,5131,m3,water,Consolidated daily report +Utility Consumption & Power saving calculations -Apr 2026.xlsm,Consolidated Utility Readings.,25,Imported from 2026-04 consolidated utility readings
MOEHE HQ / Permanent HQ,KHA-WATER-METER-FOR-B3,2026-04-10,5136,m3,water,Consolidated daily report +Utility Consumption & Power saving calculations -Apr 2026.xlsm,Consolidated Utility Readings.,25,Imported from 2026-04 consolidated utility readings
MOEHE HQ / Permanent HQ,KHA-WATER-METER-FOR-B3,2026-04-11,5136,m3,water,Consolidated daily report +Utility Consumption & Power saving calculations -Apr 2026.xlsm,Consolidated Utility Readings.,25,Imported from 2026-04 consolidated utility readings
MOEHE HQ / Permanent HQ,KHA-WATER-METER-FOR-B3,2026-04-12,5137,m3,water,Consolidated daily report +Utility Consumption & Power saving calculations -Apr 2026.xlsm,Consolidated Utility Readings.,25,Imported from 2026-04 consolidated utility readings
MOEHE HQ / Permanent HQ,KHA-WATER-METER-FOR-B3,2026-04-13,5143,m3,water,Consolidated daily report +Utility Consumption & Power saving calculations -Apr 2026.xlsm,Consolidated Utility Readings.,25,Imported from 2026-04 consolidated utility readings
MOEHE HQ / Permanent HQ,KHA-WATER-METER-FOR-B3,2026-04-14,5149,m3,water,Consolidated daily report +Utility Consumption & Power saving calculations -Apr 2026.xlsm,Consolidated Utility Readings.,25,Imported from 2026-04 consolidated utility readings
MOEHE HQ / Permanent HQ,KHA-WATER-METER-FOR-B3,2026-04-15,5154,m3,water,Consolidated daily report +Utility Consumption & Power saving calculations -Apr 2026.xlsm,Consolidated Utility Readings.,25,Imported from 2026-04 consolidated utility readings
MOEHE HQ / Permanent HQ,KHA-WATER-METER-FOR-B3,2026-04-16,5166,m3,water,Consolidated daily report +Utility Consumption & Power saving calculations -Apr 2026.xlsm,Consolidated Utility Readings.,25,Imported from 2026-04 consolidated utility readings
MOEHE HQ / Permanent HQ,KHA-WATER-METER-FOR-B3,2026-04-17,5172,m3,water,Consolidated daily report +Utility Consumption & Power saving calculations -Apr 2026.xlsm,Consolidated Utility Readings.,25,Imported from 2026-04 consolidated utility readings
MOEHE HQ / Permanent HQ,KHA-WATER-METER-FOR-B3,2026-04-18,5172,m3,water,Consolidated daily report +Utility Consumption & Power saving calculations -Apr 2026.xlsm,Consolidated Utility Readings.,25,Imported from 2026-04 consolidated utility readings
MOEHE HQ / Permanent HQ,KHA-WATER-METER-FOR-B3,2026-04-19,5172,m3,water,Consolidated daily report +Utility Consumption & Power saving calculations -Apr 2026.xlsm,Consolidated Utility Readings.,25,Imported from 2026-04 consolidated utility readings
MOEHE HQ / Permanent HQ,KHA-WATER-METER-FOR-B3,2026-04-20,5179,m3,water,Consolidated daily report +Utility Consumption & Power saving calculations -Apr 2026.xlsm,Consolidated Utility Readings.,25,Imported from 2026-04 consolidated utility readings
MOEHE HQ / Permanent HQ,KHA-WATER-METER-FOR-B3,2026-04-21,5185,m3,water,Consolidated daily report +Utility Consumption & Power saving calculations -Apr 2026.xlsm,Consolidated Utility Readings.,25,Imported from 2026-04 consolidated utility readings
MOEHE HQ / Permanent HQ,KHA-WATER-METER-FOR-B3,2026-04-22,5191,m3,water,Consolidated daily report +Utility Consumption & Power saving calculations -Apr 2026.xlsm,Consolidated Utility Readings.,25,Imported from 2026-04 consolidated utility readings
MOEHE HQ / Permanent HQ,KHA-WATER-METER-FOR-B3,2026-04-23,5197,m3,water,Consolidated daily report +Utility Consumption & Power saving calculations -Apr 2026.xlsm,Consolidated Utility Readings.,25,Imported from 2026-04 consolidated utility readings
MOEHE HQ / Permanent HQ,KHA-WATER-METER-FOR-B3,2026-04-24,5203,m3,water,Consolidated daily report +Utility Consumption & Power saving calculations -Apr 2026.xlsm,Consolidated Utility Readings.,25,Imported from 2026-04 consolidated utility readings
MOEHE HQ / Permanent HQ,KHA-WATER-METER-FOR-B3,2026-04-25,5203,m3,water,Consolidated daily report +Utility Consumption & Power saving calculations -Apr 2026.xlsm,Consolidated Utility Readings.,25,Imported from 2026-04 consolidated utility readings
MOEHE HQ / Permanent HQ,KHA-WATER-METER-FOR-B3,2026-04-26,5204,m3,water,Consolidated daily report +Utility Consumption & Power saving calculations -Apr 2026.xlsm,Consolidated Utility Readings.,25,Imported from 2026-04 consolidated utility readings
MOEHE HQ / Permanent HQ,KHA-WATER-METER-FOR-B3,2026-04-27,5210,m3,water,Consolidated daily report +Utility Consumption & Power saving calculations -Apr 2026.xlsm,Consolidated Utility Readings.,25,Imported from 2026-04 consolidated utility readings
MOEHE HQ / Permanent HQ,KHA-WATER-METER-FOR-B3,2026-04-28,5214,m3,water,Consolidated daily report +Utility Consumption & Power saving calculations -Apr 2026.xlsm,Consolidated Utility Readings.,25,Imported from 2026-04 consolidated utility readings
MOEHE HQ / Permanent HQ,KHA-WATER-METER-FOR-B3,2026-04-29,5219,m3,water,Consolidated daily report +Utility Consumption & Power saving calculations -Apr 2026.xlsm,Consolidated Utility Readings.,25,Imported from 2026-04 consolidated utility readings
MOEHE HQ / Permanent HQ,KHA-WATER-METER-FOR-B3,2026-04-30,5228,m3,water,Consolidated daily report +Utility Consumption & Power saving calculations -Apr 2026.xlsm,Consolidated Utility Readings.,25,Imported from 2026-04 consolidated utility readings
MOEHE HQ / Permanent HQ,KHA-WATER-METER-FOR-B3,2026-05-01,5232,m3,water,Consolidated daily report +Utility Consumption & Power saving calculations -May 2026.xlsm,Consolidated Utility Readings.,25,Imported from 2026-05 consolidated utility readings
MOEHE HQ / Permanent HQ,KHA-WATER-METER-FOR-B3,2026-05-02,5232,m3,water,Consolidated daily report +Utility Consumption & Power saving calculations -May 2026.xlsm,Consolidated Utility Readings.,25,Imported from 2026-05 consolidated utility readings
MOEHE HQ / Permanent HQ,KHA-WATER-METER-FOR-B3,2026-05-03,5233,m3,water,Consolidated daily report +Utility Consumption & Power saving calculations -May 2026.xlsm,Consolidated Utility Readings.,25,Imported from 2026-05 consolidated utility readings
MOEHE HQ / Permanent HQ,KHA-WATER-METER-FOR-B3,2026-05-04,5240,m3,water,Consolidated daily report +Utility Consumption & Power saving calculations -May 2026.xlsm,Consolidated Utility Readings.,25,Imported from 2026-05 consolidated utility readings
MOEHE HQ / Permanent HQ,KHA-WATER-METER-FOR-B3,2026-05-05,5243,m3,water,Consolidated daily report +Utility Consumption & Power saving calculations -May 2026.xlsm,Consolidated Utility Readings.,25,Imported from 2026-05 consolidated utility readings
MOEHE HQ / Permanent HQ,KHA-WATER-METER-FOR-B3,2026-05-06,5245,m3,water,Consolidated daily report +Utility Consumption & Power saving calculations -May 2026.xlsm,Consolidated Utility Readings.,25,Imported from 2026-05 consolidated utility readings
MOEHE HQ / Permanent HQ,KHA-WATER-METER-FOR-B3,2026-05-07,5257,m3,water,Consolidated daily report +Utility Consumption & Power saving calculations -May 2026.xlsm,Consolidated Utility Readings.,25,Imported from 2026-05 consolidated utility readings
MOEHE HQ / Permanent HQ,KHA-WATER-METER-FOR-B3,2026-05-08,5261,m3,water,Consolidated daily report +Utility Consumption & Power saving calculations -May 2026.xlsm,Consolidated Utility Readings.,25,Imported from 2026-05 consolidated utility readings
MOEHE HQ / Permanent HQ,KHA-WATER-METER-FOR-B3,2026-05-09,5262,m3,water,Consolidated daily report +Utility Consumption & Power saving calculations -May 2026.xlsm,Consolidated Utility Readings.,25,Imported from 2026-05 consolidated utility readings
MOEHE HQ / Permanent HQ,KHA-WATER-METER-FOR-B3,2026-05-10,5263,m3,water,Consolidated daily report +Utility Consumption & Power saving calculations -May 2026.xlsm,Consolidated Utility Readings.,25,Imported from 2026-05 consolidated utility readings
MOEHE HQ / Permanent HQ,KHA-WATER-METER-FOR-B3,2026-05-11,5269,m3,water,Consolidated daily report +Utility Consumption & Power saving calculations -May 2026.xlsm,Consolidated Utility Readings.,25,Imported from 2026-05 consolidated utility readings
MOEHE HQ / Permanent HQ,KHA-WATER-METER-FOR-B3,2026-05-12,5274,m3,water,Consolidated daily report +Utility Consumption & Power saving calculations -May 2026.xlsm,Consolidated Utility Readings.,25,Imported from 2026-05 consolidated utility readings
MOEHE HQ / Permanent HQ,KHA-WATER-METER-FOR-B3,2026-05-13,5276,m3,water,Consolidated daily report +Utility Consumption & Power saving calculations -May 2026.xlsm,Consolidated Utility Readings.,25,Imported from 2026-05 consolidated utility readings
MOEHE HQ / Permanent HQ,KHA-WATER-METER-FOR-B3,2026-05-14,5279,m3,water,Consolidated daily report +Utility Consumption & Power saving calculations -May 2026.xlsm,Consolidated Utility Readings.,25,Imported from 2026-05 consolidated utility readings
MOEHE HQ / Permanent HQ,KHA-WATER-METER-FOR-B3,2026-05-15,5288,m3,water,Consolidated daily report +Utility Consumption & Power saving calculations -May 2026.xlsm,Consolidated Utility Readings.,25,Imported from 2026-05 consolidated utility readings
MOEHE HQ / Permanent HQ,KHA-WATER-METER-FOR-B3,2026-05-16,5288,m3,water,Consolidated daily report +Utility Consumption & Power saving calculations -May 2026.xlsm,Consolidated Utility Readings.,25,Imported from 2026-05 consolidated utility readings
MOEHE HQ / Permanent HQ,KHA-WATER-METER-FOR-B3,2026-05-17,5288,m3,water,Consolidated daily report +Utility Consumption & Power saving calculations -May 2026.xlsm,Consolidated Utility Readings.,25,Imported from 2026-05 consolidated utility readings
MOEHE HQ / Permanent HQ,KHA-WATER-METER-FOR-B3,2026-05-18,5298,m3,water,Consolidated daily report +Utility Consumption & Power saving calculations -May 2026.xlsm,Consolidated Utility Readings.,25,Imported from 2026-05 consolidated utility readings
MOEHE HQ / Permanent HQ,KHA-WATER-METER-FOR-B3,2026-05-19,5308,m3,water,Consolidated daily report +Utility Consumption & Power saving calculations -May 2026.xlsm,Consolidated Utility Readings.,25,Imported from 2026-05 consolidated utility readings
MOEHE HQ / Permanent HQ,KHA-WATER-METER-FOR-B3,2026-05-20,5310,m3,water,Consolidated daily report +Utility Consumption & Power saving calculations -May 2026.xlsm,Consolidated Utility Readings.,25,Imported from 2026-05 consolidated utility readings
MOEHE HQ / Permanent HQ,KHA-WATER-METER-FOR-B3,2026-05-21,5312,m3,water,Consolidated daily report +Utility Consumption & Power saving calculations -May 2026.xlsm,Consolidated Utility Readings.,25,Imported from 2026-05 consolidated utility readings
MOEHE HQ / Permanent HQ,KHA-WATER-METER-FOR-B3,2026-05-22,5312,m3,water,Consolidated daily report +Utility Consumption & Power saving calculations -May 2026.xlsm,Consolidated Utility Readings.,25,Imported from 2026-05 consolidated utility readings
MOEHE HQ / Permanent HQ,KHA-WATER-METER-FOR-B3,2026-05-23,5312,m3,water,Consolidated daily report +Utility Consumption & Power saving calculations -May 2026.xlsm,Consolidated Utility Readings.,25,Imported from 2026-05 consolidated utility readings
MOEHE HQ / Permanent HQ,KHA-WATER-METER-FOR-B3,2026-05-24,5316,m3,water,Consolidated daily report +Utility Consumption & Power saving calculations -May 2026.xlsm,Consolidated Utility Readings.,25,Imported from 2026-05 consolidated utility readings
MOEHE HQ / Permanent HQ,KHA-WATER-METER-FOR-B3,2026-05-25,5319,m3,water,Consolidated daily report +Utility Consumption & Power saving calculations -May 2026.xlsm,Consolidated Utility Readings.,25,Imported from 2026-05 consolidated utility readings
MOEHE HQ / Permanent HQ,KHA-WATER-METER-FOR-B3,2026-05-26,5322,m3,water,Consolidated daily report +Utility Consumption & Power saving calculations -May 2026.xlsm,Consolidated Utility Readings.,25,Imported from 2026-05 consolidated utility readings
MOEHE HQ / Permanent HQ,KHA-WATER-METER-FOR-B3,2026-05-27,5322,m3,water,Consolidated daily report +Utility Consumption & Power saving calculations -May 2026.xlsm,Consolidated Utility Readings.,25,Imported from 2026-05 consolidated utility readings
MOEHE HQ / Permanent HQ,KHA-WATER-METER-FOR-B3,2026-05-28,5322,m3,water,Consolidated daily report +Utility Consumption & Power saving calculations -May 2026.xlsm,Consolidated Utility Readings.,25,Imported from 2026-05 consolidated utility readings
MOEHE HQ / Permanent HQ,KHA-WATER-METER-FOR-B3,2026-05-29,5322,m3,water,Consolidated daily report +Utility Consumption & Power saving calculations -May 2026.xlsm,Consolidated Utility Readings.,25,Imported from 2026-05 consolidated utility readings
MOEHE HQ / Permanent HQ,KHA-WATER-METER-FOR-B3,2026-05-30,5322,m3,water,Consolidated daily report +Utility Consumption & Power saving calculations -May 2026.xlsm,Consolidated Utility Readings.,25,Imported from 2026-05 consolidated utility readings
MOEHE HQ / Permanent HQ,KHA-WATER-METER-FOR-B3,2026-05-31,5327,m3,water,Consolidated daily report +Utility Consumption & Power saving calculations -May 2026.xlsm,Consolidated Utility Readings.,25,Imported from 2026-05 consolidated utility readings
MOEHE HQ / Permanent HQ,KHA-WATER-METER-FOR-B4,2026-03-01,3185,m3,water,Consolidated daily report +Utility Consumption & Power saving calculations -Mar 2026.xlsm,Consolidated Utility Readings.,26,Imported from 2026-03 consolidated utility readings
MOEHE HQ / Permanent HQ,KHA-WATER-METER-FOR-B4,2026-03-02,3185,m3,water,Consolidated daily report +Utility Consumption & Power saving calculations -Mar 2026.xlsm,Consolidated Utility Readings.,26,Imported from 2026-03 consolidated utility readings
MOEHE HQ / Permanent HQ,KHA-WATER-METER-FOR-B4,2026-03-03,3185,m3,water,Consolidated daily report +Utility Consumption & Power saving calculations -Mar 2026.xlsm,Consolidated Utility Readings.,26,Imported from 2026-03 consolidated utility readings
MOEHE HQ / Permanent HQ,KHA-WATER-METER-FOR-B4,2026-03-04,3185,m3,water,Consolidated daily report +Utility Consumption & Power saving calculations -Mar 2026.xlsm,Consolidated Utility Readings.,26,Imported from 2026-03 consolidated utility readings
MOEHE HQ / Permanent HQ,KHA-WATER-METER-FOR-B4,2026-03-05,3185,m3,water,Consolidated daily report +Utility Consumption & Power saving calculations -Mar 2026.xlsm,Consolidated Utility Readings.,26,Imported from 2026-03 consolidated utility readings
MOEHE HQ / Permanent HQ,KHA-WATER-METER-FOR-B4,2026-03-06,3186,m3,water,Consolidated daily report +Utility Consumption & Power saving calculations -Mar 2026.xlsm,Consolidated Utility Readings.,26,Imported from 2026-03 consolidated utility readings
MOEHE HQ / Permanent HQ,KHA-WATER-METER-FOR-B4,2026-03-07,3186,m3,water,Consolidated daily report +Utility Consumption & Power saving calculations -Mar 2026.xlsm,Consolidated Utility Readings.,26,Imported from 2026-03 consolidated utility readings
MOEHE HQ / Permanent HQ,KHA-WATER-METER-FOR-B4,2026-03-08,3186,m3,water,Consolidated daily report +Utility Consumption & Power saving calculations -Mar 2026.xlsm,Consolidated Utility Readings.,26,Imported from 2026-03 consolidated utility readings
MOEHE HQ / Permanent HQ,KHA-WATER-METER-FOR-B4,2026-03-09,3186,m3,water,Consolidated daily report +Utility Consumption & Power saving calculations -Mar 2026.xlsm,Consolidated Utility Readings.,26,Imported from 2026-03 consolidated utility readings
MOEHE HQ / Permanent HQ,KHA-WATER-METER-FOR-B4,2026-03-10,3186,m3,water,Consolidated daily report +Utility Consumption & Power saving calculations -Mar 2026.xlsm,Consolidated Utility Readings.,26,Imported from 2026-03 consolidated utility readings
MOEHE HQ / Permanent HQ,KHA-WATER-METER-FOR-B4,2026-03-11,3187,m3,water,Consolidated daily report +Utility Consumption & Power saving calculations -Mar 2026.xlsm,Consolidated Utility Readings.,26,Imported from 2026-03 consolidated utility readings
MOEHE HQ / Permanent HQ,KHA-WATER-METER-FOR-B4,2026-03-12,3187,m3,water,Consolidated daily report +Utility Consumption & Power saving calculations -Mar 2026.xlsm,Consolidated Utility Readings.,26,Imported from 2026-03 consolidated utility readings
MOEHE HQ / Permanent HQ,KHA-WATER-METER-FOR-B4,2026-03-13,3187,m3,water,Consolidated daily report +Utility Consumption & Power saving calculations -Mar 2026.xlsm,Consolidated Utility Readings.,26,Imported from 2026-03 consolidated utility readings
MOEHE HQ / Permanent HQ,KHA-WATER-METER-FOR-B4,2026-03-14,3187,m3,water,Consolidated daily report +Utility Consumption & Power saving calculations -Mar 2026.xlsm,Consolidated Utility Readings.,26,Imported from 2026-03 consolidated utility readings
MOEHE HQ / Permanent HQ,KHA-WATER-METER-FOR-B4,2026-03-15,3188,m3,water,Consolidated daily report +Utility Consumption & Power saving calculations -Mar 2026.xlsm,Consolidated Utility Readings.,26,Imported from 2026-03 consolidated utility readings
MOEHE HQ / Permanent HQ,KHA-WATER-METER-FOR-B4,2026-03-16,3188,m3,water,Consolidated daily report +Utility Consumption & Power saving calculations -Mar 2026.xlsm,Consolidated Utility Readings.,26,Imported from 2026-03 consolidated utility readings
MOEHE HQ / Permanent HQ,KHA-WATER-METER-FOR-B4,2026-03-17,3188,m3,water,Consolidated daily report +Utility Consumption & Power saving calculations -Mar 2026.xlsm,Consolidated Utility Readings.,26,Imported from 2026-03 consolidated utility readings
MOEHE HQ / Permanent HQ,KHA-WATER-METER-FOR-B4,2026-03-18,3189,m3,water,Consolidated daily report +Utility Consumption & Power saving calculations -Mar 2026.xlsm,Consolidated Utility Readings.,26,Imported from 2026-03 consolidated utility readings
MOEHE HQ / Permanent HQ,KHA-WATER-METER-FOR-B4,2026-03-19,3189,m3,water,Consolidated daily report +Utility Consumption & Power saving calculations -Mar 2026.xlsm,Consolidated Utility Readings.,26,Imported from 2026-03 consolidated utility readings
MOEHE HQ / Permanent HQ,KHA-WATER-METER-FOR-B4,2026-03-20,3189,m3,water,Consolidated daily report +Utility Consumption & Power saving calculations -Mar 2026.xlsm,Consolidated Utility Readings.,26,Imported from 2026-03 consolidated utility readings
MOEHE HQ / Permanent HQ,KHA-WATER-METER-FOR-B4,2026-03-21,3189,m3,water,Consolidated daily report +Utility Consumption & Power saving calculations -Mar 2026.xlsm,Consolidated Utility Readings.,26,Imported from 2026-03 consolidated utility readings
MOEHE HQ / Permanent HQ,KHA-WATER-METER-FOR-B4,2026-03-22,3189,m3,water,Consolidated daily report +Utility Consumption & Power saving calculations -Mar 2026.xlsm,Consolidated Utility Readings.,26,Imported from 2026-03 consolidated utility readings
MOEHE HQ / Permanent HQ,KHA-WATER-METER-FOR-B4,2026-03-23,3189,m3,water,Consolidated daily report +Utility Consumption & Power saving calculations -Mar 2026.xlsm,Consolidated Utility Readings.,26,Imported from 2026-03 consolidated utility readings
MOEHE HQ / Permanent HQ,KHA-WATER-METER-FOR-B4,2026-03-24,3193,m3,water,Consolidated daily report +Utility Consumption & Power saving calculations -Mar 2026.xlsm,Consolidated Utility Readings.,26,Imported from 2026-03 consolidated utility readings
MOEHE HQ / Permanent HQ,KHA-WATER-METER-FOR-B4,2026-03-25,3195,m3,water,Consolidated daily report +Utility Consumption & Power saving calculations -Mar 2026.xlsm,Consolidated Utility Readings.,26,Imported from 2026-03 consolidated utility readings
MOEHE HQ / Permanent HQ,KHA-WATER-METER-FOR-B4,2026-03-26,3197,m3,water,Consolidated daily report +Utility Consumption & Power saving calculations -Mar 2026.xlsm,Consolidated Utility Readings.,26,Imported from 2026-03 consolidated utility readings
MOEHE HQ / Permanent HQ,KHA-WATER-METER-FOR-B4,2026-03-27,3201,m3,water,Consolidated daily report +Utility Consumption & Power saving calculations -Mar 2026.xlsm,Consolidated Utility Readings.,26,Imported from 2026-03 consolidated utility readings
MOEHE HQ / Permanent HQ,KHA-WATER-METER-FOR-B4,2026-03-28,3203,m3,water,Consolidated daily report +Utility Consumption & Power saving calculations -Mar 2026.xlsm,Consolidated Utility Readings.,26,Imported from 2026-03 consolidated utility readings
MOEHE HQ / Permanent HQ,KHA-WATER-METER-FOR-B4,2026-03-29,3206,m3,water,Consolidated daily report +Utility Consumption & Power saving calculations -Mar 2026.xlsm,Consolidated Utility Readings.,26,Imported from 2026-03 consolidated utility readings
MOEHE HQ / Permanent HQ,KHA-WATER-METER-FOR-B4,2026-03-30,3212,m3,water,Consolidated daily report +Utility Consumption & Power saving calculations -Mar 2026.xlsm,Consolidated Utility Readings.,26,Imported from 2026-03 consolidated utility readings
MOEHE HQ / Permanent HQ,KHA-WATER-METER-FOR-B4,2026-03-31,3216,m3,water,Consolidated daily report +Utility Consumption & Power saving calculations -Mar 2026.xlsm,Consolidated Utility Readings.,26,Imported from 2026-03 consolidated utility readings
MOEHE HQ / Permanent HQ,KHA-WATER-METER-FOR-B4,2026-04-01,3219,m3,water,Consolidated daily report +Utility Consumption & Power saving calculations -Apr 2026.xlsm,Consolidated Utility Readings.,26,Imported from 2026-04 consolidated utility readings
MOEHE HQ / Permanent HQ,KHA-WATER-METER-FOR-B4,2026-04-02,3222,m3,water,Consolidated daily report +Utility Consumption & Power saving calculations -Apr 2026.xlsm,Consolidated Utility Readings.,26,Imported from 2026-04 consolidated utility readings
MOEHE HQ / Permanent HQ,KHA-WATER-METER-FOR-B4,2026-04-03,3225,m3,water,Consolidated daily report +Utility Consumption & Power saving calculations -Apr 2026.xlsm,Consolidated Utility Readings.,26,Imported from 2026-04 consolidated utility readings
MOEHE HQ / Permanent HQ,KHA-WATER-METER-FOR-B4,2026-04-04,3225,m3,water,Consolidated daily report +Utility Consumption & Power saving calculations -Apr 2026.xlsm,Consolidated Utility Readings.,26,Imported from 2026-04 consolidated utility readings
MOEHE HQ / Permanent HQ,KHA-WATER-METER-FOR-B4,2026-04-05,3227,m3,water,Consolidated daily report +Utility Consumption & Power saving calculations -Apr 2026.xlsm,Consolidated Utility Readings.,26,Imported from 2026-04 consolidated utility readings
MOEHE HQ / Permanent HQ,KHA-WATER-METER-FOR-B4,2026-04-06,3230,m3,water,Consolidated daily report +Utility Consumption & Power saving calculations -Apr 2026.xlsm,Consolidated Utility Readings.,26,Imported from 2026-04 consolidated utility readings
MOEHE HQ / Permanent HQ,KHA-WATER-METER-FOR-B4,2026-04-07,3233,m3,water,Consolidated daily report +Utility Consumption & Power saving calculations -Apr 2026.xlsm,Consolidated Utility Readings.,26,Imported from 2026-04 consolidated utility readings
MOEHE HQ / Permanent HQ,KHA-WATER-METER-FOR-B4,2026-04-08,3236,m3,water,Consolidated daily report +Utility Consumption & Power saving calculations -Apr 2026.xlsm,Consolidated Utility Readings.,26,Imported from 2026-04 consolidated utility readings
MOEHE HQ / Permanent HQ,KHA-WATER-METER-FOR-B4,2026-04-09,3239,m3,water,Consolidated daily report +Utility Consumption & Power saving calculations -Apr 2026.xlsm,Consolidated Utility Readings.,26,Imported from 2026-04 consolidated utility readings
MOEHE HQ / Permanent HQ,KHA-WATER-METER-FOR-B4,2026-04-10,3245,m3,water,Consolidated daily report +Utility Consumption & Power saving calculations -Apr 2026.xlsm,Consolidated Utility Readings.,26,Imported from 2026-04 consolidated utility readings
MOEHE HQ / Permanent HQ,KHA-WATER-METER-FOR-B4,2026-04-11,3247,m3,water,Consolidated daily report +Utility Consumption & Power saving calculations -Apr 2026.xlsm,Consolidated Utility Readings.,26,Imported from 2026-04 consolidated utility readings
MOEHE HQ / Permanent HQ,KHA-WATER-METER-FOR-B4,2026-04-12,3248,m3,water,Consolidated daily report +Utility Consumption & Power saving calculations -Apr 2026.xlsm,Consolidated Utility Readings.,26,Imported from 2026-04 consolidated utility readings
MOEHE HQ / Permanent HQ,KHA-WATER-METER-FOR-B4,2026-04-13,3253,m3,water,Consolidated daily report +Utility Consumption & Power saving calculations -Apr 2026.xlsm,Consolidated Utility Readings.,26,Imported from 2026-04 consolidated utility readings
MOEHE HQ / Permanent HQ,KHA-WATER-METER-FOR-B4,2026-04-14,3256,m3,water,Consolidated daily report +Utility Consumption & Power saving calculations -Apr 2026.xlsm,Consolidated Utility Readings.,26,Imported from 2026-04 consolidated utility readings
MOEHE HQ / Permanent HQ,KHA-WATER-METER-FOR-B4,2026-04-15,3261,m3,water,Consolidated daily report +Utility Consumption & Power saving calculations -Apr 2026.xlsm,Consolidated Utility Readings.,26,Imported from 2026-04 consolidated utility readings
MOEHE HQ / Permanent HQ,KHA-WATER-METER-FOR-B4,2026-04-16,3265,m3,water,Consolidated daily report +Utility Consumption & Power saving calculations -Apr 2026.xlsm,Consolidated Utility Readings.,26,Imported from 2026-04 consolidated utility readings
MOEHE HQ / Permanent HQ,KHA-WATER-METER-FOR-B4,2026-04-17,3269,m3,water,Consolidated daily report +Utility Consumption & Power saving calculations -Apr 2026.xlsm,Consolidated Utility Readings.,26,Imported from 2026-04 consolidated utility readings
MOEHE HQ / Permanent HQ,KHA-WATER-METER-FOR-B4,2026-04-18,3269,m3,water,Consolidated daily report +Utility Consumption & Power saving calculations -Apr 2026.xlsm,Consolidated Utility Readings.,26,Imported from 2026-04 consolidated utility readings
MOEHE HQ / Permanent HQ,KHA-WATER-METER-FOR-B4,2026-04-19,3271,m3,water,Consolidated daily report +Utility Consumption & Power saving calculations -Apr 2026.xlsm,Consolidated Utility Readings.,26,Imported from 2026-04 consolidated utility readings
MOEHE HQ / Permanent HQ,KHA-WATER-METER-FOR-B4,2026-04-20,3274,m3,water,Consolidated daily report +Utility Consumption & Power saving calculations -Apr 2026.xlsm,Consolidated Utility Readings.,26,Imported from 2026-04 consolidated utility readings
MOEHE HQ / Permanent HQ,KHA-WATER-METER-FOR-B4,2026-04-21,3277,m3,water,Consolidated daily report +Utility Consumption & Power saving calculations -Apr 2026.xlsm,Consolidated Utility Readings.,26,Imported from 2026-04 consolidated utility readings
MOEHE HQ / Permanent HQ,KHA-WATER-METER-FOR-B4,2026-04-22,3280,m3,water,Consolidated daily report +Utility Consumption & Power saving calculations -Apr 2026.xlsm,Consolidated Utility Readings.,26,Imported from 2026-04 consolidated utility readings
MOEHE HQ / Permanent HQ,KHA-WATER-METER-FOR-B4,2026-04-23,3283,m3,water,Consolidated daily report +Utility Consumption & Power saving calculations -Apr 2026.xlsm,Consolidated Utility Readings.,26,Imported from 2026-04 consolidated utility readings
MOEHE HQ / Permanent HQ,KHA-WATER-METER-FOR-B4,2026-04-24,3285,m3,water,Consolidated daily report +Utility Consumption & Power saving calculations -Apr 2026.xlsm,Consolidated Utility Readings.,26,Imported from 2026-04 consolidated utility readings
MOEHE HQ / Permanent HQ,KHA-WATER-METER-FOR-B4,2026-04-25,3285,m3,water,Consolidated daily report +Utility Consumption & Power saving calculations -Apr 2026.xlsm,Consolidated Utility Readings.,26,Imported from 2026-04 consolidated utility readings
MOEHE HQ / Permanent HQ,KHA-WATER-METER-FOR-B4,2026-04-26,3286,m3,water,Consolidated daily report +Utility Consumption & Power saving calculations -Apr 2026.xlsm,Consolidated Utility Readings.,26,Imported from 2026-04 consolidated utility readings
MOEHE HQ / Permanent HQ,KHA-WATER-METER-FOR-B4,2026-04-27,3289,m3,water,Consolidated daily report +Utility Consumption & Power saving calculations -Apr 2026.xlsm,Consolidated Utility Readings.,26,Imported from 2026-04 consolidated utility readings
MOEHE HQ / Permanent HQ,KHA-WATER-METER-FOR-B4,2026-04-28,3292,m3,water,Consolidated daily report +Utility Consumption & Power saving calculations -Apr 2026.xlsm,Consolidated Utility Readings.,26,Imported from 2026-04 consolidated utility readings
MOEHE HQ / Permanent HQ,KHA-WATER-METER-FOR-B4,2026-04-29,3297,m3,water,Consolidated daily report +Utility Consumption & Power saving calculations -Apr 2026.xlsm,Consolidated Utility Readings.,26,Imported from 2026-04 consolidated utility readings
MOEHE HQ / Permanent HQ,KHA-WATER-METER-FOR-B4,2026-04-30,3301,m3,water,Consolidated daily report +Utility Consumption & Power saving calculations -Apr 2026.xlsm,Consolidated Utility Readings.,26,Imported from 2026-04 consolidated utility readings
MOEHE HQ / Permanent HQ,KHA-WATER-METER-FOR-B4,2026-05-01,3303,m3,water,Consolidated daily report +Utility Consumption & Power saving calculations -May 2026.xlsm,Consolidated Utility Readings.,26,Imported from 2026-05 consolidated utility readings
MOEHE HQ / Permanent HQ,KHA-WATER-METER-FOR-B4,2026-05-02,3303,m3,water,Consolidated daily report +Utility Consumption & Power saving calculations -May 2026.xlsm,Consolidated Utility Readings.,26,Imported from 2026-05 consolidated utility readings
MOEHE HQ / Permanent HQ,KHA-WATER-METER-FOR-B4,2026-05-03,3304,m3,water,Consolidated daily report +Utility Consumption & Power saving calculations -May 2026.xlsm,Consolidated Utility Readings.,26,Imported from 2026-05 consolidated utility readings
MOEHE HQ / Permanent HQ,KHA-WATER-METER-FOR-B4,2026-05-04,3307,m3,water,Consolidated daily report +Utility Consumption & Power saving calculations -May 2026.xlsm,Consolidated Utility Readings.,26,Imported from 2026-05 consolidated utility readings
MOEHE HQ / Permanent HQ,KHA-WATER-METER-FOR-B4,2026-05-05,3309,m3,water,Consolidated daily report +Utility Consumption & Power saving calculations -May 2026.xlsm,Consolidated Utility Readings.,26,Imported from 2026-05 consolidated utility readings
MOEHE HQ / Permanent HQ,KHA-WATER-METER-FOR-B4,2026-05-06,3310,m3,water,Consolidated daily report +Utility Consumption & Power saving calculations -May 2026.xlsm,Consolidated Utility Readings.,26,Imported from 2026-05 consolidated utility readings
MOEHE HQ / Permanent HQ,KHA-WATER-METER-FOR-B4,2026-05-07,3315,m3,water,Consolidated daily report +Utility Consumption & Power saving calculations -May 2026.xlsm,Consolidated Utility Readings.,26,Imported from 2026-05 consolidated utility readings
MOEHE HQ / Permanent HQ,KHA-WATER-METER-FOR-B4,2026-05-08,3317,m3,water,Consolidated daily report +Utility Consumption & Power saving calculations -May 2026.xlsm,Consolidated Utility Readings.,26,Imported from 2026-05 consolidated utility readings
MOEHE HQ / Permanent HQ,KHA-WATER-METER-FOR-B4,2026-05-09,3318,m3,water,Consolidated daily report +Utility Consumption & Power saving calculations -May 2026.xlsm,Consolidated Utility Readings.,26,Imported from 2026-05 consolidated utility readings
MOEHE HQ / Permanent HQ,KHA-WATER-METER-FOR-B4,2026-05-10,3320,m3,water,Consolidated daily report +Utility Consumption & Power saving calculations -May 2026.xlsm,Consolidated Utility Readings.,26,Imported from 2026-05 consolidated utility readings
MOEHE HQ / Permanent HQ,KHA-WATER-METER-FOR-B4,2026-05-11,3323,m3,water,Consolidated daily report +Utility Consumption & Power saving calculations -May 2026.xlsm,Consolidated Utility Readings.,26,Imported from 2026-05 consolidated utility readings
MOEHE HQ / Permanent HQ,KHA-WATER-METER-FOR-B4,2026-05-12,3327,m3,water,Consolidated daily report +Utility Consumption & Power saving calculations -May 2026.xlsm,Consolidated Utility Readings.,26,Imported from 2026-05 consolidated utility readings
MOEHE HQ / Permanent HQ,KHA-WATER-METER-FOR-B4,2026-05-13,3328,m3,water,Consolidated daily report +Utility Consumption & Power saving calculations -May 2026.xlsm,Consolidated Utility Readings.,26,Imported from 2026-05 consolidated utility readings
MOEHE HQ / Permanent HQ,KHA-WATER-METER-FOR-B4,2026-05-14,3329,m3,water,Consolidated daily report +Utility Consumption & Power saving calculations -May 2026.xlsm,Consolidated Utility Readings.,26,Imported from 2026-05 consolidated utility readings
MOEHE HQ / Permanent HQ,KHA-WATER-METER-FOR-B4,2026-05-15,3334,m3,water,Consolidated daily report +Utility Consumption & Power saving calculations -May 2026.xlsm,Consolidated Utility Readings.,26,Imported from 2026-05 consolidated utility readings
MOEHE HQ / Permanent HQ,KHA-WATER-METER-FOR-B4,2026-05-16,3334,m3,water,Consolidated daily report +Utility Consumption & Power saving calculations -May 2026.xlsm,Consolidated Utility Readings.,26,Imported from 2026-05 consolidated utility readings
MOEHE HQ / Permanent HQ,KHA-WATER-METER-FOR-B4,2026-05-17,3334,m3,water,Consolidated daily report +Utility Consumption & Power saving calculations -May 2026.xlsm,Consolidated Utility Readings.,26,Imported from 2026-05 consolidated utility readings
MOEHE HQ / Permanent HQ,KHA-WATER-METER-FOR-B4,2026-05-18,3340,m3,water,Consolidated daily report +Utility Consumption & Power saving calculations -May 2026.xlsm,Consolidated Utility Readings.,26,Imported from 2026-05 consolidated utility readings
MOEHE HQ / Permanent HQ,KHA-WATER-METER-FOR-B4,2026-05-19,3348,m3,water,Consolidated daily report +Utility Consumption & Power saving calculations -May 2026.xlsm,Consolidated Utility Readings.,26,Imported from 2026-05 consolidated utility readings
MOEHE HQ / Permanent HQ,KHA-WATER-METER-FOR-B4,2026-05-20,3348,m3,water,Consolidated daily report +Utility Consumption & Power saving calculations -May 2026.xlsm,Consolidated Utility Readings.,26,Imported from 2026-05 consolidated utility readings
MOEHE HQ / Permanent HQ,KHA-WATER-METER-FOR-B4,2026-05-21,3348,m3,water,Consolidated daily report +Utility Consumption & Power saving calculations -May 2026.xlsm,Consolidated Utility Readings.,26,Imported from 2026-05 consolidated utility readings
MOEHE HQ / Permanent HQ,KHA-WATER-METER-FOR-B4,2026-05-22,3348,m3,water,Consolidated daily report +Utility Consumption & Power saving calculations -May 2026.xlsm,Consolidated Utility Readings.,26,Imported from 2026-05 consolidated utility readings
MOEHE HQ / Permanent HQ,KHA-WATER-METER-FOR-B4,2026-05-23,3348,m3,water,Consolidated daily report +Utility Consumption & Power saving calculations -May 2026.xlsm,Consolidated Utility Readings.,26,Imported from 2026-05 consolidated utility readings
MOEHE HQ / Permanent HQ,KHA-WATER-METER-FOR-B4,2026-05-24,3356,m3,water,Consolidated daily report +Utility Consumption & Power saving calculations -May 2026.xlsm,Consolidated Utility Readings.,26,Imported from 2026-05 consolidated utility readings
MOEHE HQ / Permanent HQ,KHA-WATER-METER-FOR-B4,2026-05-25,3359,m3,water,Consolidated daily report +Utility Consumption & Power saving calculations -May 2026.xlsm,Consolidated Utility Readings.,26,Imported from 2026-05 consolidated utility readings
MOEHE HQ / Permanent HQ,KHA-WATER-METER-FOR-B4,2026-05-26,3361,m3,water,Consolidated daily report +Utility Consumption & Power saving calculations -May 2026.xlsm,Consolidated Utility Readings.,26,Imported from 2026-05 consolidated utility readings
MOEHE HQ / Permanent HQ,KHA-WATER-METER-FOR-B4,2026-05-27,3361,m3,water,Consolidated daily report +Utility Consumption & Power saving calculations -May 2026.xlsm,Consolidated Utility Readings.,26,Imported from 2026-05 consolidated utility readings
MOEHE HQ / Permanent HQ,KHA-WATER-METER-FOR-B4,2026-05-28,3361,m3,water,Consolidated daily report +Utility Consumption & Power saving calculations -May 2026.xlsm,Consolidated Utility Readings.,26,Imported from 2026-05 consolidated utility readings
MOEHE HQ / Permanent HQ,KHA-WATER-METER-FOR-B4,2026-05-29,3361,m3,water,Consolidated daily report +Utility Consumption & Power saving calculations -May 2026.xlsm,Consolidated Utility Readings.,26,Imported from 2026-05 consolidated utility readings
MOEHE HQ / Permanent HQ,KHA-WATER-METER-FOR-B4,2026-05-30,3361,m3,water,Consolidated daily report +Utility Consumption & Power saving calculations -May 2026.xlsm,Consolidated Utility Readings.,26,Imported from 2026-05 consolidated utility readings
MOEHE HQ / Permanent HQ,KHA-WATER-METER-FOR-B4,2026-05-31,3362,m3,water,Consolidated daily report +Utility Consumption & Power saving calculations -May 2026.xlsm,Consolidated Utility Readings.,26,Imported from 2026-05 consolidated utility readings
MOEHE HQ / Permanent HQ,KHA-WATER-METER-FOR-B5,2026-03-01,18767,m3,water,Consolidated daily report +Utility Consumption & Power saving calculations -Mar 2026.xlsm,Consolidated Utility Readings.,27,Imported from 2026-03 consolidated utility readings
MOEHE HQ / Permanent HQ,KHA-WATER-METER-FOR-B5,2026-03-02,18768,m3,water,Consolidated daily report +Utility Consumption & Power saving calculations -Mar 2026.xlsm,Consolidated Utility Readings.,27,Imported from 2026-03 consolidated utility readings
MOEHE HQ / Permanent HQ,KHA-WATER-METER-FOR-B5,2026-03-03,18768,m3,water,Consolidated daily report +Utility Consumption & Power saving calculations -Mar 2026.xlsm,Consolidated Utility Readings.,27,Imported from 2026-03 consolidated utility readings
MOEHE HQ / Permanent HQ,KHA-WATER-METER-FOR-B5,2026-03-04,18770,m3,water,Consolidated daily report +Utility Consumption & Power saving calculations -Mar 2026.xlsm,Consolidated Utility Readings.,27,Imported from 2026-03 consolidated utility readings
MOEHE HQ / Permanent HQ,KHA-WATER-METER-FOR-B5,2026-03-05,18771,m3,water,Consolidated daily report +Utility Consumption & Power saving calculations -Mar 2026.xlsm,Consolidated Utility Readings.,27,Imported from 2026-03 consolidated utility readings
MOEHE HQ / Permanent HQ,KHA-WATER-METER-FOR-B5,2026-03-06,18772,m3,water,Consolidated daily report +Utility Consumption & Power saving calculations -Mar 2026.xlsm,Consolidated Utility Readings.,27,Imported from 2026-03 consolidated utility readings
MOEHE HQ / Permanent HQ,KHA-WATER-METER-FOR-B5,2026-03-07,18773,m3,water,Consolidated daily report +Utility Consumption & Power saving calculations -Mar 2026.xlsm,Consolidated Utility Readings.,27,Imported from 2026-03 consolidated utility readings
MOEHE HQ / Permanent HQ,KHA-WATER-METER-FOR-B5,2026-03-08,18775,m3,water,Consolidated daily report +Utility Consumption & Power saving calculations -Mar 2026.xlsm,Consolidated Utility Readings.,27,Imported from 2026-03 consolidated utility readings
MOEHE HQ / Permanent HQ,KHA-WATER-METER-FOR-B5,2026-03-09,18776,m3,water,Consolidated daily report +Utility Consumption & Power saving calculations -Mar 2026.xlsm,Consolidated Utility Readings.,27,Imported from 2026-03 consolidated utility readings
MOEHE HQ / Permanent HQ,KHA-WATER-METER-FOR-B5,2026-03-10,18776,m3,water,Consolidated daily report +Utility Consumption & Power saving calculations -Mar 2026.xlsm,Consolidated Utility Readings.,27,Imported from 2026-03 consolidated utility readings
MOEHE HQ / Permanent HQ,KHA-WATER-METER-FOR-B5,2026-03-11,18778,m3,water,Consolidated daily report +Utility Consumption & Power saving calculations -Mar 2026.xlsm,Consolidated Utility Readings.,27,Imported from 2026-03 consolidated utility readings
MOEHE HQ / Permanent HQ,KHA-WATER-METER-FOR-B5,2026-03-12,18780,m3,water,Consolidated daily report +Utility Consumption & Power saving calculations -Mar 2026.xlsm,Consolidated Utility Readings.,27,Imported from 2026-03 consolidated utility readings
MOEHE HQ / Permanent HQ,KHA-WATER-METER-FOR-B5,2026-03-13,18781,m3,water,Consolidated daily report +Utility Consumption & Power saving calculations -Mar 2026.xlsm,Consolidated Utility Readings.,27,Imported from 2026-03 consolidated utility readings
MOEHE HQ / Permanent HQ,KHA-WATER-METER-FOR-B5,2026-03-14,18782,m3,water,Consolidated daily report +Utility Consumption & Power saving calculations -Mar 2026.xlsm,Consolidated Utility Readings.,27,Imported from 2026-03 consolidated utility readings
MOEHE HQ / Permanent HQ,KHA-WATER-METER-FOR-B5,2026-03-15,18784,m3,water,Consolidated daily report +Utility Consumption & Power saving calculations -Mar 2026.xlsm,Consolidated Utility Readings.,27,Imported from 2026-03 consolidated utility readings
MOEHE HQ / Permanent HQ,KHA-WATER-METER-FOR-B5,2026-03-16,18785,m3,water,Consolidated daily report +Utility Consumption & Power saving calculations -Mar 2026.xlsm,Consolidated Utility Readings.,27,Imported from 2026-03 consolidated utility readings
MOEHE HQ / Permanent HQ,KHA-WATER-METER-FOR-B5,2026-03-17,18787,m3,water,Consolidated daily report +Utility Consumption & Power saving calculations -Mar 2026.xlsm,Consolidated Utility Readings.,27,Imported from 2026-03 consolidated utility readings
MOEHE HQ / Permanent HQ,KHA-WATER-METER-FOR-B5,2026-03-18,18787,m3,water,Consolidated daily report +Utility Consumption & Power saving calculations -Mar 2026.xlsm,Consolidated Utility Readings.,27,Imported from 2026-03 consolidated utility readings
MOEHE HQ / Permanent HQ,KHA-WATER-METER-FOR-B5,2026-03-19,18787,m3,water,Consolidated daily report +Utility Consumption & Power saving calculations -Mar 2026.xlsm,Consolidated Utility Readings.,27,Imported from 2026-03 consolidated utility readings
MOEHE HQ / Permanent HQ,KHA-WATER-METER-FOR-B5,2026-03-20,18787,m3,water,Consolidated daily report +Utility Consumption & Power saving calculations -Mar 2026.xlsm,Consolidated Utility Readings.,27,Imported from 2026-03 consolidated utility readings
MOEHE HQ / Permanent HQ,KHA-WATER-METER-FOR-B5,2026-03-21,18787,m3,water,Consolidated daily report +Utility Consumption & Power saving calculations -Mar 2026.xlsm,Consolidated Utility Readings.,27,Imported from 2026-03 consolidated utility readings
MOEHE HQ / Permanent HQ,KHA-WATER-METER-FOR-B5,2026-03-22,18787,m3,water,Consolidated daily report +Utility Consumption & Power saving calculations -Mar 2026.xlsm,Consolidated Utility Readings.,27,Imported from 2026-03 consolidated utility readings
MOEHE HQ / Permanent HQ,KHA-WATER-METER-FOR-B5,2026-03-23,18800,m3,water,Consolidated daily report +Utility Consumption & Power saving calculations -Mar 2026.xlsm,Consolidated Utility Readings.,27,Imported from 2026-03 consolidated utility readings
MOEHE HQ / Permanent HQ,KHA-WATER-METER-FOR-B5,2026-03-24,18809,m3,water,Consolidated daily report +Utility Consumption & Power saving calculations -Mar 2026.xlsm,Consolidated Utility Readings.,27,Imported from 2026-03 consolidated utility readings
MOEHE HQ / Permanent HQ,KHA-WATER-METER-FOR-B5,2026-03-25,18815,m3,water,Consolidated daily report +Utility Consumption & Power saving calculations -Mar 2026.xlsm,Consolidated Utility Readings.,27,Imported from 2026-03 consolidated utility readings
MOEHE HQ / Permanent HQ,KHA-WATER-METER-FOR-B5,2026-03-26,18827,m3,water,Consolidated daily report +Utility Consumption & Power saving calculations -Mar 2026.xlsm,Consolidated Utility Readings.,27,Imported from 2026-03 consolidated utility readings
MOEHE HQ / Permanent HQ,KHA-WATER-METER-FOR-B5,2026-03-27,18839,m3,water,Consolidated daily report +Utility Consumption & Power saving calculations -Mar 2026.xlsm,Consolidated Utility Readings.,27,Imported from 2026-03 consolidated utility readings
MOEHE HQ / Permanent HQ,KHA-WATER-METER-FOR-B5,2026-03-28,18839,m3,water,Consolidated daily report +Utility Consumption & Power saving calculations -Mar 2026.xlsm,Consolidated Utility Readings.,27,Imported from 2026-03 consolidated utility readings
MOEHE HQ / Permanent HQ,KHA-WATER-METER-FOR-B5,2026-03-29,18857,m3,water,Consolidated daily report +Utility Consumption & Power saving calculations -Mar 2026.xlsm,Consolidated Utility Readings.,27,Imported from 2026-03 consolidated utility readings
MOEHE HQ / Permanent HQ,KHA-WATER-METER-FOR-B5,2026-03-30,18872,m3,water,Consolidated daily report +Utility Consumption & Power saving calculations -Mar 2026.xlsm,Consolidated Utility Readings.,27,Imported from 2026-03 consolidated utility readings
MOEHE HQ / Permanent HQ,KHA-WATER-METER-FOR-B5,2026-03-31,18885,m3,water,Consolidated daily report +Utility Consumption & Power saving calculations -Mar 2026.xlsm,Consolidated Utility Readings.,27,Imported from 2026-03 consolidated utility readings
MOEHE HQ / Permanent HQ,KHA-WATER-METER-FOR-B5,2026-04-01,18898,m3,water,Consolidated daily report +Utility Consumption & Power saving calculations -Apr 2026.xlsm,Consolidated Utility Readings.,27,Imported from 2026-04 consolidated utility readings
MOEHE HQ / Permanent HQ,KHA-WATER-METER-FOR-B5,2026-04-02,18911,m3,water,Consolidated daily report +Utility Consumption & Power saving calculations -Apr 2026.xlsm,Consolidated Utility Readings.,27,Imported from 2026-04 consolidated utility readings
MOEHE HQ / Permanent HQ,KHA-WATER-METER-FOR-B5,2026-04-03,18924,m3,water,Consolidated daily report +Utility Consumption & Power saving calculations -Apr 2026.xlsm,Consolidated Utility Readings.,27,Imported from 2026-04 consolidated utility readings
MOEHE HQ / Permanent HQ,KHA-WATER-METER-FOR-B5,2026-04-04,18924,m3,water,Consolidated daily report +Utility Consumption & Power saving calculations -Apr 2026.xlsm,Consolidated Utility Readings.,27,Imported from 2026-04 consolidated utility readings
MOEHE HQ / Permanent HQ,KHA-WATER-METER-FOR-B5,2026-04-05,18927,m3,water,Consolidated daily report +Utility Consumption & Power saving calculations -Apr 2026.xlsm,Consolidated Utility Readings.,27,Imported from 2026-04 consolidated utility readings
MOEHE HQ / Permanent HQ,KHA-WATER-METER-FOR-B5,2026-04-06,18940,m3,water,Consolidated daily report +Utility Consumption & Power saving calculations -Apr 2026.xlsm,Consolidated Utility Readings.,27,Imported from 2026-04 consolidated utility readings
MOEHE HQ / Permanent HQ,KHA-WATER-METER-FOR-B5,2026-04-07,18953,m3,water,Consolidated daily report +Utility Consumption & Power saving calculations -Apr 2026.xlsm,Consolidated Utility Readings.,27,Imported from 2026-04 consolidated utility readings
MOEHE HQ / Permanent HQ,KHA-WATER-METER-FOR-B5,2026-04-08,18966,m3,water,Consolidated daily report +Utility Consumption & Power saving calculations -Apr 2026.xlsm,Consolidated Utility Readings.,27,Imported from 2026-04 consolidated utility readings
MOEHE HQ / Permanent HQ,KHA-WATER-METER-FOR-B5,2026-04-09,18977,m3,water,Consolidated daily report +Utility Consumption & Power saving calculations -Apr 2026.xlsm,Consolidated Utility Readings.,27,Imported from 2026-04 consolidated utility readings
MOEHE HQ / Permanent HQ,KHA-WATER-METER-FOR-B5,2026-04-10,18989,m3,water,Consolidated daily report +Utility Consumption & Power saving calculations -Apr 2026.xlsm,Consolidated Utility Readings.,27,Imported from 2026-04 consolidated utility readings
MOEHE HQ / Permanent HQ,KHA-WATER-METER-FOR-B5,2026-04-11,18989,m3,water,Consolidated daily report +Utility Consumption & Power saving calculations -Apr 2026.xlsm,Consolidated Utility Readings.,27,Imported from 2026-04 consolidated utility readings
MOEHE HQ / Permanent HQ,KHA-WATER-METER-FOR-B5,2026-04-12,18991,m3,water,Consolidated daily report +Utility Consumption & Power saving calculations -Apr 2026.xlsm,Consolidated Utility Readings.,27,Imported from 2026-04 consolidated utility readings
MOEHE HQ / Permanent HQ,KHA-WATER-METER-FOR-B5,2026-04-13,19005,m3,water,Consolidated daily report +Utility Consumption & Power saving calculations -Apr 2026.xlsm,Consolidated Utility Readings.,27,Imported from 2026-04 consolidated utility readings
MOEHE HQ / Permanent HQ,KHA-WATER-METER-FOR-B5,2026-04-14,19015,m3,water,Consolidated daily report +Utility Consumption & Power saving calculations -Apr 2026.xlsm,Consolidated Utility Readings.,27,Imported from 2026-04 consolidated utility readings
MOEHE HQ / Permanent HQ,KHA-WATER-METER-FOR-B5,2026-04-15,19026,m3,water,Consolidated daily report +Utility Consumption & Power saving calculations -Apr 2026.xlsm,Consolidated Utility Readings.,27,Imported from 2026-04 consolidated utility readings
MOEHE HQ / Permanent HQ,KHA-WATER-METER-FOR-B5,2026-04-16,19035,m3,water,Consolidated daily report +Utility Consumption & Power saving calculations -Apr 2026.xlsm,Consolidated Utility Readings.,27,Imported from 2026-04 consolidated utility readings
MOEHE HQ / Permanent HQ,KHA-WATER-METER-FOR-B5,2026-04-17,19046,m3,water,Consolidated daily report +Utility Consumption & Power saving calculations -Apr 2026.xlsm,Consolidated Utility Readings.,27,Imported from 2026-04 consolidated utility readings
MOEHE HQ / Permanent HQ,KHA-WATER-METER-FOR-B5,2026-04-18,19046,m3,water,Consolidated daily report +Utility Consumption & Power saving calculations -Apr 2026.xlsm,Consolidated Utility Readings.,27,Imported from 2026-04 consolidated utility readings
MOEHE HQ / Permanent HQ,KHA-WATER-METER-FOR-B5,2026-04-19,19047,m3,water,Consolidated daily report +Utility Consumption & Power saving calculations -Apr 2026.xlsm,Consolidated Utility Readings.,27,Imported from 2026-04 consolidated utility readings
MOEHE HQ / Permanent HQ,KHA-WATER-METER-FOR-B5,2026-04-20,19058,m3,water,Consolidated daily report +Utility Consumption & Power saving calculations -Apr 2026.xlsm,Consolidated Utility Readings.,27,Imported from 2026-04 consolidated utility readings
MOEHE HQ / Permanent HQ,KHA-WATER-METER-FOR-B5,2026-04-21,19068,m3,water,Consolidated daily report +Utility Consumption & Power saving calculations -Apr 2026.xlsm,Consolidated Utility Readings.,27,Imported from 2026-04 consolidated utility readings
MOEHE HQ / Permanent HQ,KHA-WATER-METER-FOR-B5,2026-04-22,19080,m3,water,Consolidated daily report +Utility Consumption & Power saving calculations -Apr 2026.xlsm,Consolidated Utility Readings.,27,Imported from 2026-04 consolidated utility readings
MOEHE HQ / Permanent HQ,KHA-WATER-METER-FOR-B5,2026-04-23,19091,m3,water,Consolidated daily report +Utility Consumption & Power saving calculations -Apr 2026.xlsm,Consolidated Utility Readings.,27,Imported from 2026-04 consolidated utility readings
MOEHE HQ / Permanent HQ,KHA-WATER-METER-FOR-B5,2026-04-24,19107,m3,water,Consolidated daily report +Utility Consumption & Power saving calculations -Apr 2026.xlsm,Consolidated Utility Readings.,27,Imported from 2026-04 consolidated utility readings
MOEHE HQ / Permanent HQ,KHA-WATER-METER-FOR-B5,2026-04-25,19108,m3,water,Consolidated daily report +Utility Consumption & Power saving calculations -Apr 2026.xlsm,Consolidated Utility Readings.,27,Imported from 2026-04 consolidated utility readings
MOEHE HQ / Permanent HQ,KHA-WATER-METER-FOR-B5,2026-04-26,19114,m3,water,Consolidated daily report +Utility Consumption & Power saving calculations -Apr 2026.xlsm,Consolidated Utility Readings.,27,Imported from 2026-04 consolidated utility readings
MOEHE HQ / Permanent HQ,KHA-WATER-METER-FOR-B5,2026-04-27,19128,m3,water,Consolidated daily report +Utility Consumption & Power saving calculations -Apr 2026.xlsm,Consolidated Utility Readings.,27,Imported from 2026-04 consolidated utility readings
MOEHE HQ / Permanent HQ,KHA-WATER-METER-FOR-B5,2026-04-28,19140,m3,water,Consolidated daily report +Utility Consumption & Power saving calculations -Apr 2026.xlsm,Consolidated Utility Readings.,27,Imported from 2026-04 consolidated utility readings
MOEHE HQ / Permanent HQ,KHA-WATER-METER-FOR-B5,2026-04-29,19152,m3,water,Consolidated daily report +Utility Consumption & Power saving calculations -Apr 2026.xlsm,Consolidated Utility Readings.,27,Imported from 2026-04 consolidated utility readings
MOEHE HQ / Permanent HQ,KHA-WATER-METER-FOR-B5,2026-04-30,19168,m3,water,Consolidated daily report +Utility Consumption & Power saving calculations -Apr 2026.xlsm,Consolidated Utility Readings.,27,Imported from 2026-04 consolidated utility readings
MOEHE HQ / Permanent HQ,KHA-WATER-METER-FOR-B5,2026-05-01,19178,m3,water,Consolidated daily report +Utility Consumption & Power saving calculations -May 2026.xlsm,Consolidated Utility Readings.,27,Imported from 2026-05 consolidated utility readings
MOEHE HQ / Permanent HQ,KHA-WATER-METER-FOR-B5,2026-05-02,19179,m3,water,Consolidated daily report +Utility Consumption & Power saving calculations -May 2026.xlsm,Consolidated Utility Readings.,27,Imported from 2026-05 consolidated utility readings
MOEHE HQ / Permanent HQ,KHA-WATER-METER-FOR-B5,2026-05-03,19179,m3,water,Consolidated daily report +Utility Consumption & Power saving calculations -May 2026.xlsm,Consolidated Utility Readings.,27,Imported from 2026-05 consolidated utility readings
MOEHE HQ / Permanent HQ,KHA-WATER-METER-FOR-B5,2026-05-04,19190,m3,water,Consolidated daily report +Utility Consumption & Power saving calculations -May 2026.xlsm,Consolidated Utility Readings.,27,Imported from 2026-05 consolidated utility readings
MOEHE HQ / Permanent HQ,KHA-WATER-METER-FOR-B5,2026-05-05,19193,m3,water,Consolidated daily report +Utility Consumption & Power saving calculations -May 2026.xlsm,Consolidated Utility Readings.,27,Imported from 2026-05 consolidated utility readings
MOEHE HQ / Permanent HQ,KHA-WATER-METER-FOR-B5,2026-05-06,19201,m3,water,Consolidated daily report +Utility Consumption & Power saving calculations -May 2026.xlsm,Consolidated Utility Readings.,27,Imported from 2026-05 consolidated utility readings
MOEHE HQ / Permanent HQ,KHA-WATER-METER-FOR-B5,2026-05-07,19224,m3,water,Consolidated daily report +Utility Consumption & Power saving calculations -May 2026.xlsm,Consolidated Utility Readings.,27,Imported from 2026-05 consolidated utility readings
MOEHE HQ / Permanent HQ,KHA-WATER-METER-FOR-B5,2026-05-08,19237,m3,water,Consolidated daily report +Utility Consumption & Power saving calculations -May 2026.xlsm,Consolidated Utility Readings.,27,Imported from 2026-05 consolidated utility readings
MOEHE HQ / Permanent HQ,KHA-WATER-METER-FOR-B5,2026-05-09,19237,m3,water,Consolidated daily report +Utility Consumption & Power saving calculations -May 2026.xlsm,Consolidated Utility Readings.,27,Imported from 2026-05 consolidated utility readings
MOEHE HQ / Permanent HQ,KHA-WATER-METER-FOR-B5,2026-05-10,19240,m3,water,Consolidated daily report +Utility Consumption & Power saving calculations -May 2026.xlsm,Consolidated Utility Readings.,27,Imported from 2026-05 consolidated utility readings
MOEHE HQ / Permanent HQ,KHA-WATER-METER-FOR-B5,2026-05-11,19251,m3,water,Consolidated daily report +Utility Consumption & Power saving calculations -May 2026.xlsm,Consolidated Utility Readings.,27,Imported from 2026-05 consolidated utility readings
MOEHE HQ / Permanent HQ,KHA-WATER-METER-FOR-B5,2026-05-12,19261,m3,water,Consolidated daily report +Utility Consumption & Power saving calculations -May 2026.xlsm,Consolidated Utility Readings.,27,Imported from 2026-05 consolidated utility readings
MOEHE HQ / Permanent HQ,KHA-WATER-METER-FOR-B5,2026-05-13,19268,m3,water,Consolidated daily report +Utility Consumption & Power saving calculations -May 2026.xlsm,Consolidated Utility Readings.,27,Imported from 2026-05 consolidated utility readings
MOEHE HQ / Permanent HQ,KHA-WATER-METER-FOR-B5,2026-05-14,19273,m3,water,Consolidated daily report +Utility Consumption & Power saving calculations -May 2026.xlsm,Consolidated Utility Readings.,27,Imported from 2026-05 consolidated utility readings
MOEHE HQ / Permanent HQ,KHA-WATER-METER-FOR-B5,2026-05-15,19296,m3,water,Consolidated daily report +Utility Consumption & Power saving calculations -May 2026.xlsm,Consolidated Utility Readings.,27,Imported from 2026-05 consolidated utility readings
MOEHE HQ / Permanent HQ,KHA-WATER-METER-FOR-B5,2026-05-16,19296,m3,water,Consolidated daily report +Utility Consumption & Power saving calculations -May 2026.xlsm,Consolidated Utility Readings.,27,Imported from 2026-05 consolidated utility readings
MOEHE HQ / Permanent HQ,KHA-WATER-METER-FOR-B5,2026-05-17,19296,m3,water,Consolidated daily report +Utility Consumption & Power saving calculations -May 2026.xlsm,Consolidated Utility Readings.,27,Imported from 2026-05 consolidated utility readings
MOEHE HQ / Permanent HQ,KHA-WATER-METER-FOR-B5,2026-05-18,19314,m3,water,Consolidated daily report +Utility Consumption & Power saving calculations -May 2026.xlsm,Consolidated Utility Readings.,27,Imported from 2026-05 consolidated utility readings
MOEHE HQ / Permanent HQ,KHA-WATER-METER-FOR-B5,2026-05-19,19336,m3,water,Consolidated daily report +Utility Consumption & Power saving calculations -May 2026.xlsm,Consolidated Utility Readings.,27,Imported from 2026-05 consolidated utility readings
MOEHE HQ / Permanent HQ,KHA-WATER-METER-FOR-B5,2026-05-20,19339,m3,water,Consolidated daily report +Utility Consumption & Power saving calculations -May 2026.xlsm,Consolidated Utility Readings.,27,Imported from 2026-05 consolidated utility readings
MOEHE HQ / Permanent HQ,KHA-WATER-METER-FOR-B5,2026-05-21,19342,m3,water,Consolidated daily report +Utility Consumption & Power saving calculations -May 2026.xlsm,Consolidated Utility Readings.,27,Imported from 2026-05 consolidated utility readings
MOEHE HQ / Permanent HQ,KHA-WATER-METER-FOR-B5,2026-05-22,19342,m3,water,Consolidated daily report +Utility Consumption & Power saving calculations -May 2026.xlsm,Consolidated Utility Readings.,27,Imported from 2026-05 consolidated utility readings
MOEHE HQ / Permanent HQ,KHA-WATER-METER-FOR-B5,2026-05-23,19342,m3,water,Consolidated daily report +Utility Consumption & Power saving calculations -May 2026.xlsm,Consolidated Utility Readings.,27,Imported from 2026-05 consolidated utility readings
MOEHE HQ / Permanent HQ,KHA-WATER-METER-FOR-B5,2026-05-24,19462,m3,water,Consolidated daily report +Utility Consumption & Power saving calculations -May 2026.xlsm,Consolidated Utility Readings.,27,Imported from 2026-05 consolidated utility readings
MOEHE HQ / Permanent HQ,KHA-WATER-METER-FOR-B5,2026-05-25,19472,m3,water,Consolidated daily report +Utility Consumption & Power saving calculations -May 2026.xlsm,Consolidated Utility Readings.,27,Imported from 2026-05 consolidated utility readings
MOEHE HQ / Permanent HQ,KHA-WATER-METER-FOR-B5,2026-05-26,19483,m3,water,Consolidated daily report +Utility Consumption & Power saving calculations -May 2026.xlsm,Consolidated Utility Readings.,27,Imported from 2026-05 consolidated utility readings
MOEHE HQ / Permanent HQ,KHA-WATER-METER-FOR-B5,2026-05-27,19483,m3,water,Consolidated daily report +Utility Consumption & Power saving calculations -May 2026.xlsm,Consolidated Utility Readings.,27,Imported from 2026-05 consolidated utility readings
MOEHE HQ / Permanent HQ,KHA-WATER-METER-FOR-B5,2026-05-28,19483,m3,water,Consolidated daily report +Utility Consumption & Power saving calculations -May 2026.xlsm,Consolidated Utility Readings.,27,Imported from 2026-05 consolidated utility readings
MOEHE HQ / Permanent HQ,KHA-WATER-METER-FOR-B5,2026-05-29,19483,m3,water,Consolidated daily report +Utility Consumption & Power saving calculations -May 2026.xlsm,Consolidated Utility Readings.,27,Imported from 2026-05 consolidated utility readings
MOEHE HQ / Permanent HQ,KHA-WATER-METER-FOR-B5,2026-05-30,19483,m3,water,Consolidated daily report +Utility Consumption & Power saving calculations -May 2026.xlsm,Consolidated Utility Readings.,27,Imported from 2026-05 consolidated utility readings
MOEHE HQ / Permanent HQ,KHA-WATER-METER-FOR-B5,2026-05-31,19485,m3,water,Consolidated daily report +Utility Consumption & Power saving calculations -May 2026.xlsm,Consolidated Utility Readings.,27,Imported from 2026-05 consolidated utility readings
MOEHE HQ / Permanent HQ,KHA-WATER-METER-FOR-GR1,2026-03-01,1330,m3,water,Consolidated daily report +Utility Consumption & Power saving calculations -Mar 2026.xlsm,Consolidated Utility Readings.,28,Imported from 2026-03 consolidated utility readings
MOEHE HQ / Permanent HQ,KHA-WATER-METER-FOR-GR1,2026-03-02,1330,m3,water,Consolidated daily report +Utility Consumption & Power saving calculations -Mar 2026.xlsm,Consolidated Utility Readings.,28,Imported from 2026-03 consolidated utility readings
MOEHE HQ / Permanent HQ,KHA-WATER-METER-FOR-GR1,2026-03-03,1330,m3,water,Consolidated daily report +Utility Consumption & Power saving calculations -Mar 2026.xlsm,Consolidated Utility Readings.,28,Imported from 2026-03 consolidated utility readings
MOEHE HQ / Permanent HQ,KHA-WATER-METER-FOR-GR1,2026-03-04,1330,m3,water,Consolidated daily report +Utility Consumption & Power saving calculations -Mar 2026.xlsm,Consolidated Utility Readings.,28,Imported from 2026-03 consolidated utility readings
MOEHE HQ / Permanent HQ,KHA-WATER-METER-FOR-GR1,2026-03-05,1330,m3,water,Consolidated daily report +Utility Consumption & Power saving calculations -Mar 2026.xlsm,Consolidated Utility Readings.,28,Imported from 2026-03 consolidated utility readings
MOEHE HQ / Permanent HQ,KHA-WATER-METER-FOR-GR1,2026-03-06,1330,m3,water,Consolidated daily report +Utility Consumption & Power saving calculations -Mar 2026.xlsm,Consolidated Utility Readings.,28,Imported from 2026-03 consolidated utility readings
MOEHE HQ / Permanent HQ,KHA-WATER-METER-FOR-GR1,2026-03-07,1330,m3,water,Consolidated daily report +Utility Consumption & Power saving calculations -Mar 2026.xlsm,Consolidated Utility Readings.,28,Imported from 2026-03 consolidated utility readings
MOEHE HQ / Permanent HQ,KHA-WATER-METER-FOR-GR1,2026-03-08,1330,m3,water,Consolidated daily report +Utility Consumption & Power saving calculations -Mar 2026.xlsm,Consolidated Utility Readings.,28,Imported from 2026-03 consolidated utility readings
MOEHE HQ / Permanent HQ,KHA-WATER-METER-FOR-GR1,2026-03-09,1330,m3,water,Consolidated daily report +Utility Consumption & Power saving calculations -Mar 2026.xlsm,Consolidated Utility Readings.,28,Imported from 2026-03 consolidated utility readings
MOEHE HQ / Permanent HQ,KHA-WATER-METER-FOR-GR1,2026-03-10,1330,m3,water,Consolidated daily report +Utility Consumption & Power saving calculations -Mar 2026.xlsm,Consolidated Utility Readings.,28,Imported from 2026-03 consolidated utility readings
MOEHE HQ / Permanent HQ,KHA-WATER-METER-FOR-GR1,2026-03-11,1330,m3,water,Consolidated daily report +Utility Consumption & Power saving calculations -Mar 2026.xlsm,Consolidated Utility Readings.,28,Imported from 2026-03 consolidated utility readings
MOEHE HQ / Permanent HQ,KHA-WATER-METER-FOR-GR1,2026-03-12,1330,m3,water,Consolidated daily report +Utility Consumption & Power saving calculations -Mar 2026.xlsm,Consolidated Utility Readings.,28,Imported from 2026-03 consolidated utility readings
MOEHE HQ / Permanent HQ,KHA-WATER-METER-FOR-GR1,2026-03-13,1330,m3,water,Consolidated daily report +Utility Consumption & Power saving calculations -Mar 2026.xlsm,Consolidated Utility Readings.,28,Imported from 2026-03 consolidated utility readings
MOEHE HQ / Permanent HQ,KHA-WATER-METER-FOR-GR1,2026-03-14,1330,m3,water,Consolidated daily report +Utility Consumption & Power saving calculations -Mar 2026.xlsm,Consolidated Utility Readings.,28,Imported from 2026-03 consolidated utility readings
MOEHE HQ / Permanent HQ,KHA-WATER-METER-FOR-GR1,2026-03-15,1330,m3,water,Consolidated daily report +Utility Consumption & Power saving calculations -Mar 2026.xlsm,Consolidated Utility Readings.,28,Imported from 2026-03 consolidated utility readings
MOEHE HQ / Permanent HQ,KHA-WATER-METER-FOR-GR1,2026-03-16,1330,m3,water,Consolidated daily report +Utility Consumption & Power saving calculations -Mar 2026.xlsm,Consolidated Utility Readings.,28,Imported from 2026-03 consolidated utility readings
MOEHE HQ / Permanent HQ,KHA-WATER-METER-FOR-GR1,2026-03-17,1330,m3,water,Consolidated daily report +Utility Consumption & Power saving calculations -Mar 2026.xlsm,Consolidated Utility Readings.,28,Imported from 2026-03 consolidated utility readings
MOEHE HQ / Permanent HQ,KHA-WATER-METER-FOR-GR1,2026-03-18,1330,m3,water,Consolidated daily report +Utility Consumption & Power saving calculations -Mar 2026.xlsm,Consolidated Utility Readings.,28,Imported from 2026-03 consolidated utility readings
MOEHE HQ / Permanent HQ,KHA-WATER-METER-FOR-GR1,2026-03-19,1330,m3,water,Consolidated daily report +Utility Consumption & Power saving calculations -Mar 2026.xlsm,Consolidated Utility Readings.,28,Imported from 2026-03 consolidated utility readings
MOEHE HQ / Permanent HQ,KHA-WATER-METER-FOR-GR1,2026-03-20,1330,m3,water,Consolidated daily report +Utility Consumption & Power saving calculations -Mar 2026.xlsm,Consolidated Utility Readings.,28,Imported from 2026-03 consolidated utility readings
MOEHE HQ / Permanent HQ,KHA-WATER-METER-FOR-GR1,2026-03-21,1330,m3,water,Consolidated daily report +Utility Consumption & Power saving calculations -Mar 2026.xlsm,Consolidated Utility Readings.,28,Imported from 2026-03 consolidated utility readings
MOEHE HQ / Permanent HQ,KHA-WATER-METER-FOR-GR1,2026-03-22,1330,m3,water,Consolidated daily report +Utility Consumption & Power saving calculations -Mar 2026.xlsm,Consolidated Utility Readings.,28,Imported from 2026-03 consolidated utility readings
MOEHE HQ / Permanent HQ,KHA-WATER-METER-FOR-GR1,2026-03-23,1330,m3,water,Consolidated daily report +Utility Consumption & Power saving calculations -Mar 2026.xlsm,Consolidated Utility Readings.,28,Imported from 2026-03 consolidated utility readings
MOEHE HQ / Permanent HQ,KHA-WATER-METER-FOR-GR1,2026-03-24,1330,m3,water,Consolidated daily report +Utility Consumption & Power saving calculations -Mar 2026.xlsm,Consolidated Utility Readings.,28,Imported from 2026-03 consolidated utility readings
MOEHE HQ / Permanent HQ,KHA-WATER-METER-FOR-GR1,2026-03-25,1330,m3,water,Consolidated daily report +Utility Consumption & Power saving calculations -Mar 2026.xlsm,Consolidated Utility Readings.,28,Imported from 2026-03 consolidated utility readings
MOEHE HQ / Permanent HQ,KHA-WATER-METER-FOR-GR1,2026-03-26,1330,m3,water,Consolidated daily report +Utility Consumption & Power saving calculations -Mar 2026.xlsm,Consolidated Utility Readings.,28,Imported from 2026-03 consolidated utility readings
MOEHE HQ / Permanent HQ,KHA-WATER-METER-FOR-GR1,2026-03-27,1330,m3,water,Consolidated daily report +Utility Consumption & Power saving calculations -Mar 2026.xlsm,Consolidated Utility Readings.,28,Imported from 2026-03 consolidated utility readings
MOEHE HQ / Permanent HQ,KHA-WATER-METER-FOR-GR1,2026-03-28,1330,m3,water,Consolidated daily report +Utility Consumption & Power saving calculations -Mar 2026.xlsm,Consolidated Utility Readings.,28,Imported from 2026-03 consolidated utility readings
MOEHE HQ / Permanent HQ,KHA-WATER-METER-FOR-GR1,2026-03-29,1330,m3,water,Consolidated daily report +Utility Consumption & Power saving calculations -Mar 2026.xlsm,Consolidated Utility Readings.,28,Imported from 2026-03 consolidated utility readings
MOEHE HQ / Permanent HQ,KHA-WATER-METER-FOR-GR1,2026-03-30,1330,m3,water,Consolidated daily report +Utility Consumption & Power saving calculations -Mar 2026.xlsm,Consolidated Utility Readings.,28,Imported from 2026-03 consolidated utility readings
MOEHE HQ / Permanent HQ,KHA-WATER-METER-FOR-GR1,2026-03-31,1330,m3,water,Consolidated daily report +Utility Consumption & Power saving calculations -Mar 2026.xlsm,Consolidated Utility Readings.,28,Imported from 2026-03 consolidated utility readings
MOEHE HQ / Permanent HQ,KHA-WATER-METER-FOR-GR1,2026-04-01,1330,m3,water,Consolidated daily report +Utility Consumption & Power saving calculations -Apr 2026.xlsm,Consolidated Utility Readings.,28,Imported from 2026-04 consolidated utility readings
MOEHE HQ / Permanent HQ,KHA-WATER-METER-FOR-GR1,2026-04-02,1330,m3,water,Consolidated daily report +Utility Consumption & Power saving calculations -Apr 2026.xlsm,Consolidated Utility Readings.,28,Imported from 2026-04 consolidated utility readings
MOEHE HQ / Permanent HQ,KHA-WATER-METER-FOR-GR1,2026-04-03,1330,m3,water,Consolidated daily report +Utility Consumption & Power saving calculations -Apr 2026.xlsm,Consolidated Utility Readings.,28,Imported from 2026-04 consolidated utility readings
MOEHE HQ / Permanent HQ,KHA-WATER-METER-FOR-GR1,2026-04-04,1330,m3,water,Consolidated daily report +Utility Consumption & Power saving calculations -Apr 2026.xlsm,Consolidated Utility Readings.,28,Imported from 2026-04 consolidated utility readings
MOEHE HQ / Permanent HQ,KHA-WATER-METER-FOR-GR1,2026-04-05,1330,m3,water,Consolidated daily report +Utility Consumption & Power saving calculations -Apr 2026.xlsm,Consolidated Utility Readings.,28,Imported from 2026-04 consolidated utility readings
MOEHE HQ / Permanent HQ,KHA-WATER-METER-FOR-GR1,2026-04-06,1330,m3,water,Consolidated daily report +Utility Consumption & Power saving calculations -Apr 2026.xlsm,Consolidated Utility Readings.,28,Imported from 2026-04 consolidated utility readings
MOEHE HQ / Permanent HQ,KHA-WATER-METER-FOR-GR1,2026-04-07,1330,m3,water,Consolidated daily report +Utility Consumption & Power saving calculations -Apr 2026.xlsm,Consolidated Utility Readings.,28,Imported from 2026-04 consolidated utility readings
MOEHE HQ / Permanent HQ,KHA-WATER-METER-FOR-GR1,2026-04-08,1330,m3,water,Consolidated daily report +Utility Consumption & Power saving calculations -Apr 2026.xlsm,Consolidated Utility Readings.,28,Imported from 2026-04 consolidated utility readings
MOEHE HQ / Permanent HQ,KHA-WATER-METER-FOR-GR1,2026-04-09,1330,m3,water,Consolidated daily report +Utility Consumption & Power saving calculations -Apr 2026.xlsm,Consolidated Utility Readings.,28,Imported from 2026-04 consolidated utility readings
MOEHE HQ / Permanent HQ,KHA-WATER-METER-FOR-GR1,2026-04-10,1330,m3,water,Consolidated daily report +Utility Consumption & Power saving calculations -Apr 2026.xlsm,Consolidated Utility Readings.,28,Imported from 2026-04 consolidated utility readings
MOEHE HQ / Permanent HQ,KHA-WATER-METER-FOR-GR1,2026-04-11,1330,m3,water,Consolidated daily report +Utility Consumption & Power saving calculations -Apr 2026.xlsm,Consolidated Utility Readings.,28,Imported from 2026-04 consolidated utility readings
MOEHE HQ / Permanent HQ,KHA-WATER-METER-FOR-GR1,2026-04-12,1330,m3,water,Consolidated daily report +Utility Consumption & Power saving calculations -Apr 2026.xlsm,Consolidated Utility Readings.,28,Imported from 2026-04 consolidated utility readings
MOEHE HQ / Permanent HQ,KHA-WATER-METER-FOR-GR1,2026-04-13,1330,m3,water,Consolidated daily report +Utility Consumption & Power saving calculations -Apr 2026.xlsm,Consolidated Utility Readings.,28,Imported from 2026-04 consolidated utility readings
MOEHE HQ / Permanent HQ,KHA-WATER-METER-FOR-GR1,2026-04-14,1330,m3,water,Consolidated daily report +Utility Consumption & Power saving calculations -Apr 2026.xlsm,Consolidated Utility Readings.,28,Imported from 2026-04 consolidated utility readings
MOEHE HQ / Permanent HQ,KHA-WATER-METER-FOR-GR1,2026-04-15,1330,m3,water,Consolidated daily report +Utility Consumption & Power saving calculations -Apr 2026.xlsm,Consolidated Utility Readings.,28,Imported from 2026-04 consolidated utility readings
MOEHE HQ / Permanent HQ,KHA-WATER-METER-FOR-GR1,2026-04-16,1330,m3,water,Consolidated daily report +Utility Consumption & Power saving calculations -Apr 2026.xlsm,Consolidated Utility Readings.,28,Imported from 2026-04 consolidated utility readings
MOEHE HQ / Permanent HQ,KHA-WATER-METER-FOR-GR1,2026-04-17,1330,m3,water,Consolidated daily report +Utility Consumption & Power saving calculations -Apr 2026.xlsm,Consolidated Utility Readings.,28,Imported from 2026-04 consolidated utility readings
MOEHE HQ / Permanent HQ,KHA-WATER-METER-FOR-GR1,2026-04-18,1330,m3,water,Consolidated daily report +Utility Consumption & Power saving calculations -Apr 2026.xlsm,Consolidated Utility Readings.,28,Imported from 2026-04 consolidated utility readings
MOEHE HQ / Permanent HQ,KHA-WATER-METER-FOR-GR1,2026-04-19,1330,m3,water,Consolidated daily report +Utility Consumption & Power saving calculations -Apr 2026.xlsm,Consolidated Utility Readings.,28,Imported from 2026-04 consolidated utility readings
MOEHE HQ / Permanent HQ,KHA-WATER-METER-FOR-GR1,2026-04-20,1330,m3,water,Consolidated daily report +Utility Consumption & Power saving calculations -Apr 2026.xlsm,Consolidated Utility Readings.,28,Imported from 2026-04 consolidated utility readings
MOEHE HQ / Permanent HQ,KHA-WATER-METER-FOR-GR1,2026-04-21,1330,m3,water,Consolidated daily report +Utility Consumption & Power saving calculations -Apr 2026.xlsm,Consolidated Utility Readings.,28,Imported from 2026-04 consolidated utility readings
MOEHE HQ / Permanent HQ,KHA-WATER-METER-FOR-GR1,2026-04-22,1330,m3,water,Consolidated daily report +Utility Consumption & Power saving calculations -Apr 2026.xlsm,Consolidated Utility Readings.,28,Imported from 2026-04 consolidated utility readings
MOEHE HQ / Permanent HQ,KHA-WATER-METER-FOR-GR1,2026-04-23,1330,m3,water,Consolidated daily report +Utility Consumption & Power saving calculations -Apr 2026.xlsm,Consolidated Utility Readings.,28,Imported from 2026-04 consolidated utility readings
MOEHE HQ / Permanent HQ,KHA-WATER-METER-FOR-GR1,2026-04-24,1330,m3,water,Consolidated daily report +Utility Consumption & Power saving calculations -Apr 2026.xlsm,Consolidated Utility Readings.,28,Imported from 2026-04 consolidated utility readings
MOEHE HQ / Permanent HQ,KHA-WATER-METER-FOR-GR1,2026-04-25,1330,m3,water,Consolidated daily report +Utility Consumption & Power saving calculations -Apr 2026.xlsm,Consolidated Utility Readings.,28,Imported from 2026-04 consolidated utility readings
MOEHE HQ / Permanent HQ,KHA-WATER-METER-FOR-GR1,2026-04-26,1330,m3,water,Consolidated daily report +Utility Consumption & Power saving calculations -Apr 2026.xlsm,Consolidated Utility Readings.,28,Imported from 2026-04 consolidated utility readings
MOEHE HQ / Permanent HQ,KHA-WATER-METER-FOR-GR1,2026-04-27,1330,m3,water,Consolidated daily report +Utility Consumption & Power saving calculations -Apr 2026.xlsm,Consolidated Utility Readings.,28,Imported from 2026-04 consolidated utility readings
MOEHE HQ / Permanent HQ,KHA-WATER-METER-FOR-GR1,2026-04-28,1330,m3,water,Consolidated daily report +Utility Consumption & Power saving calculations -Apr 2026.xlsm,Consolidated Utility Readings.,28,Imported from 2026-04 consolidated utility readings
MOEHE HQ / Permanent HQ,KHA-WATER-METER-FOR-GR1,2026-04-29,1330,m3,water,Consolidated daily report +Utility Consumption & Power saving calculations -Apr 2026.xlsm,Consolidated Utility Readings.,28,Imported from 2026-04 consolidated utility readings
MOEHE HQ / Permanent HQ,KHA-WATER-METER-FOR-GR1,2026-04-30,1330,m3,water,Consolidated daily report +Utility Consumption & Power saving calculations -Apr 2026.xlsm,Consolidated Utility Readings.,28,Imported from 2026-04 consolidated utility readings
MOEHE HQ / Permanent HQ,KHA-WATER-METER-FOR-GR1,2026-05-01,1330,m3,water,Consolidated daily report +Utility Consumption & Power saving calculations -May 2026.xlsm,Consolidated Utility Readings.,28,Imported from 2026-05 consolidated utility readings
MOEHE HQ / Permanent HQ,KHA-WATER-METER-FOR-GR1,2026-05-02,1330,m3,water,Consolidated daily report +Utility Consumption & Power saving calculations -May 2026.xlsm,Consolidated Utility Readings.,28,Imported from 2026-05 consolidated utility readings
MOEHE HQ / Permanent HQ,KHA-WATER-METER-FOR-GR1,2026-05-03,1330,m3,water,Consolidated daily report +Utility Consumption & Power saving calculations -May 2026.xlsm,Consolidated Utility Readings.,28,Imported from 2026-05 consolidated utility readings
MOEHE HQ / Permanent HQ,KHA-WATER-METER-FOR-GR1,2026-05-04,1330,m3,water,Consolidated daily report +Utility Consumption & Power saving calculations -May 2026.xlsm,Consolidated Utility Readings.,28,Imported from 2026-05 consolidated utility readings
MOEHE HQ / Permanent HQ,KHA-WATER-METER-FOR-GR1,2026-05-05,1330,m3,water,Consolidated daily report +Utility Consumption & Power saving calculations -May 2026.xlsm,Consolidated Utility Readings.,28,Imported from 2026-05 consolidated utility readings
MOEHE HQ / Permanent HQ,KHA-WATER-METER-FOR-GR1,2026-05-06,1330,m3,water,Consolidated daily report +Utility Consumption & Power saving calculations -May 2026.xlsm,Consolidated Utility Readings.,28,Imported from 2026-05 consolidated utility readings
MOEHE HQ / Permanent HQ,KHA-WATER-METER-FOR-GR1,2026-05-07,1330,m3,water,Consolidated daily report +Utility Consumption & Power saving calculations -May 2026.xlsm,Consolidated Utility Readings.,28,Imported from 2026-05 consolidated utility readings
MOEHE HQ / Permanent HQ,KHA-WATER-METER-FOR-GR1,2026-05-08,1330,m3,water,Consolidated daily report +Utility Consumption & Power saving calculations -May 2026.xlsm,Consolidated Utility Readings.,28,Imported from 2026-05 consolidated utility readings
MOEHE HQ / Permanent HQ,KHA-WATER-METER-FOR-GR1,2026-05-09,1330,m3,water,Consolidated daily report +Utility Consumption & Power saving calculations -May 2026.xlsm,Consolidated Utility Readings.,28,Imported from 2026-05 consolidated utility readings
MOEHE HQ / Permanent HQ,KHA-WATER-METER-FOR-GR1,2026-05-10,1330,m3,water,Consolidated daily report +Utility Consumption & Power saving calculations -May 2026.xlsm,Consolidated Utility Readings.,28,Imported from 2026-05 consolidated utility readings
MOEHE HQ / Permanent HQ,KHA-WATER-METER-FOR-GR1,2026-05-11,1330,m3,water,Consolidated daily report +Utility Consumption & Power saving calculations -May 2026.xlsm,Consolidated Utility Readings.,28,Imported from 2026-05 consolidated utility readings
MOEHE HQ / Permanent HQ,KHA-WATER-METER-FOR-GR1,2026-05-12,1330,m3,water,Consolidated daily report +Utility Consumption & Power saving calculations -May 2026.xlsm,Consolidated Utility Readings.,28,Imported from 2026-05 consolidated utility readings
MOEHE HQ / Permanent HQ,KHA-WATER-METER-FOR-GR1,2026-05-13,1330,m3,water,Consolidated daily report +Utility Consumption & Power saving calculations -May 2026.xlsm,Consolidated Utility Readings.,28,Imported from 2026-05 consolidated utility readings
MOEHE HQ / Permanent HQ,KHA-WATER-METER-FOR-GR1,2026-05-14,1330,m3,water,Consolidated daily report +Utility Consumption & Power saving calculations -May 2026.xlsm,Consolidated Utility Readings.,28,Imported from 2026-05 consolidated utility readings
MOEHE HQ / Permanent HQ,KHA-WATER-METER-FOR-GR1,2026-05-15,1330,m3,water,Consolidated daily report +Utility Consumption & Power saving calculations -May 2026.xlsm,Consolidated Utility Readings.,28,Imported from 2026-05 consolidated utility readings
MOEHE HQ / Permanent HQ,KHA-WATER-METER-FOR-GR1,2026-05-16,1330,m3,water,Consolidated daily report +Utility Consumption & Power saving calculations -May 2026.xlsm,Consolidated Utility Readings.,28,Imported from 2026-05 consolidated utility readings
MOEHE HQ / Permanent HQ,KHA-WATER-METER-FOR-GR1,2026-05-17,1330,m3,water,Consolidated daily report +Utility Consumption & Power saving calculations -May 2026.xlsm,Consolidated Utility Readings.,28,Imported from 2026-05 consolidated utility readings
MOEHE HQ / Permanent HQ,KHA-WATER-METER-FOR-GR1,2026-05-18,1330,m3,water,Consolidated daily report +Utility Consumption & Power saving calculations -May 2026.xlsm,Consolidated Utility Readings.,28,Imported from 2026-05 consolidated utility readings
MOEHE HQ / Permanent HQ,KHA-WATER-METER-FOR-GR1,2026-05-19,1330,m3,water,Consolidated daily report +Utility Consumption & Power saving calculations -May 2026.xlsm,Consolidated Utility Readings.,28,Imported from 2026-05 consolidated utility readings
MOEHE HQ / Permanent HQ,KHA-WATER-METER-FOR-GR1,2026-05-20,1330,m3,water,Consolidated daily report +Utility Consumption & Power saving calculations -May 2026.xlsm,Consolidated Utility Readings.,28,Imported from 2026-05 consolidated utility readings
MOEHE HQ / Permanent HQ,KHA-WATER-METER-FOR-GR1,2026-05-21,1330,m3,water,Consolidated daily report +Utility Consumption & Power saving calculations -May 2026.xlsm,Consolidated Utility Readings.,28,Imported from 2026-05 consolidated utility readings
MOEHE HQ / Permanent HQ,KHA-WATER-METER-FOR-GR1,2026-05-22,1330,m3,water,Consolidated daily report +Utility Consumption & Power saving calculations -May 2026.xlsm,Consolidated Utility Readings.,28,Imported from 2026-05 consolidated utility readings
MOEHE HQ / Permanent HQ,KHA-WATER-METER-FOR-GR1,2026-05-23,1330,m3,water,Consolidated daily report +Utility Consumption & Power saving calculations -May 2026.xlsm,Consolidated Utility Readings.,28,Imported from 2026-05 consolidated utility readings
MOEHE HQ / Permanent HQ,KHA-WATER-METER-FOR-GR1,2026-05-24,1330,m3,water,Consolidated daily report +Utility Consumption & Power saving calculations -May 2026.xlsm,Consolidated Utility Readings.,28,Imported from 2026-05 consolidated utility readings
MOEHE HQ / Permanent HQ,KHA-WATER-METER-FOR-GR1,2026-05-25,1330,m3,water,Consolidated daily report +Utility Consumption & Power saving calculations -May 2026.xlsm,Consolidated Utility Readings.,28,Imported from 2026-05 consolidated utility readings
MOEHE HQ / Permanent HQ,KHA-WATER-METER-FOR-GR1,2026-05-26,1330,m3,water,Consolidated daily report +Utility Consumption & Power saving calculations -May 2026.xlsm,Consolidated Utility Readings.,28,Imported from 2026-05 consolidated utility readings
MOEHE HQ / Permanent HQ,KHA-WATER-METER-FOR-GR1,2026-05-27,1330,m3,water,Consolidated daily report +Utility Consumption & Power saving calculations -May 2026.xlsm,Consolidated Utility Readings.,28,Imported from 2026-05 consolidated utility readings
MOEHE HQ / Permanent HQ,KHA-WATER-METER-FOR-GR1,2026-05-28,1330,m3,water,Consolidated daily report +Utility Consumption & Power saving calculations -May 2026.xlsm,Consolidated Utility Readings.,28,Imported from 2026-05 consolidated utility readings
MOEHE HQ / Permanent HQ,KHA-WATER-METER-FOR-GR1,2026-05-29,1330,m3,water,Consolidated daily report +Utility Consumption & Power saving calculations -May 2026.xlsm,Consolidated Utility Readings.,28,Imported from 2026-05 consolidated utility readings
MOEHE HQ / Permanent HQ,KHA-WATER-METER-FOR-GR1,2026-05-30,1330,m3,water,Consolidated daily report +Utility Consumption & Power saving calculations -May 2026.xlsm,Consolidated Utility Readings.,28,Imported from 2026-05 consolidated utility readings
MOEHE HQ / Permanent HQ,KHA-WATER-METER-FOR-GR1,2026-05-31,1330,m3,water,Consolidated daily report +Utility Consumption & Power saving calculations -May 2026.xlsm,Consolidated Utility Readings.,28,Imported from 2026-05 consolidated utility readings
MOEHE HQ / Permanent HQ,KHA-WATER-METER-FOR-GR2,2026-03-01,1498,m3,water,Consolidated daily report +Utility Consumption & Power saving calculations -Mar 2026.xlsm,Consolidated Utility Readings.,29,Imported from 2026-03 consolidated utility readings
MOEHE HQ / Permanent HQ,KHA-WATER-METER-FOR-GR2,2026-03-02,1499,m3,water,Consolidated daily report +Utility Consumption & Power saving calculations -Mar 2026.xlsm,Consolidated Utility Readings.,29,Imported from 2026-03 consolidated utility readings
MOEHE HQ / Permanent HQ,KHA-WATER-METER-FOR-GR2,2026-03-03,1499,m3,water,Consolidated daily report +Utility Consumption & Power saving calculations -Mar 2026.xlsm,Consolidated Utility Readings.,29,Imported from 2026-03 consolidated utility readings
MOEHE HQ / Permanent HQ,KHA-WATER-METER-FOR-GR2,2026-03-04,1499,m3,water,Consolidated daily report +Utility Consumption & Power saving calculations -Mar 2026.xlsm,Consolidated Utility Readings.,29,Imported from 2026-03 consolidated utility readings
MOEHE HQ / Permanent HQ,KHA-WATER-METER-FOR-GR2,2026-03-05,1499,m3,water,Consolidated daily report +Utility Consumption & Power saving calculations -Mar 2026.xlsm,Consolidated Utility Readings.,29,Imported from 2026-03 consolidated utility readings
MOEHE HQ / Permanent HQ,KHA-WATER-METER-FOR-GR2,2026-03-06,1503,m3,water,Consolidated daily report +Utility Consumption & Power saving calculations -Mar 2026.xlsm,Consolidated Utility Readings.,29,Imported from 2026-03 consolidated utility readings
MOEHE HQ / Permanent HQ,KHA-WATER-METER-FOR-GR2,2026-03-07,1503,m3,water,Consolidated daily report +Utility Consumption & Power saving calculations -Mar 2026.xlsm,Consolidated Utility Readings.,29,Imported from 2026-03 consolidated utility readings
MOEHE HQ / Permanent HQ,KHA-WATER-METER-FOR-GR2,2026-03-08,1504,m3,water,Consolidated daily report +Utility Consumption & Power saving calculations -Mar 2026.xlsm,Consolidated Utility Readings.,29,Imported from 2026-03 consolidated utility readings
MOEHE HQ / Permanent HQ,KHA-WATER-METER-FOR-GR2,2026-03-09,1505,m3,water,Consolidated daily report +Utility Consumption & Power saving calculations -Mar 2026.xlsm,Consolidated Utility Readings.,29,Imported from 2026-03 consolidated utility readings
MOEHE HQ / Permanent HQ,KHA-WATER-METER-FOR-GR2,2026-03-10,1505,m3,water,Consolidated daily report +Utility Consumption & Power saving calculations -Mar 2026.xlsm,Consolidated Utility Readings.,29,Imported from 2026-03 consolidated utility readings
MOEHE HQ / Permanent HQ,KHA-WATER-METER-FOR-GR2,2026-03-11,1507,m3,water,Consolidated daily report +Utility Consumption & Power saving calculations -Mar 2026.xlsm,Consolidated Utility Readings.,29,Imported from 2026-03 consolidated utility readings
MOEHE HQ / Permanent HQ,KHA-WATER-METER-FOR-GR2,2026-03-12,1508,m3,water,Consolidated daily report +Utility Consumption & Power saving calculations -Mar 2026.xlsm,Consolidated Utility Readings.,29,Imported from 2026-03 consolidated utility readings
MOEHE HQ / Permanent HQ,KHA-WATER-METER-FOR-GR2,2026-03-13,1508,m3,water,Consolidated daily report +Utility Consumption & Power saving calculations -Mar 2026.xlsm,Consolidated Utility Readings.,29,Imported from 2026-03 consolidated utility readings
MOEHE HQ / Permanent HQ,KHA-WATER-METER-FOR-GR2,2026-03-14,1509,m3,water,Consolidated daily report +Utility Consumption & Power saving calculations -Mar 2026.xlsm,Consolidated Utility Readings.,29,Imported from 2026-03 consolidated utility readings
MOEHE HQ / Permanent HQ,KHA-WATER-METER-FOR-GR2,2026-03-15,1510,m3,water,Consolidated daily report +Utility Consumption & Power saving calculations -Mar 2026.xlsm,Consolidated Utility Readings.,29,Imported from 2026-03 consolidated utility readings
MOEHE HQ / Permanent HQ,KHA-WATER-METER-FOR-GR2,2026-03-16,1510,m3,water,Consolidated daily report +Utility Consumption & Power saving calculations -Mar 2026.xlsm,Consolidated Utility Readings.,29,Imported from 2026-03 consolidated utility readings
MOEHE HQ / Permanent HQ,KHA-WATER-METER-FOR-GR2,2026-03-17,1511,m3,water,Consolidated daily report +Utility Consumption & Power saving calculations -Mar 2026.xlsm,Consolidated Utility Readings.,29,Imported from 2026-03 consolidated utility readings
MOEHE HQ / Permanent HQ,KHA-WATER-METER-FOR-GR2,2026-03-18,1512,m3,water,Consolidated daily report +Utility Consumption & Power saving calculations -Mar 2026.xlsm,Consolidated Utility Readings.,29,Imported from 2026-03 consolidated utility readings
MOEHE HQ / Permanent HQ,KHA-WATER-METER-FOR-GR2,2026-03-19,1513,m3,water,Consolidated daily report +Utility Consumption & Power saving calculations -Mar 2026.xlsm,Consolidated Utility Readings.,29,Imported from 2026-03 consolidated utility readings
MOEHE HQ / Permanent HQ,KHA-WATER-METER-FOR-GR2,2026-03-20,1513,m3,water,Consolidated daily report +Utility Consumption & Power saving calculations -Mar 2026.xlsm,Consolidated Utility Readings.,29,Imported from 2026-03 consolidated utility readings
MOEHE HQ / Permanent HQ,KHA-WATER-METER-FOR-GR2,2026-03-21,1513,m3,water,Consolidated daily report +Utility Consumption & Power saving calculations -Mar 2026.xlsm,Consolidated Utility Readings.,29,Imported from 2026-03 consolidated utility readings
MOEHE HQ / Permanent HQ,KHA-WATER-METER-FOR-GR2,2026-03-22,1513,m3,water,Consolidated daily report +Utility Consumption & Power saving calculations -Mar 2026.xlsm,Consolidated Utility Readings.,29,Imported from 2026-03 consolidated utility readings
MOEHE HQ / Permanent HQ,KHA-WATER-METER-FOR-GR2,2026-03-23,1515,m3,water,Consolidated daily report +Utility Consumption & Power saving calculations -Mar 2026.xlsm,Consolidated Utility Readings.,29,Imported from 2026-03 consolidated utility readings
MOEHE HQ / Permanent HQ,KHA-WATER-METER-FOR-GR2,2026-03-24,1516,m3,water,Consolidated daily report +Utility Consumption & Power saving calculations -Mar 2026.xlsm,Consolidated Utility Readings.,29,Imported from 2026-03 consolidated utility readings
MOEHE HQ / Permanent HQ,KHA-WATER-METER-FOR-GR2,2026-03-25,1516,m3,water,Consolidated daily report +Utility Consumption & Power saving calculations -Mar 2026.xlsm,Consolidated Utility Readings.,29,Imported from 2026-03 consolidated utility readings
MOEHE HQ / Permanent HQ,KHA-WATER-METER-FOR-GR2,2026-03-26,1517,m3,water,Consolidated daily report +Utility Consumption & Power saving calculations -Mar 2026.xlsm,Consolidated Utility Readings.,29,Imported from 2026-03 consolidated utility readings
MOEHE HQ / Permanent HQ,KHA-WATER-METER-FOR-GR2,2026-03-27,1518,m3,water,Consolidated daily report +Utility Consumption & Power saving calculations -Mar 2026.xlsm,Consolidated Utility Readings.,29,Imported from 2026-03 consolidated utility readings
MOEHE HQ / Permanent HQ,KHA-WATER-METER-FOR-GR2,2026-03-28,1518,m3,water,Consolidated daily report +Utility Consumption & Power saving calculations -Mar 2026.xlsm,Consolidated Utility Readings.,29,Imported from 2026-03 consolidated utility readings
MOEHE HQ / Permanent HQ,KHA-WATER-METER-FOR-GR2,2026-03-29,1519,m3,water,Consolidated daily report +Utility Consumption & Power saving calculations -Mar 2026.xlsm,Consolidated Utility Readings.,29,Imported from 2026-03 consolidated utility readings
MOEHE HQ / Permanent HQ,KHA-WATER-METER-FOR-GR2,2026-03-30,1520,m3,water,Consolidated daily report +Utility Consumption & Power saving calculations -Mar 2026.xlsm,Consolidated Utility Readings.,29,Imported from 2026-03 consolidated utility readings
MOEHE HQ / Permanent HQ,KHA-WATER-METER-FOR-GR2,2026-03-31,1521,m3,water,Consolidated daily report +Utility Consumption & Power saving calculations -Mar 2026.xlsm,Consolidated Utility Readings.,29,Imported from 2026-03 consolidated utility readings
MOEHE HQ / Permanent HQ,KHA-WATER-METER-FOR-GR2,2026-04-01,1522,m3,water,Consolidated daily report +Utility Consumption & Power saving calculations -Apr 2026.xlsm,Consolidated Utility Readings.,29,Imported from 2026-04 consolidated utility readings
MOEHE HQ / Permanent HQ,KHA-WATER-METER-FOR-GR2,2026-04-02,1523,m3,water,Consolidated daily report +Utility Consumption & Power saving calculations -Apr 2026.xlsm,Consolidated Utility Readings.,29,Imported from 2026-04 consolidated utility readings
MOEHE HQ / Permanent HQ,KHA-WATER-METER-FOR-GR2,2026-04-03,1524,m3,water,Consolidated daily report +Utility Consumption & Power saving calculations -Apr 2026.xlsm,Consolidated Utility Readings.,29,Imported from 2026-04 consolidated utility readings
MOEHE HQ / Permanent HQ,KHA-WATER-METER-FOR-GR2,2026-04-04,1524,m3,water,Consolidated daily report +Utility Consumption & Power saving calculations -Apr 2026.xlsm,Consolidated Utility Readings.,29,Imported from 2026-04 consolidated utility readings
MOEHE HQ / Permanent HQ,KHA-WATER-METER-FOR-GR2,2026-04-05,1525,m3,water,Consolidated daily report +Utility Consumption & Power saving calculations -Apr 2026.xlsm,Consolidated Utility Readings.,29,Imported from 2026-04 consolidated utility readings
MOEHE HQ / Permanent HQ,KHA-WATER-METER-FOR-GR2,2026-04-06,1526,m3,water,Consolidated daily report +Utility Consumption & Power saving calculations -Apr 2026.xlsm,Consolidated Utility Readings.,29,Imported from 2026-04 consolidated utility readings
MOEHE HQ / Permanent HQ,KHA-WATER-METER-FOR-GR2,2026-04-07,1527,m3,water,Consolidated daily report +Utility Consumption & Power saving calculations -Apr 2026.xlsm,Consolidated Utility Readings.,29,Imported from 2026-04 consolidated utility readings
MOEHE HQ / Permanent HQ,KHA-WATER-METER-FOR-GR2,2026-04-08,1528,m3,water,Consolidated daily report +Utility Consumption & Power saving calculations -Apr 2026.xlsm,Consolidated Utility Readings.,29,Imported from 2026-04 consolidated utility readings
MOEHE HQ / Permanent HQ,KHA-WATER-METER-FOR-GR2,2026-04-09,1529,m3,water,Consolidated daily report +Utility Consumption & Power saving calculations -Apr 2026.xlsm,Consolidated Utility Readings.,29,Imported from 2026-04 consolidated utility readings
MOEHE HQ / Permanent HQ,KHA-WATER-METER-FOR-GR2,2026-04-10,1530,m3,water,Consolidated daily report +Utility Consumption & Power saving calculations -Apr 2026.xlsm,Consolidated Utility Readings.,29,Imported from 2026-04 consolidated utility readings
MOEHE HQ / Permanent HQ,KHA-WATER-METER-FOR-GR2,2026-04-11,1531,m3,water,Consolidated daily report +Utility Consumption & Power saving calculations -Apr 2026.xlsm,Consolidated Utility Readings.,29,Imported from 2026-04 consolidated utility readings
MOEHE HQ / Permanent HQ,KHA-WATER-METER-FOR-GR2,2026-04-12,1532,m3,water,Consolidated daily report +Utility Consumption & Power saving calculations -Apr 2026.xlsm,Consolidated Utility Readings.,29,Imported from 2026-04 consolidated utility readings
MOEHE HQ / Permanent HQ,KHA-WATER-METER-FOR-GR2,2026-04-13,1533,m3,water,Consolidated daily report +Utility Consumption & Power saving calculations -Apr 2026.xlsm,Consolidated Utility Readings.,29,Imported from 2026-04 consolidated utility readings
MOEHE HQ / Permanent HQ,KHA-WATER-METER-FOR-GR2,2026-04-14,1533,m3,water,Consolidated daily report +Utility Consumption & Power saving calculations -Apr 2026.xlsm,Consolidated Utility Readings.,29,Imported from 2026-04 consolidated utility readings
MOEHE HQ / Permanent HQ,KHA-WATER-METER-FOR-GR2,2026-04-15,1534,m3,water,Consolidated daily report +Utility Consumption & Power saving calculations -Apr 2026.xlsm,Consolidated Utility Readings.,29,Imported from 2026-04 consolidated utility readings
MOEHE HQ / Permanent HQ,KHA-WATER-METER-FOR-GR2,2026-04-16,1535,m3,water,Consolidated daily report +Utility Consumption & Power saving calculations -Apr 2026.xlsm,Consolidated Utility Readings.,29,Imported from 2026-04 consolidated utility readings
MOEHE HQ / Permanent HQ,KHA-WATER-METER-FOR-GR2,2026-04-17,1536,m3,water,Consolidated daily report +Utility Consumption & Power saving calculations -Apr 2026.xlsm,Consolidated Utility Readings.,29,Imported from 2026-04 consolidated utility readings
MOEHE HQ / Permanent HQ,KHA-WATER-METER-FOR-GR2,2026-04-18,1537,m3,water,Consolidated daily report +Utility Consumption & Power saving calculations -Apr 2026.xlsm,Consolidated Utility Readings.,29,Imported from 2026-04 consolidated utility readings
MOEHE HQ / Permanent HQ,KHA-WATER-METER-FOR-GR2,2026-04-19,1537,m3,water,Consolidated daily report +Utility Consumption & Power saving calculations -Apr 2026.xlsm,Consolidated Utility Readings.,29,Imported from 2026-04 consolidated utility readings
MOEHE HQ / Permanent HQ,KHA-WATER-METER-FOR-GR2,2026-04-20,1538,m3,water,Consolidated daily report +Utility Consumption & Power saving calculations -Apr 2026.xlsm,Consolidated Utility Readings.,29,Imported from 2026-04 consolidated utility readings
MOEHE HQ / Permanent HQ,KHA-WATER-METER-FOR-GR2,2026-04-21,1539,m3,water,Consolidated daily report +Utility Consumption & Power saving calculations -Apr 2026.xlsm,Consolidated Utility Readings.,29,Imported from 2026-04 consolidated utility readings
MOEHE HQ / Permanent HQ,KHA-WATER-METER-FOR-GR2,2026-04-22,1540,m3,water,Consolidated daily report +Utility Consumption & Power saving calculations -Apr 2026.xlsm,Consolidated Utility Readings.,29,Imported from 2026-04 consolidated utility readings
MOEHE HQ / Permanent HQ,KHA-WATER-METER-FOR-GR2,2026-04-23,1541,m3,water,Consolidated daily report +Utility Consumption & Power saving calculations -Apr 2026.xlsm,Consolidated Utility Readings.,29,Imported from 2026-04 consolidated utility readings
MOEHE HQ / Permanent HQ,KHA-WATER-METER-FOR-GR2,2026-04-24,1542,m3,water,Consolidated daily report +Utility Consumption & Power saving calculations -Apr 2026.xlsm,Consolidated Utility Readings.,29,Imported from 2026-04 consolidated utility readings
MOEHE HQ / Permanent HQ,KHA-WATER-METER-FOR-GR2,2026-04-25,1542,m3,water,Consolidated daily report +Utility Consumption & Power saving calculations -Apr 2026.xlsm,Consolidated Utility Readings.,29,Imported from 2026-04 consolidated utility readings
MOEHE HQ / Permanent HQ,KHA-WATER-METER-FOR-GR2,2026-04-26,1543,m3,water,Consolidated daily report +Utility Consumption & Power saving calculations -Apr 2026.xlsm,Consolidated Utility Readings.,29,Imported from 2026-04 consolidated utility readings
MOEHE HQ / Permanent HQ,KHA-WATER-METER-FOR-GR2,2026-04-27,1544,m3,water,Consolidated daily report +Utility Consumption & Power saving calculations -Apr 2026.xlsm,Consolidated Utility Readings.,29,Imported from 2026-04 consolidated utility readings
MOEHE HQ / Permanent HQ,KHA-WATER-METER-FOR-GR2,2026-04-28,1545,m3,water,Consolidated daily report +Utility Consumption & Power saving calculations -Apr 2026.xlsm,Consolidated Utility Readings.,29,Imported from 2026-04 consolidated utility readings
MOEHE HQ / Permanent HQ,KHA-WATER-METER-FOR-GR2,2026-04-29,1546,m3,water,Consolidated daily report +Utility Consumption & Power saving calculations -Apr 2026.xlsm,Consolidated Utility Readings.,29,Imported from 2026-04 consolidated utility readings
MOEHE HQ / Permanent HQ,KHA-WATER-METER-FOR-GR2,2026-04-30,1547,m3,water,Consolidated daily report +Utility Consumption & Power saving calculations -Apr 2026.xlsm,Consolidated Utility Readings.,29,Imported from 2026-04 consolidated utility readings
MOEHE HQ / Permanent HQ,KHA-WATER-METER-FOR-GR2,2026-05-01,1548,m3,water,Consolidated daily report +Utility Consumption & Power saving calculations -May 2026.xlsm,Consolidated Utility Readings.,29,Imported from 2026-05 consolidated utility readings
MOEHE HQ / Permanent HQ,KHA-WATER-METER-FOR-GR2,2026-05-02,1548,m3,water,Consolidated daily report +Utility Consumption & Power saving calculations -May 2026.xlsm,Consolidated Utility Readings.,29,Imported from 2026-05 consolidated utility readings
MOEHE HQ / Permanent HQ,KHA-WATER-METER-FOR-GR2,2026-05-03,1549,m3,water,Consolidated daily report +Utility Consumption & Power saving calculations -May 2026.xlsm,Consolidated Utility Readings.,29,Imported from 2026-05 consolidated utility readings
MOEHE HQ / Permanent HQ,KHA-WATER-METER-FOR-GR2,2026-05-04,1550,m3,water,Consolidated daily report +Utility Consumption & Power saving calculations -May 2026.xlsm,Consolidated Utility Readings.,29,Imported from 2026-05 consolidated utility readings
MOEHE HQ / Permanent HQ,KHA-WATER-METER-FOR-GR2,2026-05-05,1550,m3,water,Consolidated daily report +Utility Consumption & Power saving calculations -May 2026.xlsm,Consolidated Utility Readings.,29,Imported from 2026-05 consolidated utility readings
MOEHE HQ / Permanent HQ,KHA-WATER-METER-FOR-GR2,2026-05-06,1551,m3,water,Consolidated daily report +Utility Consumption & Power saving calculations -May 2026.xlsm,Consolidated Utility Readings.,29,Imported from 2026-05 consolidated utility readings
MOEHE HQ / Permanent HQ,KHA-WATER-METER-FOR-GR2,2026-05-07,1552,m3,water,Consolidated daily report +Utility Consumption & Power saving calculations -May 2026.xlsm,Consolidated Utility Readings.,29,Imported from 2026-05 consolidated utility readings
MOEHE HQ / Permanent HQ,KHA-WATER-METER-FOR-GR2,2026-05-08,1553,m3,water,Consolidated daily report +Utility Consumption & Power saving calculations -May 2026.xlsm,Consolidated Utility Readings.,29,Imported from 2026-05 consolidated utility readings
MOEHE HQ / Permanent HQ,KHA-WATER-METER-FOR-GR2,2026-05-09,1554,m3,water,Consolidated daily report +Utility Consumption & Power saving calculations -May 2026.xlsm,Consolidated Utility Readings.,29,Imported from 2026-05 consolidated utility readings
MOEHE HQ / Permanent HQ,KHA-WATER-METER-FOR-GR2,2026-05-10,1554,m3,water,Consolidated daily report +Utility Consumption & Power saving calculations -May 2026.xlsm,Consolidated Utility Readings.,29,Imported from 2026-05 consolidated utility readings
MOEHE HQ / Permanent HQ,KHA-WATER-METER-FOR-GR2,2026-05-11,1555,m3,water,Consolidated daily report +Utility Consumption & Power saving calculations -May 2026.xlsm,Consolidated Utility Readings.,29,Imported from 2026-05 consolidated utility readings
MOEHE HQ / Permanent HQ,KHA-WATER-METER-FOR-GR2,2026-05-12,1556,m3,water,Consolidated daily report +Utility Consumption & Power saving calculations -May 2026.xlsm,Consolidated Utility Readings.,29,Imported from 2026-05 consolidated utility readings
MOEHE HQ / Permanent HQ,KHA-WATER-METER-FOR-GR2,2026-05-13,1556,m3,water,Consolidated daily report +Utility Consumption & Power saving calculations -May 2026.xlsm,Consolidated Utility Readings.,29,Imported from 2026-05 consolidated utility readings
MOEHE HQ / Permanent HQ,KHA-WATER-METER-FOR-GR2,2026-05-14,1556,m3,water,Consolidated daily report +Utility Consumption & Power saving calculations -May 2026.xlsm,Consolidated Utility Readings.,29,Imported from 2026-05 consolidated utility readings
MOEHE HQ / Permanent HQ,KHA-WATER-METER-FOR-GR2,2026-05-15,1558,m3,water,Consolidated daily report +Utility Consumption & Power saving calculations -May 2026.xlsm,Consolidated Utility Readings.,29,Imported from 2026-05 consolidated utility readings
MOEHE HQ / Permanent HQ,KHA-WATER-METER-FOR-GR2,2026-05-16,1558,m3,water,Consolidated daily report +Utility Consumption & Power saving calculations -May 2026.xlsm,Consolidated Utility Readings.,29,Imported from 2026-05 consolidated utility readings
MOEHE HQ / Permanent HQ,KHA-WATER-METER-FOR-GR2,2026-05-17,1558,m3,water,Consolidated daily report +Utility Consumption & Power saving calculations -May 2026.xlsm,Consolidated Utility Readings.,29,Imported from 2026-05 consolidated utility readings
MOEHE HQ / Permanent HQ,KHA-WATER-METER-FOR-GR2,2026-05-18,1560,m3,water,Consolidated daily report +Utility Consumption & Power saving calculations -May 2026.xlsm,Consolidated Utility Readings.,29,Imported from 2026-05 consolidated utility readings
MOEHE HQ / Permanent HQ,KHA-WATER-METER-FOR-GR2,2026-05-19,1560,m3,water,Consolidated daily report +Utility Consumption & Power saving calculations -May 2026.xlsm,Consolidated Utility Readings.,29,Imported from 2026-05 consolidated utility readings
MOEHE HQ / Permanent HQ,KHA-WATER-METER-FOR-GR2,2026-05-20,1561,m3,water,Consolidated daily report +Utility Consumption & Power saving calculations -May 2026.xlsm,Consolidated Utility Readings.,29,Imported from 2026-05 consolidated utility readings
MOEHE HQ / Permanent HQ,KHA-WATER-METER-FOR-GR2,2026-05-21,1564,m3,water,Consolidated daily report +Utility Consumption & Power saving calculations -May 2026.xlsm,Consolidated Utility Readings.,29,Imported from 2026-05 consolidated utility readings
MOEHE HQ / Permanent HQ,KHA-WATER-METER-FOR-GR2,2026-05-22,1564,m3,water,Consolidated daily report +Utility Consumption & Power saving calculations -May 2026.xlsm,Consolidated Utility Readings.,29,Imported from 2026-05 consolidated utility readings
MOEHE HQ / Permanent HQ,KHA-WATER-METER-FOR-GR2,2026-05-23,1564,m3,water,Consolidated daily report +Utility Consumption & Power saving calculations -May 2026.xlsm,Consolidated Utility Readings.,29,Imported from 2026-05 consolidated utility readings
MOEHE HQ / Permanent HQ,KHA-WATER-METER-FOR-GR2,2026-05-24,1565,m3,water,Consolidated daily report +Utility Consumption & Power saving calculations -May 2026.xlsm,Consolidated Utility Readings.,29,Imported from 2026-05 consolidated utility readings
MOEHE HQ / Permanent HQ,KHA-WATER-METER-FOR-GR2,2026-05-25,1566,m3,water,Consolidated daily report +Utility Consumption & Power saving calculations -May 2026.xlsm,Consolidated Utility Readings.,29,Imported from 2026-05 consolidated utility readings
MOEHE HQ / Permanent HQ,KHA-WATER-METER-FOR-GR2,2026-05-26,1566,m3,water,Consolidated daily report +Utility Consumption & Power saving calculations -May 2026.xlsm,Consolidated Utility Readings.,29,Imported from 2026-05 consolidated utility readings
MOEHE HQ / Permanent HQ,KHA-WATER-METER-FOR-GR2,2026-05-27,1566,m3,water,Consolidated daily report +Utility Consumption & Power saving calculations -May 2026.xlsm,Consolidated Utility Readings.,29,Imported from 2026-05 consolidated utility readings
MOEHE HQ / Permanent HQ,KHA-WATER-METER-FOR-GR2,2026-05-28,1566,m3,water,Consolidated daily report +Utility Consumption & Power saving calculations -May 2026.xlsm,Consolidated Utility Readings.,29,Imported from 2026-05 consolidated utility readings
MOEHE HQ / Permanent HQ,KHA-WATER-METER-FOR-GR2,2026-05-29,1566,m3,water,Consolidated daily report +Utility Consumption & Power saving calculations -May 2026.xlsm,Consolidated Utility Readings.,29,Imported from 2026-05 consolidated utility readings
MOEHE HQ / Permanent HQ,KHA-WATER-METER-FOR-GR2,2026-05-30,1566,m3,water,Consolidated daily report +Utility Consumption & Power saving calculations -May 2026.xlsm,Consolidated Utility Readings.,29,Imported from 2026-05 consolidated utility readings
MOEHE HQ / Permanent HQ,KHA-WATER-METER-FOR-GR2,2026-05-31,1568,m3,water,Consolidated daily report +Utility Consumption & Power saving calculations -May 2026.xlsm,Consolidated Utility Readings.,29,Imported from 2026-05 consolidated utility readings
MOEHE HQ / Permanent HQ,MAKEUP-KAHRAMMA,2026-03-01,0,m3,flow,Consolidated daily report +Utility Consumption & Power saving calculations -Mar 2026.xlsm,Consolidated Utility Readings.,40,Imported from 2026-03 consolidated utility readings
MOEHE HQ / Permanent HQ,MAKEUP-KAHRAMMA,2026-03-02,0,m3,flow,Consolidated daily report +Utility Consumption & Power saving calculations -Mar 2026.xlsm,Consolidated Utility Readings.,40,Imported from 2026-03 consolidated utility readings
MOEHE HQ / Permanent HQ,MAKEUP-KAHRAMMA,2026-03-03,0,m3,flow,Consolidated daily report +Utility Consumption & Power saving calculations -Mar 2026.xlsm,Consolidated Utility Readings.,40,Imported from 2026-03 consolidated utility readings
MOEHE HQ / Permanent HQ,MAKEUP-KAHRAMMA,2026-03-04,0,m3,flow,Consolidated daily report +Utility Consumption & Power saving calculations -Mar 2026.xlsm,Consolidated Utility Readings.,40,Imported from 2026-03 consolidated utility readings
MOEHE HQ / Permanent HQ,MAKEUP-KAHRAMMA,2026-03-05,0,m3,flow,Consolidated daily report +Utility Consumption & Power saving calculations -Mar 2026.xlsm,Consolidated Utility Readings.,40,Imported from 2026-03 consolidated utility readings
MOEHE HQ / Permanent HQ,MAKEUP-KAHRAMMA,2026-03-06,0,m3,flow,Consolidated daily report +Utility Consumption & Power saving calculations -Mar 2026.xlsm,Consolidated Utility Readings.,40,Imported from 2026-03 consolidated utility readings
MOEHE HQ / Permanent HQ,MAKEUP-KAHRAMMA,2026-03-07,0,m3,flow,Consolidated daily report +Utility Consumption & Power saving calculations -Mar 2026.xlsm,Consolidated Utility Readings.,40,Imported from 2026-03 consolidated utility readings
MOEHE HQ / Permanent HQ,MAKEUP-KAHRAMMA,2026-03-08,0,m3,flow,Consolidated daily report +Utility Consumption & Power saving calculations -Mar 2026.xlsm,Consolidated Utility Readings.,40,Imported from 2026-03 consolidated utility readings
MOEHE HQ / Permanent HQ,MAKEUP-KAHRAMMA,2026-03-09,0,m3,flow,Consolidated daily report +Utility Consumption & Power saving calculations -Mar 2026.xlsm,Consolidated Utility Readings.,40,Imported from 2026-03 consolidated utility readings
MOEHE HQ / Permanent HQ,MAKEUP-KAHRAMMA,2026-03-10,0,m3,flow,Consolidated daily report +Utility Consumption & Power saving calculations -Mar 2026.xlsm,Consolidated Utility Readings.,40,Imported from 2026-03 consolidated utility readings
MOEHE HQ / Permanent HQ,MAKEUP-KAHRAMMA,2026-03-11,0,m3,flow,Consolidated daily report +Utility Consumption & Power saving calculations -Mar 2026.xlsm,Consolidated Utility Readings.,40,Imported from 2026-03 consolidated utility readings
MOEHE HQ / Permanent HQ,MAKEUP-KAHRAMMA,2026-03-12,0,m3,flow,Consolidated daily report +Utility Consumption & Power saving calculations -Mar 2026.xlsm,Consolidated Utility Readings.,40,Imported from 2026-03 consolidated utility readings
MOEHE HQ / Permanent HQ,MAKEUP-KAHRAMMA,2026-03-13,0,m3,flow,Consolidated daily report +Utility Consumption & Power saving calculations -Mar 2026.xlsm,Consolidated Utility Readings.,40,Imported from 2026-03 consolidated utility readings
MOEHE HQ / Permanent HQ,MAKEUP-KAHRAMMA,2026-03-14,0,m3,flow,Consolidated daily report +Utility Consumption & Power saving calculations -Mar 2026.xlsm,Consolidated Utility Readings.,40,Imported from 2026-03 consolidated utility readings
MOEHE HQ / Permanent HQ,MAKEUP-KAHRAMMA,2026-03-15,0,m3,flow,Consolidated daily report +Utility Consumption & Power saving calculations -Mar 2026.xlsm,Consolidated Utility Readings.,40,Imported from 2026-03 consolidated utility readings
MOEHE HQ / Permanent HQ,MAKEUP-KAHRAMMA,2026-03-16,0,m3,flow,Consolidated daily report +Utility Consumption & Power saving calculations -Mar 2026.xlsm,Consolidated Utility Readings.,40,Imported from 2026-03 consolidated utility readings
MOEHE HQ / Permanent HQ,MAKEUP-KAHRAMMA,2026-03-17,0,m3,flow,Consolidated daily report +Utility Consumption & Power saving calculations -Mar 2026.xlsm,Consolidated Utility Readings.,40,Imported from 2026-03 consolidated utility readings
MOEHE HQ / Permanent HQ,MAKEUP-KAHRAMMA,2026-03-18,0,m3,flow,Consolidated daily report +Utility Consumption & Power saving calculations -Mar 2026.xlsm,Consolidated Utility Readings.,40,Imported from 2026-03 consolidated utility readings
MOEHE HQ / Permanent HQ,MAKEUP-KAHRAMMA,2026-03-19,0,m3,flow,Consolidated daily report +Utility Consumption & Power saving calculations -Mar 2026.xlsm,Consolidated Utility Readings.,40,Imported from 2026-03 consolidated utility readings
MOEHE HQ / Permanent HQ,MAKEUP-KAHRAMMA,2026-03-20,0,m3,flow,Consolidated daily report +Utility Consumption & Power saving calculations -Mar 2026.xlsm,Consolidated Utility Readings.,40,Imported from 2026-03 consolidated utility readings
MOEHE HQ / Permanent HQ,MAKEUP-KAHRAMMA,2026-03-21,0,m3,flow,Consolidated daily report +Utility Consumption & Power saving calculations -Mar 2026.xlsm,Consolidated Utility Readings.,40,Imported from 2026-03 consolidated utility readings
MOEHE HQ / Permanent HQ,MAKEUP-KAHRAMMA,2026-03-22,0,m3,flow,Consolidated daily report +Utility Consumption & Power saving calculations -Mar 2026.xlsm,Consolidated Utility Readings.,40,Imported from 2026-03 consolidated utility readings
MOEHE HQ / Permanent HQ,MAKEUP-KAHRAMMA,2026-03-23,0,m3,flow,Consolidated daily report +Utility Consumption & Power saving calculations -Mar 2026.xlsm,Consolidated Utility Readings.,40,Imported from 2026-03 consolidated utility readings
MOEHE HQ / Permanent HQ,MAKEUP-KAHRAMMA,2026-03-24,0,m3,flow,Consolidated daily report +Utility Consumption & Power saving calculations -Mar 2026.xlsm,Consolidated Utility Readings.,40,Imported from 2026-03 consolidated utility readings
MOEHE HQ / Permanent HQ,MAKEUP-KAHRAMMA,2026-03-25,0,m3,flow,Consolidated daily report +Utility Consumption & Power saving calculations -Mar 2026.xlsm,Consolidated Utility Readings.,40,Imported from 2026-03 consolidated utility readings
MOEHE HQ / Permanent HQ,MAKEUP-KAHRAMMA,2026-03-26,0,m3,flow,Consolidated daily report +Utility Consumption & Power saving calculations -Mar 2026.xlsm,Consolidated Utility Readings.,40,Imported from 2026-03 consolidated utility readings
MOEHE HQ / Permanent HQ,MAKEUP-KAHRAMMA,2026-03-27,0,m3,flow,Consolidated daily report +Utility Consumption & Power saving calculations -Mar 2026.xlsm,Consolidated Utility Readings.,40,Imported from 2026-03 consolidated utility readings
MOEHE HQ / Permanent HQ,MAKEUP-KAHRAMMA,2026-03-28,0,m3,flow,Consolidated daily report +Utility Consumption & Power saving calculations -Mar 2026.xlsm,Consolidated Utility Readings.,40,Imported from 2026-03 consolidated utility readings
MOEHE HQ / Permanent HQ,MAKEUP-KAHRAMMA,2026-03-29,0,m3,flow,Consolidated daily report +Utility Consumption & Power saving calculations -Mar 2026.xlsm,Consolidated Utility Readings.,40,Imported from 2026-03 consolidated utility readings
MOEHE HQ / Permanent HQ,MAKEUP-KAHRAMMA,2026-03-30,0,m3,flow,Consolidated daily report +Utility Consumption & Power saving calculations -Mar 2026.xlsm,Consolidated Utility Readings.,40,Imported from 2026-03 consolidated utility readings
MOEHE HQ / Permanent HQ,MAKEUP-KAHRAMMA,2026-03-31,0,m3,flow,Consolidated daily report +Utility Consumption & Power saving calculations -Mar 2026.xlsm,Consolidated Utility Readings.,40,Imported from 2026-03 consolidated utility readings
MOEHE HQ / Permanent HQ,MAKEUP-KAHRAMMA,2026-04-01,0,m3,flow,Consolidated daily report +Utility Consumption & Power saving calculations -Apr 2026.xlsm,Consolidated Utility Readings.,40,Imported from 2026-04 consolidated utility readings
MOEHE HQ / Permanent HQ,MAKEUP-KAHRAMMA,2026-04-02,0,m3,flow,Consolidated daily report +Utility Consumption & Power saving calculations -Apr 2026.xlsm,Consolidated Utility Readings.,40,Imported from 2026-04 consolidated utility readings
MOEHE HQ / Permanent HQ,MAKEUP-KAHRAMMA,2026-04-03,0,m3,flow,Consolidated daily report +Utility Consumption & Power saving calculations -Apr 2026.xlsm,Consolidated Utility Readings.,40,Imported from 2026-04 consolidated utility readings
MOEHE HQ / Permanent HQ,MAKEUP-KAHRAMMA,2026-04-04,0,m3,flow,Consolidated daily report +Utility Consumption & Power saving calculations -Apr 2026.xlsm,Consolidated Utility Readings.,40,Imported from 2026-04 consolidated utility readings
MOEHE HQ / Permanent HQ,MAKEUP-KAHRAMMA,2026-04-05,0,m3,flow,Consolidated daily report +Utility Consumption & Power saving calculations -Apr 2026.xlsm,Consolidated Utility Readings.,40,Imported from 2026-04 consolidated utility readings
MOEHE HQ / Permanent HQ,MAKEUP-KAHRAMMA,2026-04-06,0,m3,flow,Consolidated daily report +Utility Consumption & Power saving calculations -Apr 2026.xlsm,Consolidated Utility Readings.,40,Imported from 2026-04 consolidated utility readings
MOEHE HQ / Permanent HQ,MAKEUP-KAHRAMMA,2026-04-07,0,m3,flow,Consolidated daily report +Utility Consumption & Power saving calculations -Apr 2026.xlsm,Consolidated Utility Readings.,40,Imported from 2026-04 consolidated utility readings
MOEHE HQ / Permanent HQ,MAKEUP-KAHRAMMA,2026-04-08,0,m3,flow,Consolidated daily report +Utility Consumption & Power saving calculations -Apr 2026.xlsm,Consolidated Utility Readings.,40,Imported from 2026-04 consolidated utility readings
MOEHE HQ / Permanent HQ,MAKEUP-KAHRAMMA,2026-04-09,0,m3,flow,Consolidated daily report +Utility Consumption & Power saving calculations -Apr 2026.xlsm,Consolidated Utility Readings.,40,Imported from 2026-04 consolidated utility readings
MOEHE HQ / Permanent HQ,MAKEUP-KAHRAMMA,2026-04-10,286959,m3,flow,Consolidated daily report +Utility Consumption & Power saving calculations -Apr 2026.xlsm,Consolidated Utility Readings.,40,Imported from 2026-04 consolidated utility readings
MOEHE HQ / Permanent HQ,MAKEUP-KAHRAMMA,2026-04-11,286959,m3,flow,Consolidated daily report +Utility Consumption & Power saving calculations -Apr 2026.xlsm,Consolidated Utility Readings.,40,Imported from 2026-04 consolidated utility readings
MOEHE HQ / Permanent HQ,MAKEUP-KAHRAMMA,2026-04-12,286959,m3,flow,Consolidated daily report +Utility Consumption & Power saving calculations -Apr 2026.xlsm,Consolidated Utility Readings.,40,Imported from 2026-04 consolidated utility readings
MOEHE HQ / Permanent HQ,MAKEUP-KAHRAMMA,2026-04-13,286959,m3,flow,Consolidated daily report +Utility Consumption & Power saving calculations -Apr 2026.xlsm,Consolidated Utility Readings.,40,Imported from 2026-04 consolidated utility readings
MOEHE HQ / Permanent HQ,MAKEUP-KAHRAMMA,2026-04-14,286959,m3,flow,Consolidated daily report +Utility Consumption & Power saving calculations -Apr 2026.xlsm,Consolidated Utility Readings.,40,Imported from 2026-04 consolidated utility readings
MOEHE HQ / Permanent HQ,MAKEUP-KAHRAMMA,2026-04-15,286959,m3,flow,Consolidated daily report +Utility Consumption & Power saving calculations -Apr 2026.xlsm,Consolidated Utility Readings.,40,Imported from 2026-04 consolidated utility readings
MOEHE HQ / Permanent HQ,MAKEUP-KAHRAMMA,2026-04-16,286959,m3,flow,Consolidated daily report +Utility Consumption & Power saving calculations -Apr 2026.xlsm,Consolidated Utility Readings.,40,Imported from 2026-04 consolidated utility readings
MOEHE HQ / Permanent HQ,MAKEUP-KAHRAMMA,2026-04-17,286959,m3,flow,Consolidated daily report +Utility Consumption & Power saving calculations -Apr 2026.xlsm,Consolidated Utility Readings.,40,Imported from 2026-04 consolidated utility readings
MOEHE HQ / Permanent HQ,MAKEUP-KAHRAMMA,2026-04-18,286959,m3,flow,Consolidated daily report +Utility Consumption & Power saving calculations -Apr 2026.xlsm,Consolidated Utility Readings.,40,Imported from 2026-04 consolidated utility readings
MOEHE HQ / Permanent HQ,MAKEUP-KAHRAMMA,2026-04-19,286959,m3,flow,Consolidated daily report +Utility Consumption & Power saving calculations -Apr 2026.xlsm,Consolidated Utility Readings.,40,Imported from 2026-04 consolidated utility readings
MOEHE HQ / Permanent HQ,MAKEUP-KAHRAMMA,2026-04-20,286959,m3,flow,Consolidated daily report +Utility Consumption & Power saving calculations -Apr 2026.xlsm,Consolidated Utility Readings.,40,Imported from 2026-04 consolidated utility readings
MOEHE HQ / Permanent HQ,MAKEUP-KAHRAMMA,2026-04-21,286959,m3,flow,Consolidated daily report +Utility Consumption & Power saving calculations -Apr 2026.xlsm,Consolidated Utility Readings.,40,Imported from 2026-04 consolidated utility readings
MOEHE HQ / Permanent HQ,MAKEUP-KAHRAMMA,2026-04-22,286959,m3,flow,Consolidated daily report +Utility Consumption & Power saving calculations -Apr 2026.xlsm,Consolidated Utility Readings.,40,Imported from 2026-04 consolidated utility readings
MOEHE HQ / Permanent HQ,MAKEUP-KAHRAMMA,2026-04-23,286959,m3,flow,Consolidated daily report +Utility Consumption & Power saving calculations -Apr 2026.xlsm,Consolidated Utility Readings.,40,Imported from 2026-04 consolidated utility readings
MOEHE HQ / Permanent HQ,MAKEUP-KAHRAMMA,2026-04-24,286959,m3,flow,Consolidated daily report +Utility Consumption & Power saving calculations -Apr 2026.xlsm,Consolidated Utility Readings.,40,Imported from 2026-04 consolidated utility readings
MOEHE HQ / Permanent HQ,MAKEUP-KAHRAMMA,2026-04-25,286959,m3,flow,Consolidated daily report +Utility Consumption & Power saving calculations -Apr 2026.xlsm,Consolidated Utility Readings.,40,Imported from 2026-04 consolidated utility readings
MOEHE HQ / Permanent HQ,MAKEUP-KAHRAMMA,2026-04-26,286959,m3,flow,Consolidated daily report +Utility Consumption & Power saving calculations -Apr 2026.xlsm,Consolidated Utility Readings.,40,Imported from 2026-04 consolidated utility readings
MOEHE HQ / Permanent HQ,MAKEUP-KAHRAMMA,2026-04-27,286959,m3,flow,Consolidated daily report +Utility Consumption & Power saving calculations -Apr 2026.xlsm,Consolidated Utility Readings.,40,Imported from 2026-04 consolidated utility readings
MOEHE HQ / Permanent HQ,MAKEUP-KAHRAMMA,2026-04-28,286959,m3,flow,Consolidated daily report +Utility Consumption & Power saving calculations -Apr 2026.xlsm,Consolidated Utility Readings.,40,Imported from 2026-04 consolidated utility readings
MOEHE HQ / Permanent HQ,MAKEUP-KAHRAMMA,2026-04-29,286959,m3,flow,Consolidated daily report +Utility Consumption & Power saving calculations -Apr 2026.xlsm,Consolidated Utility Readings.,40,Imported from 2026-04 consolidated utility readings
MOEHE HQ / Permanent HQ,MAKEUP-KAHRAMMA,2026-04-30,286959,m3,flow,Consolidated daily report +Utility Consumption & Power saving calculations -Apr 2026.xlsm,Consolidated Utility Readings.,40,Imported from 2026-04 consolidated utility readings
MOEHE HQ / Permanent HQ,MAKEUP-KAHRAMMA,2026-05-01,286959,m3,flow,Consolidated daily report +Utility Consumption & Power saving calculations -May 2026.xlsm,Consolidated Utility Readings.,40,Imported from 2026-05 consolidated utility readings
MOEHE HQ / Permanent HQ,MAKEUP-KAHRAMMA,2026-05-02,286959,m3,flow,Consolidated daily report +Utility Consumption & Power saving calculations -May 2026.xlsm,Consolidated Utility Readings.,40,Imported from 2026-05 consolidated utility readings
MOEHE HQ / Permanent HQ,MAKEUP-KAHRAMMA,2026-05-03,286959,m3,flow,Consolidated daily report +Utility Consumption & Power saving calculations -May 2026.xlsm,Consolidated Utility Readings.,40,Imported from 2026-05 consolidated utility readings
MOEHE HQ / Permanent HQ,MAKEUP-KAHRAMMA,2026-05-04,286959,m3,flow,Consolidated daily report +Utility Consumption & Power saving calculations -May 2026.xlsm,Consolidated Utility Readings.,40,Imported from 2026-05 consolidated utility readings
MOEHE HQ / Permanent HQ,MAKEUP-KAHRAMMA,2026-05-05,286959,m3,flow,Consolidated daily report +Utility Consumption & Power saving calculations -May 2026.xlsm,Consolidated Utility Readings.,40,Imported from 2026-05 consolidated utility readings
MOEHE HQ / Permanent HQ,MAKEUP-KAHRAMMA,2026-05-06,286959,m3,flow,Consolidated daily report +Utility Consumption & Power saving calculations -May 2026.xlsm,Consolidated Utility Readings.,40,Imported from 2026-05 consolidated utility readings
MOEHE HQ / Permanent HQ,MAKEUP-KAHRAMMA,2026-05-07,286959,m3,flow,Consolidated daily report +Utility Consumption & Power saving calculations -May 2026.xlsm,Consolidated Utility Readings.,40,Imported from 2026-05 consolidated utility readings
MOEHE HQ / Permanent HQ,MAKEUP-KAHRAMMA,2026-05-08,286959,m3,flow,Consolidated daily report +Utility Consumption & Power saving calculations -May 2026.xlsm,Consolidated Utility Readings.,40,Imported from 2026-05 consolidated utility readings
MOEHE HQ / Permanent HQ,MAKEUP-KAHRAMMA,2026-05-09,286959,m3,flow,Consolidated daily report +Utility Consumption & Power saving calculations -May 2026.xlsm,Consolidated Utility Readings.,40,Imported from 2026-05 consolidated utility readings
MOEHE HQ / Permanent HQ,MAKEUP-KAHRAMMA,2026-05-10,286959,m3,flow,Consolidated daily report +Utility Consumption & Power saving calculations -May 2026.xlsm,Consolidated Utility Readings.,40,Imported from 2026-05 consolidated utility readings
MOEHE HQ / Permanent HQ,MAKEUP-KAHRAMMA,2026-05-11,286959,m3,flow,Consolidated daily report +Utility Consumption & Power saving calculations -May 2026.xlsm,Consolidated Utility Readings.,40,Imported from 2026-05 consolidated utility readings
MOEHE HQ / Permanent HQ,MAKEUP-KAHRAMMA,2026-05-12,286959,m3,flow,Consolidated daily report +Utility Consumption & Power saving calculations -May 2026.xlsm,Consolidated Utility Readings.,40,Imported from 2026-05 consolidated utility readings
MOEHE HQ / Permanent HQ,MAKEUP-KAHRAMMA,2026-05-13,286959,m3,flow,Consolidated daily report +Utility Consumption & Power saving calculations -May 2026.xlsm,Consolidated Utility Readings.,40,Imported from 2026-05 consolidated utility readings
MOEHE HQ / Permanent HQ,MAKEUP-KAHRAMMA,2026-05-14,286959,m3,flow,Consolidated daily report +Utility Consumption & Power saving calculations -May 2026.xlsm,Consolidated Utility Readings.,40,Imported from 2026-05 consolidated utility readings
MOEHE HQ / Permanent HQ,MAKEUP-KAHRAMMA,2026-05-15,286959,m3,flow,Consolidated daily report +Utility Consumption & Power saving calculations -May 2026.xlsm,Consolidated Utility Readings.,40,Imported from 2026-05 consolidated utility readings
MOEHE HQ / Permanent HQ,MAKEUP-KAHRAMMA,2026-05-16,286959,m3,flow,Consolidated daily report +Utility Consumption & Power saving calculations -May 2026.xlsm,Consolidated Utility Readings.,40,Imported from 2026-05 consolidated utility readings
MOEHE HQ / Permanent HQ,MAKEUP-KAHRAMMA,2026-05-17,286959,m3,flow,Consolidated daily report +Utility Consumption & Power saving calculations -May 2026.xlsm,Consolidated Utility Readings.,40,Imported from 2026-05 consolidated utility readings
MOEHE HQ / Permanent HQ,MAKEUP-KAHRAMMA,2026-05-18,286959,m3,flow,Consolidated daily report +Utility Consumption & Power saving calculations -May 2026.xlsm,Consolidated Utility Readings.,40,Imported from 2026-05 consolidated utility readings
MOEHE HQ / Permanent HQ,MAKEUP-KAHRAMMA,2026-05-19,286959,m3,flow,Consolidated daily report +Utility Consumption & Power saving calculations -May 2026.xlsm,Consolidated Utility Readings.,40,Imported from 2026-05 consolidated utility readings
MOEHE HQ / Permanent HQ,MAKEUP-KAHRAMMA,2026-05-20,286959,m3,flow,Consolidated daily report +Utility Consumption & Power saving calculations -May 2026.xlsm,Consolidated Utility Readings.,40,Imported from 2026-05 consolidated utility readings
MOEHE HQ / Permanent HQ,MAKEUP-KAHRAMMA,2026-05-21,23783,m3,flow,Consolidated daily report +Utility Consumption & Power saving calculations -May 2026.xlsm,Consolidated Utility Readings.,40,Imported from 2026-05 consolidated utility readings
MOEHE HQ / Permanent HQ,MAKEUP-KAHRAMMA,2026-05-22,23783,m3,flow,Consolidated daily report +Utility Consumption & Power saving calculations -May 2026.xlsm,Consolidated Utility Readings.,40,Imported from 2026-05 consolidated utility readings
MOEHE HQ / Permanent HQ,MAKEUP-KAHRAMMA,2026-05-23,23783,m3,flow,Consolidated daily report +Utility Consumption & Power saving calculations -May 2026.xlsm,Consolidated Utility Readings.,40,Imported from 2026-05 consolidated utility readings
MOEHE HQ / Permanent HQ,MAKEUP-KAHRAMMA,2026-05-24,12879,m3,flow,Consolidated daily report +Utility Consumption & Power saving calculations -May 2026.xlsm,Consolidated Utility Readings.,40,Imported from 2026-05 consolidated utility readings
MOEHE HQ / Permanent HQ,MAKEUP-KAHRAMMA,2026-05-25,12879,m3,flow,Consolidated daily report +Utility Consumption & Power saving calculations -May 2026.xlsm,Consolidated Utility Readings.,40,Imported from 2026-05 consolidated utility readings
MOEHE HQ / Permanent HQ,MAKEUP-KAHRAMMA,2026-05-26,12879,m3,flow,Consolidated daily report +Utility Consumption & Power saving calculations -May 2026.xlsm,Consolidated Utility Readings.,40,Imported from 2026-05 consolidated utility readings
MOEHE HQ / Permanent HQ,MAKEUP-KAHRAMMA,2026-05-27,12879,m3,flow,Consolidated daily report +Utility Consumption & Power saving calculations -May 2026.xlsm,Consolidated Utility Readings.,40,Imported from 2026-05 consolidated utility readings
MOEHE HQ / Permanent HQ,MAKEUP-KAHRAMMA,2026-05-28,12879,m3,flow,Consolidated daily report +Utility Consumption & Power saving calculations -May 2026.xlsm,Consolidated Utility Readings.,40,Imported from 2026-05 consolidated utility readings
MOEHE HQ / Permanent HQ,MAKEUP-KAHRAMMA,2026-05-29,12879,m3,flow,Consolidated daily report +Utility Consumption & Power saving calculations -May 2026.xlsm,Consolidated Utility Readings.,40,Imported from 2026-05 consolidated utility readings
MOEHE HQ / Permanent HQ,MAKEUP-KAHRAMMA,2026-05-30,12879,m3,flow,Consolidated daily report +Utility Consumption & Power saving calculations -May 2026.xlsm,Consolidated Utility Readings.,40,Imported from 2026-05 consolidated utility readings
MOEHE HQ / Permanent HQ,MAKEUP-KAHRAMMA,2026-05-31,12879,m3,flow,Consolidated daily report +Utility Consumption & Power saving calculations -May 2026.xlsm,Consolidated Utility Readings.,40,Imported from 2026-05 consolidated utility readings
MOEHE HQ / Permanent HQ,MAKEUP-RO,2026-03-01,12900,m3,flow,Consolidated daily report +Utility Consumption & Power saving calculations -Mar 2026.xlsm,Consolidated Utility Readings.,41,Imported from 2026-03 consolidated utility readings
MOEHE HQ / Permanent HQ,MAKEUP-RO,2026-03-02,12959,m3,flow,Consolidated daily report +Utility Consumption & Power saving calculations -Mar 2026.xlsm,Consolidated Utility Readings.,41,Imported from 2026-03 consolidated utility readings
MOEHE HQ / Permanent HQ,MAKEUP-RO,2026-03-03,12959,m3,flow,Consolidated daily report +Utility Consumption & Power saving calculations -Mar 2026.xlsm,Consolidated Utility Readings.,41,Imported from 2026-03 consolidated utility readings
MOEHE HQ / Permanent HQ,MAKEUP-RO,2026-03-04,13146,m3,flow,Consolidated daily report +Utility Consumption & Power saving calculations -Mar 2026.xlsm,Consolidated Utility Readings.,41,Imported from 2026-03 consolidated utility readings
MOEHE HQ / Permanent HQ,MAKEUP-RO,2026-03-05,13211,m3,flow,Consolidated daily report +Utility Consumption & Power saving calculations -Mar 2026.xlsm,Consolidated Utility Readings.,41,Imported from 2026-03 consolidated utility readings
MOEHE HQ / Permanent HQ,MAKEUP-RO,2026-03-06,13287,m3,flow,Consolidated daily report +Utility Consumption & Power saving calculations -Mar 2026.xlsm,Consolidated Utility Readings.,41,Imported from 2026-03 consolidated utility readings
MOEHE HQ / Permanent HQ,MAKEUP-RO,2026-03-07,13287,m3,flow,Consolidated daily report +Utility Consumption & Power saving calculations -Mar 2026.xlsm,Consolidated Utility Readings.,41,Imported from 2026-03 consolidated utility readings
MOEHE HQ / Permanent HQ,MAKEUP-RO,2026-03-08,13497,m3,flow,Consolidated daily report +Utility Consumption & Power saving calculations -Mar 2026.xlsm,Consolidated Utility Readings.,41,Imported from 2026-03 consolidated utility readings
MOEHE HQ / Permanent HQ,MAKEUP-RO,2026-03-09,13604,m3,flow,Consolidated daily report +Utility Consumption & Power saving calculations -Mar 2026.xlsm,Consolidated Utility Readings.,41,Imported from 2026-03 consolidated utility readings
MOEHE HQ / Permanent HQ,MAKEUP-RO,2026-03-10,13718,m3,flow,Consolidated daily report +Utility Consumption & Power saving calculations -Mar 2026.xlsm,Consolidated Utility Readings.,41,Imported from 2026-03 consolidated utility readings
MOEHE HQ / Permanent HQ,MAKEUP-RO,2026-03-11,13822,m3,flow,Consolidated daily report +Utility Consumption & Power saving calculations -Mar 2026.xlsm,Consolidated Utility Readings.,41,Imported from 2026-03 consolidated utility readings
MOEHE HQ / Permanent HQ,MAKEUP-RO,2026-03-12,13895,m3,flow,Consolidated daily report +Utility Consumption & Power saving calculations -Mar 2026.xlsm,Consolidated Utility Readings.,41,Imported from 2026-03 consolidated utility readings
MOEHE HQ / Permanent HQ,MAKEUP-RO,2026-03-13,14084,m3,flow,Consolidated daily report +Utility Consumption & Power saving calculations -Mar 2026.xlsm,Consolidated Utility Readings.,41,Imported from 2026-03 consolidated utility readings
MOEHE HQ / Permanent HQ,MAKEUP-RO,2026-03-14,14084,m3,flow,Consolidated daily report +Utility Consumption & Power saving calculations -Mar 2026.xlsm,Consolidated Utility Readings.,41,Imported from 2026-03 consolidated utility readings
MOEHE HQ / Permanent HQ,MAKEUP-RO,2026-03-15,14227,m3,flow,Consolidated daily report +Utility Consumption & Power saving calculations -Mar 2026.xlsm,Consolidated Utility Readings.,41,Imported from 2026-03 consolidated utility readings
MOEHE HQ / Permanent HQ,MAKEUP-RO,2026-03-16,14297,m3,flow,Consolidated daily report +Utility Consumption & Power saving calculations -Mar 2026.xlsm,Consolidated Utility Readings.,41,Imported from 2026-03 consolidated utility readings
MOEHE HQ / Permanent HQ,MAKEUP-RO,2026-03-17,14352,m3,flow,Consolidated daily report +Utility Consumption & Power saving calculations -Mar 2026.xlsm,Consolidated Utility Readings.,41,Imported from 2026-03 consolidated utility readings
MOEHE HQ / Permanent HQ,MAKEUP-RO,2026-03-18,14412,m3,flow,Consolidated daily report +Utility Consumption & Power saving calculations -Mar 2026.xlsm,Consolidated Utility Readings.,41,Imported from 2026-03 consolidated utility readings
MOEHE HQ / Permanent HQ,MAKEUP-RO,2026-03-19,14469,m3,flow,Consolidated daily report +Utility Consumption & Power saving calculations -Mar 2026.xlsm,Consolidated Utility Readings.,41,Imported from 2026-03 consolidated utility readings
MOEHE HQ / Permanent HQ,MAKEUP-RO,2026-03-20,14469,m3,flow,Consolidated daily report +Utility Consumption & Power saving calculations -Mar 2026.xlsm,Consolidated Utility Readings.,41,Imported from 2026-03 consolidated utility readings
MOEHE HQ / Permanent HQ,MAKEUP-RO,2026-03-21,14469,m3,flow,Consolidated daily report +Utility Consumption & Power saving calculations -Mar 2026.xlsm,Consolidated Utility Readings.,41,Imported from 2026-03 consolidated utility readings
MOEHE HQ / Permanent HQ,MAKEUP-RO,2026-03-22,14469,m3,flow,Consolidated daily report +Utility Consumption & Power saving calculations -Mar 2026.xlsm,Consolidated Utility Readings.,41,Imported from 2026-03 consolidated utility readings
MOEHE HQ / Permanent HQ,MAKEUP-RO,2026-03-23,14765,m3,flow,Consolidated daily report +Utility Consumption & Power saving calculations -Mar 2026.xlsm,Consolidated Utility Readings.,41,Imported from 2026-03 consolidated utility readings
MOEHE HQ / Permanent HQ,MAKEUP-RO,2026-03-24,14801,m3,flow,Consolidated daily report +Utility Consumption & Power saving calculations -Mar 2026.xlsm,Consolidated Utility Readings.,41,Imported from 2026-03 consolidated utility readings
MOEHE HQ / Permanent HQ,MAKEUP-RO,2026-03-25,14859,m3,flow,Consolidated daily report +Utility Consumption & Power saving calculations -Mar 2026.xlsm,Consolidated Utility Readings.,41,Imported from 2026-03 consolidated utility readings
MOEHE HQ / Permanent HQ,MAKEUP-RO,2026-03-26,14469,m3,flow,Consolidated daily report +Utility Consumption & Power saving calculations -Mar 2026.xlsm,Consolidated Utility Readings.,41,Imported from 2026-03 consolidated utility readings
MOEHE HQ / Permanent HQ,MAKEUP-RO,2026-03-27,15000,m3,flow,Consolidated daily report +Utility Consumption & Power saving calculations -Mar 2026.xlsm,Consolidated Utility Readings.,41,Imported from 2026-03 consolidated utility readings
MOEHE HQ / Permanent HQ,MAKEUP-RO,2026-03-28,15035,m3,flow,Consolidated daily report +Utility Consumption & Power saving calculations -Mar 2026.xlsm,Consolidated Utility Readings.,41,Imported from 2026-03 consolidated utility readings
MOEHE HQ / Permanent HQ,MAKEUP-RO,2026-03-29,15111,m3,flow,Consolidated daily report +Utility Consumption & Power saving calculations -Mar 2026.xlsm,Consolidated Utility Readings.,41,Imported from 2026-03 consolidated utility readings
MOEHE HQ / Permanent HQ,MAKEUP-RO,2026-03-30,15253,m3,flow,Consolidated daily report +Utility Consumption & Power saving calculations -Mar 2026.xlsm,Consolidated Utility Readings.,41,Imported from 2026-03 consolidated utility readings
MOEHE HQ / Permanent HQ,MAKEUP-RO,2026-03-31,15352,m3,flow,Consolidated daily report +Utility Consumption & Power saving calculations -Mar 2026.xlsm,Consolidated Utility Readings.,41,Imported from 2026-03 consolidated utility readings
MOEHE HQ / Permanent HQ,MAKEUP-RO,2026-04-01,15401,m3,flow,Consolidated daily report +Utility Consumption & Power saving calculations -Apr 2026.xlsm,Consolidated Utility Readings.,41,Imported from 2026-04 consolidated utility readings
MOEHE HQ / Permanent HQ,MAKEUP-RO,2026-04-02,15462,m3,flow,Consolidated daily report +Utility Consumption & Power saving calculations -Apr 2026.xlsm,Consolidated Utility Readings.,41,Imported from 2026-04 consolidated utility readings
MOEHE HQ / Permanent HQ,MAKEUP-RO,2026-04-03,15542,m3,flow,Consolidated daily report +Utility Consumption & Power saving calculations -Apr 2026.xlsm,Consolidated Utility Readings.,41,Imported from 2026-04 consolidated utility readings
MOEHE HQ / Permanent HQ,MAKEUP-RO,2026-04-04,15542,m3,flow,Consolidated daily report +Utility Consumption & Power saving calculations -Apr 2026.xlsm,Consolidated Utility Readings.,41,Imported from 2026-04 consolidated utility readings
MOEHE HQ / Permanent HQ,MAKEUP-RO,2026-04-05,15542,m3,flow,Consolidated daily report +Utility Consumption & Power saving calculations -Apr 2026.xlsm,Consolidated Utility Readings.,41,Imported from 2026-04 consolidated utility readings
MOEHE HQ / Permanent HQ,MAKEUP-RO,2026-04-06,15542,m3,flow,Consolidated daily report +Utility Consumption & Power saving calculations -Apr 2026.xlsm,Consolidated Utility Readings.,41,Imported from 2026-04 consolidated utility readings
MOEHE HQ / Permanent HQ,MAKEUP-RO,2026-04-07,15542,m3,flow,Consolidated daily report +Utility Consumption & Power saving calculations -Apr 2026.xlsm,Consolidated Utility Readings.,41,Imported from 2026-04 consolidated utility readings
MOEHE HQ / Permanent HQ,MAKEUP-RO,2026-04-08,15542,m3,flow,Consolidated daily report +Utility Consumption & Power saving calculations -Apr 2026.xlsm,Consolidated Utility Readings.,41,Imported from 2026-04 consolidated utility readings
MOEHE HQ / Permanent HQ,MAKEUP-RO,2026-04-09,15542,m3,flow,Consolidated daily report +Utility Consumption & Power saving calculations -Apr 2026.xlsm,Consolidated Utility Readings.,41,Imported from 2026-04 consolidated utility readings
MOEHE HQ / Permanent HQ,MAKEUP-RO,2026-04-10,15903,m3,flow,Consolidated daily report +Utility Consumption & Power saving calculations -Apr 2026.xlsm,Consolidated Utility Readings.,41,Imported from 2026-04 consolidated utility readings
MOEHE HQ / Permanent HQ,MAKEUP-RO,2026-04-11,15903,m3,flow,Consolidated daily report +Utility Consumption & Power saving calculations -Apr 2026.xlsm,Consolidated Utility Readings.,41,Imported from 2026-04 consolidated utility readings
MOEHE HQ / Permanent HQ,MAKEUP-RO,2026-04-12,15903,m3,flow,Consolidated daily report +Utility Consumption & Power saving calculations -Apr 2026.xlsm,Consolidated Utility Readings.,41,Imported from 2026-04 consolidated utility readings
MOEHE HQ / Permanent HQ,MAKEUP-RO,2026-04-13,15903,m3,flow,Consolidated daily report +Utility Consumption & Power saving calculations -Apr 2026.xlsm,Consolidated Utility Readings.,41,Imported from 2026-04 consolidated utility readings
MOEHE HQ / Permanent HQ,MAKEUP-RO,2026-04-14,15903,m3,flow,Consolidated daily report +Utility Consumption & Power saving calculations -Apr 2026.xlsm,Consolidated Utility Readings.,41,Imported from 2026-04 consolidated utility readings
MOEHE HQ / Permanent HQ,MAKEUP-RO,2026-04-15,15903,m3,flow,Consolidated daily report +Utility Consumption & Power saving calculations -Apr 2026.xlsm,Consolidated Utility Readings.,41,Imported from 2026-04 consolidated utility readings
MOEHE HQ / Permanent HQ,MAKEUP-RO,2026-04-16,15903,m3,flow,Consolidated daily report +Utility Consumption & Power saving calculations -Apr 2026.xlsm,Consolidated Utility Readings.,41,Imported from 2026-04 consolidated utility readings
MOEHE HQ / Permanent HQ,MAKEUP-RO,2026-04-17,16262,m3,flow,Consolidated daily report +Utility Consumption & Power saving calculations -Apr 2026.xlsm,Consolidated Utility Readings.,41,Imported from 2026-04 consolidated utility readings
MOEHE HQ / Permanent HQ,MAKEUP-RO,2026-04-18,16268,m3,flow,Consolidated daily report +Utility Consumption & Power saving calculations -Apr 2026.xlsm,Consolidated Utility Readings.,41,Imported from 2026-04 consolidated utility readings
MOEHE HQ / Permanent HQ,MAKEUP-RO,2026-04-19,16268,m3,flow,Consolidated daily report +Utility Consumption & Power saving calculations -Apr 2026.xlsm,Consolidated Utility Readings.,41,Imported from 2026-04 consolidated utility readings
MOEHE HQ / Permanent HQ,MAKEUP-RO,2026-04-20,16268,m3,flow,Consolidated daily report +Utility Consumption & Power saving calculations -Apr 2026.xlsm,Consolidated Utility Readings.,41,Imported from 2026-04 consolidated utility readings
MOEHE HQ / Permanent HQ,MAKEUP-RO,2026-04-21,16268,m3,flow,Consolidated daily report +Utility Consumption & Power saving calculations -Apr 2026.xlsm,Consolidated Utility Readings.,41,Imported from 2026-04 consolidated utility readings
MOEHE HQ / Permanent HQ,MAKEUP-RO,2026-04-22,16268,m3,flow,Consolidated daily report +Utility Consumption & Power saving calculations -Apr 2026.xlsm,Consolidated Utility Readings.,41,Imported from 2026-04 consolidated utility readings
MOEHE HQ / Permanent HQ,MAKEUP-RO,2026-04-23,16268,m3,flow,Consolidated daily report +Utility Consumption & Power saving calculations -Apr 2026.xlsm,Consolidated Utility Readings.,41,Imported from 2026-04 consolidated utility readings
MOEHE HQ / Permanent HQ,MAKEUP-RO,2026-04-24,16706,m3,flow,Consolidated daily report +Utility Consumption & Power saving calculations -Apr 2026.xlsm,Consolidated Utility Readings.,41,Imported from 2026-04 consolidated utility readings
MOEHE HQ / Permanent HQ,MAKEUP-RO,2026-04-25,16719,m3,flow,Consolidated daily report +Utility Consumption & Power saving calculations -Apr 2026.xlsm,Consolidated Utility Readings.,41,Imported from 2026-04 consolidated utility readings
MOEHE HQ / Permanent HQ,MAKEUP-RO,2026-04-26,16719,m3,flow,Consolidated daily report +Utility Consumption & Power saving calculations -Apr 2026.xlsm,Consolidated Utility Readings.,41,Imported from 2026-04 consolidated utility readings
MOEHE HQ / Permanent HQ,MAKEUP-RO,2026-04-27,16719,m3,flow,Consolidated daily report +Utility Consumption & Power saving calculations -Apr 2026.xlsm,Consolidated Utility Readings.,41,Imported from 2026-04 consolidated utility readings
MOEHE HQ / Permanent HQ,MAKEUP-RO,2026-04-28,16719,m3,flow,Consolidated daily report +Utility Consumption & Power saving calculations -Apr 2026.xlsm,Consolidated Utility Readings.,41,Imported from 2026-04 consolidated utility readings
MOEHE HQ / Permanent HQ,MAKEUP-RO,2026-04-29,17017,m3,flow,Consolidated daily report +Utility Consumption & Power saving calculations -Apr 2026.xlsm,Consolidated Utility Readings.,41,Imported from 2026-04 consolidated utility readings
MOEHE HQ / Permanent HQ,MAKEUP-RO,2026-04-30,17091,m3,flow,Consolidated daily report +Utility Consumption & Power saving calculations -Apr 2026.xlsm,Consolidated Utility Readings.,41,Imported from 2026-04 consolidated utility readings
MOEHE HQ / Permanent HQ,MAKEUP-RO,2026-05-01,17171,m3,flow,Consolidated daily report +Utility Consumption & Power saving calculations -May 2026.xlsm,Consolidated Utility Readings.,41,Imported from 2026-05 consolidated utility readings
MOEHE HQ / Permanent HQ,MAKEUP-RO,2026-05-02,17171,m3,flow,Consolidated daily report +Utility Consumption & Power saving calculations -May 2026.xlsm,Consolidated Utility Readings.,41,Imported from 2026-05 consolidated utility readings
MOEHE HQ / Permanent HQ,MAKEUP-RO,2026-05-03,17235,m3,flow,Consolidated daily report +Utility Consumption & Power saving calculations -May 2026.xlsm,Consolidated Utility Readings.,41,Imported from 2026-05 consolidated utility readings
MOEHE HQ / Permanent HQ,MAKEUP-RO,2026-05-04,17357,m3,flow,Consolidated daily report +Utility Consumption & Power saving calculations -May 2026.xlsm,Consolidated Utility Readings.,41,Imported from 2026-05 consolidated utility readings
MOEHE HQ / Permanent HQ,MAKEUP-RO,2026-05-05,17448,m3,flow,Consolidated daily report +Utility Consumption & Power saving calculations -May 2026.xlsm,Consolidated Utility Readings.,41,Imported from 2026-05 consolidated utility readings
MOEHE HQ / Permanent HQ,MAKEUP-RO,2026-05-06,17448,m3,flow,Consolidated daily report +Utility Consumption & Power saving calculations -May 2026.xlsm,Consolidated Utility Readings.,41,Imported from 2026-05 consolidated utility readings
MOEHE HQ / Permanent HQ,MAKEUP-RO,2026-05-07,17615,m3,flow,Consolidated daily report +Utility Consumption & Power saving calculations -May 2026.xlsm,Consolidated Utility Readings.,41,Imported from 2026-05 consolidated utility readings
MOEHE HQ / Permanent HQ,MAKEUP-RO,2026-05-08,17757,m3,flow,Consolidated daily report +Utility Consumption & Power saving calculations -May 2026.xlsm,Consolidated Utility Readings.,41,Imported from 2026-05 consolidated utility readings
MOEHE HQ / Permanent HQ,MAKEUP-RO,2026-05-09,17801,m3,flow,Consolidated daily report +Utility Consumption & Power saving calculations -May 2026.xlsm,Consolidated Utility Readings.,41,Imported from 2026-05 consolidated utility readings
MOEHE HQ / Permanent HQ,MAKEUP-RO,2026-05-10,17880,m3,flow,Consolidated daily report +Utility Consumption & Power saving calculations -May 2026.xlsm,Consolidated Utility Readings.,41,Imported from 2026-05 consolidated utility readings
MOEHE HQ / Permanent HQ,MAKEUP-RO,2026-05-11,17948,m3,flow,Consolidated daily report +Utility Consumption & Power saving calculations -May 2026.xlsm,Consolidated Utility Readings.,41,Imported from 2026-05 consolidated utility readings
MOEHE HQ / Permanent HQ,MAKEUP-RO,2026-05-12,18083,m3,flow,Consolidated daily report +Utility Consumption & Power saving calculations -May 2026.xlsm,Consolidated Utility Readings.,41,Imported from 2026-05 consolidated utility readings
MOEHE HQ / Permanent HQ,MAKEUP-RO,2026-05-13,18118,m3,flow,Consolidated daily report +Utility Consumption & Power saving calculations -May 2026.xlsm,Consolidated Utility Readings.,41,Imported from 2026-05 consolidated utility readings
MOEHE HQ / Permanent HQ,MAKEUP-RO,2026-05-14,18207,m3,flow,Consolidated daily report +Utility Consumption & Power saving calculations -May 2026.xlsm,Consolidated Utility Readings.,41,Imported from 2026-05 consolidated utility readings
MOEHE HQ / Permanent HQ,MAKEUP-RO,2026-05-15,18327,m3,flow,Consolidated daily report +Utility Consumption & Power saving calculations -May 2026.xlsm,Consolidated Utility Readings.,41,Imported from 2026-05 consolidated utility readings
MOEHE HQ / Permanent HQ,MAKEUP-RO,2026-05-16,18327,m3,flow,Consolidated daily report +Utility Consumption & Power saving calculations -May 2026.xlsm,Consolidated Utility Readings.,41,Imported from 2026-05 consolidated utility readings
MOEHE HQ / Permanent HQ,MAKEUP-RO,2026-05-17,18327,m3,flow,Consolidated daily report +Utility Consumption & Power saving calculations -May 2026.xlsm,Consolidated Utility Readings.,41,Imported from 2026-05 consolidated utility readings
MOEHE HQ / Permanent HQ,MAKEUP-RO,2026-05-18,15903,m3,flow,Consolidated daily report +Utility Consumption & Power saving calculations -May 2026.xlsm,Consolidated Utility Readings.,41,Imported from 2026-05 consolidated utility readings
MOEHE HQ / Permanent HQ,MAKEUP-RO,2026-05-19,15903,m3,flow,Consolidated daily report +Utility Consumption & Power saving calculations -May 2026.xlsm,Consolidated Utility Readings.,41,Imported from 2026-05 consolidated utility readings
MOEHE HQ / Permanent HQ,MAKEUP-RO,2026-05-20,15903,m3,flow,Consolidated daily report +Utility Consumption & Power saving calculations -May 2026.xlsm,Consolidated Utility Readings.,41,Imported from 2026-05 consolidated utility readings
MOEHE HQ / Permanent HQ,MAKEUP-RO,2026-05-21,15903,m3,flow,Consolidated daily report +Utility Consumption & Power saving calculations -May 2026.xlsm,Consolidated Utility Readings.,41,Imported from 2026-05 consolidated utility readings
MOEHE HQ / Permanent HQ,MAKEUP-RO,2026-05-22,18902,m3,flow,Consolidated daily report +Utility Consumption & Power saving calculations -May 2026.xlsm,Consolidated Utility Readings.,41,Imported from 2026-05 consolidated utility readings
MOEHE HQ / Permanent HQ,MAKEUP-RO,2026-05-23,18961,m3,flow,Consolidated daily report +Utility Consumption & Power saving calculations -May 2026.xlsm,Consolidated Utility Readings.,41,Imported from 2026-05 consolidated utility readings
MOEHE HQ / Permanent HQ,MAKEUP-RO,2026-05-24,18961,m3,flow,Consolidated daily report +Utility Consumption & Power saving calculations -May 2026.xlsm,Consolidated Utility Readings.,41,Imported from 2026-05 consolidated utility readings
MOEHE HQ / Permanent HQ,MAKEUP-RO,2026-05-25,18961,m3,flow,Consolidated daily report +Utility Consumption & Power saving calculations -May 2026.xlsm,Consolidated Utility Readings.,41,Imported from 2026-05 consolidated utility readings
MOEHE HQ / Permanent HQ,MAKEUP-RO,2026-05-26,18961,m3,flow,Consolidated daily report +Utility Consumption & Power saving calculations -May 2026.xlsm,Consolidated Utility Readings.,41,Imported from 2026-05 consolidated utility readings
MOEHE HQ / Permanent HQ,MAKEUP-RO,2026-05-27,18961,m3,flow,Consolidated daily report +Utility Consumption & Power saving calculations -May 2026.xlsm,Consolidated Utility Readings.,41,Imported from 2026-05 consolidated utility readings
MOEHE HQ / Permanent HQ,MAKEUP-RO,2026-05-28,18961,m3,flow,Consolidated daily report +Utility Consumption & Power saving calculations -May 2026.xlsm,Consolidated Utility Readings.,41,Imported from 2026-05 consolidated utility readings
MOEHE HQ / Permanent HQ,MAKEUP-RO,2026-05-29,18961,m3,flow,Consolidated daily report +Utility Consumption & Power saving calculations -May 2026.xlsm,Consolidated Utility Readings.,41,Imported from 2026-05 consolidated utility readings
MOEHE HQ / Permanent HQ,MAKEUP-RO,2026-05-30,18961,m3,flow,Consolidated daily report +Utility Consumption & Power saving calculations -May 2026.xlsm,Consolidated Utility Readings.,41,Imported from 2026-05 consolidated utility readings
MOEHE HQ / Permanent HQ,MAKEUP-RO,2026-05-31,19557,m3,flow,Consolidated daily report +Utility Consumption & Power saving calculations -May 2026.xlsm,Consolidated Utility Readings.,41,Imported from 2026-05 consolidated utility readings
MOEHE HQ / Permanent HQ,STORM-WATER,2026-03-01,6201,m3,flow,Consolidated daily report +Utility Consumption & Power saving calculations -Mar 2026.xlsm,Consolidated Utility Readings.,42,Imported from 2026-03 consolidated utility readings
MOEHE HQ / Permanent HQ,STORM-WATER,2026-03-02,6372,m3,flow,Consolidated daily report +Utility Consumption & Power saving calculations -Mar 2026.xlsm,Consolidated Utility Readings.,42,Imported from 2026-03 consolidated utility readings
MOEHE HQ / Permanent HQ,STORM-WATER,2026-03-03,6415,m3,flow,Consolidated daily report +Utility Consumption & Power saving calculations -Mar 2026.xlsm,Consolidated Utility Readings.,42,Imported from 2026-03 consolidated utility readings
MOEHE HQ / Permanent HQ,STORM-WATER,2026-03-04,6450,m3,flow,Consolidated daily report +Utility Consumption & Power saving calculations -Mar 2026.xlsm,Consolidated Utility Readings.,42,Imported from 2026-03 consolidated utility readings
MOEHE HQ / Permanent HQ,STORM-WATER,2026-03-05,6492,m3,flow,Consolidated daily report +Utility Consumption & Power saving calculations -Mar 2026.xlsm,Consolidated Utility Readings.,42,Imported from 2026-03 consolidated utility readings
MOEHE HQ / Permanent HQ,STORM-WATER,2026-03-06,6514,m3,flow,Consolidated daily report +Utility Consumption & Power saving calculations -Mar 2026.xlsm,Consolidated Utility Readings.,42,Imported from 2026-03 consolidated utility readings
MOEHE HQ / Permanent HQ,STORM-WATER,2026-03-07,6528,m3,flow,Consolidated daily report +Utility Consumption & Power saving calculations -Mar 2026.xlsm,Consolidated Utility Readings.,42,Imported from 2026-03 consolidated utility readings
MOEHE HQ / Permanent HQ,STORM-WATER,2026-03-08,6587,m3,flow,Consolidated daily report +Utility Consumption & Power saving calculations -Mar 2026.xlsm,Consolidated Utility Readings.,42,Imported from 2026-03 consolidated utility readings
MOEHE HQ / Permanent HQ,STORM-WATER,2026-03-09,6628,m3,flow,Consolidated daily report +Utility Consumption & Power saving calculations -Mar 2026.xlsm,Consolidated Utility Readings.,42,Imported from 2026-03 consolidated utility readings
MOEHE HQ / Permanent HQ,STORM-WATER,2026-03-10,6661,m3,flow,Consolidated daily report +Utility Consumption & Power saving calculations -Mar 2026.xlsm,Consolidated Utility Readings.,42,Imported from 2026-03 consolidated utility readings
MOEHE HQ / Permanent HQ,STORM-WATER,2026-03-11,6690,m3,flow,Consolidated daily report +Utility Consumption & Power saving calculations -Mar 2026.xlsm,Consolidated Utility Readings.,42,Imported from 2026-03 consolidated utility readings
MOEHE HQ / Permanent HQ,STORM-WATER,2026-03-12,6731,m3,flow,Consolidated daily report +Utility Consumption & Power saving calculations -Mar 2026.xlsm,Consolidated Utility Readings.,42,Imported from 2026-03 consolidated utility readings
MOEHE HQ / Permanent HQ,STORM-WATER,2026-03-13,6771,m3,flow,Consolidated daily report +Utility Consumption & Power saving calculations -Mar 2026.xlsm,Consolidated Utility Readings.,42,Imported from 2026-03 consolidated utility readings
MOEHE HQ / Permanent HQ,STORM-WATER,2026-03-14,6781,m3,flow,Consolidated daily report +Utility Consumption & Power saving calculations -Mar 2026.xlsm,Consolidated Utility Readings.,42,Imported from 2026-03 consolidated utility readings
MOEHE HQ / Permanent HQ,STORM-WATER,2026-03-15,6854,m3,flow,Consolidated daily report +Utility Consumption & Power saving calculations -Mar 2026.xlsm,Consolidated Utility Readings.,42,Imported from 2026-03 consolidated utility readings
MOEHE HQ / Permanent HQ,STORM-WATER,2026-03-16,6898,m3,flow,Consolidated daily report +Utility Consumption & Power saving calculations -Mar 2026.xlsm,Consolidated Utility Readings.,42,Imported from 2026-03 consolidated utility readings
MOEHE HQ / Permanent HQ,STORM-WATER,2026-03-17,6927,m3,flow,Consolidated daily report +Utility Consumption & Power saving calculations -Mar 2026.xlsm,Consolidated Utility Readings.,42,Imported from 2026-03 consolidated utility readings
MOEHE HQ / Permanent HQ,STORM-WATER,2026-03-18,6927,m3,flow,Consolidated daily report +Utility Consumption & Power saving calculations -Mar 2026.xlsm,Consolidated Utility Readings.,42,Imported from 2026-03 consolidated utility readings
MOEHE HQ / Permanent HQ,STORM-WATER,2026-03-19,6949,m3,flow,Consolidated daily report +Utility Consumption & Power saving calculations -Mar 2026.xlsm,Consolidated Utility Readings.,42,Imported from 2026-03 consolidated utility readings
MOEHE HQ / Permanent HQ,STORM-WATER,2026-03-20,6949,m3,flow,Consolidated daily report +Utility Consumption & Power saving calculations -Mar 2026.xlsm,Consolidated Utility Readings.,42,Imported from 2026-03 consolidated utility readings
MOEHE HQ / Permanent HQ,STORM-WATER,2026-03-21,6949,m3,flow,Consolidated daily report +Utility Consumption & Power saving calculations -Mar 2026.xlsm,Consolidated Utility Readings.,42,Imported from 2026-03 consolidated utility readings
MOEHE HQ / Permanent HQ,STORM-WATER,2026-03-22,6949,m3,flow,Consolidated daily report +Utility Consumption & Power saving calculations -Mar 2026.xlsm,Consolidated Utility Readings.,42,Imported from 2026-03 consolidated utility readings
MOEHE HQ / Permanent HQ,STORM-WATER,2026-03-23,7100,m3,flow,Consolidated daily report +Utility Consumption & Power saving calculations -Mar 2026.xlsm,Consolidated Utility Readings.,42,Imported from 2026-03 consolidated utility readings
MOEHE HQ / Permanent HQ,STORM-WATER,2026-03-24,7100,m3,flow,Consolidated daily report +Utility Consumption & Power saving calculations -Mar 2026.xlsm,Consolidated Utility Readings.,42,Imported from 2026-03 consolidated utility readings
MOEHE HQ / Permanent HQ,STORM-WATER,2026-03-25,7100,m3,flow,Consolidated daily report +Utility Consumption & Power saving calculations -Mar 2026.xlsm,Consolidated Utility Readings.,42,Imported from 2026-03 consolidated utility readings
MOEHE HQ / Permanent HQ,STORM-WATER,2026-03-26,7141,m3,flow,Consolidated daily report +Utility Consumption & Power saving calculations -Mar 2026.xlsm,Consolidated Utility Readings.,42,Imported from 2026-03 consolidated utility readings
MOEHE HQ / Permanent HQ,STORM-WATER,2026-03-27,7184,m3,flow,Consolidated daily report +Utility Consumption & Power saving calculations -Mar 2026.xlsm,Consolidated Utility Readings.,42,Imported from 2026-03 consolidated utility readings
MOEHE HQ / Permanent HQ,STORM-WATER,2026-03-28,7194,m3,flow,Consolidated daily report +Utility Consumption & Power saving calculations -Mar 2026.xlsm,Consolidated Utility Readings.,42,Imported from 2026-03 consolidated utility readings
MOEHE HQ / Permanent HQ,STORM-WATER,2026-03-29,7199,m3,flow,Consolidated daily report +Utility Consumption & Power saving calculations -Mar 2026.xlsm,Consolidated Utility Readings.,42,Imported from 2026-03 consolidated utility readings
MOEHE HQ / Permanent HQ,STORM-WATER,2026-03-30,7201,m3,flow,Consolidated daily report +Utility Consumption & Power saving calculations -Mar 2026.xlsm,Consolidated Utility Readings.,42,Imported from 2026-03 consolidated utility readings
MOEHE HQ / Permanent HQ,STORM-WATER,2026-03-31,7215,m3,flow,Consolidated daily report +Utility Consumption & Power saving calculations -Mar 2026.xlsm,Consolidated Utility Readings.,42,Imported from 2026-03 consolidated utility readings
MOEHE HQ / Permanent HQ,STORM-WATER,2026-04-01,7215,m3,flow,Consolidated daily report +Utility Consumption & Power saving calculations -Apr 2026.xlsm,Consolidated Utility Readings.,42,Imported from 2026-04 consolidated utility readings
MOEHE HQ / Permanent HQ,STORM-WATER,2026-04-02,7215,m3,flow,Consolidated daily report +Utility Consumption & Power saving calculations -Apr 2026.xlsm,Consolidated Utility Readings.,42,Imported from 2026-04 consolidated utility readings
MOEHE HQ / Permanent HQ,STORM-WATER,2026-04-03,7222,m3,flow,Consolidated daily report +Utility Consumption & Power saving calculations -Apr 2026.xlsm,Consolidated Utility Readings.,42,Imported from 2026-04 consolidated utility readings
MOEHE HQ / Permanent HQ,STORM-WATER,2026-04-04,7222,m3,flow,Consolidated daily report +Utility Consumption & Power saving calculations -Apr 2026.xlsm,Consolidated Utility Readings.,42,Imported from 2026-04 consolidated utility readings
MOEHE HQ / Permanent HQ,STORM-WATER,2026-04-05,7239,m3,flow,Consolidated daily report +Utility Consumption & Power saving calculations -Apr 2026.xlsm,Consolidated Utility Readings.,42,Imported from 2026-04 consolidated utility readings
MOEHE HQ / Permanent HQ,STORM-WATER,2026-04-06,7239,m3,flow,Consolidated daily report +Utility Consumption & Power saving calculations -Apr 2026.xlsm,Consolidated Utility Readings.,42,Imported from 2026-04 consolidated utility readings
MOEHE HQ / Permanent HQ,STORM-WATER,2026-04-07,7318,m3,flow,Consolidated daily report +Utility Consumption & Power saving calculations -Apr 2026.xlsm,Consolidated Utility Readings.,42,Imported from 2026-04 consolidated utility readings
MOEHE HQ / Permanent HQ,STORM-WATER,2026-04-08,7353,m3,flow,Consolidated daily report +Utility Consumption & Power saving calculations -Apr 2026.xlsm,Consolidated Utility Readings.,42,Imported from 2026-04 consolidated utility readings
MOEHE HQ / Permanent HQ,STORM-WATER,2026-04-09,7411,m3,flow,Consolidated daily report +Utility Consumption & Power saving calculations -Apr 2026.xlsm,Consolidated Utility Readings.,42,Imported from 2026-04 consolidated utility readings
MOEHE HQ / Permanent HQ,STORM-WATER,2026-04-10,7451,m3,flow,Consolidated daily report +Utility Consumption & Power saving calculations -Apr 2026.xlsm,Consolidated Utility Readings.,42,Imported from 2026-04 consolidated utility readings
MOEHE HQ / Permanent HQ,STORM-WATER,2026-04-11,7451,m3,flow,Consolidated daily report +Utility Consumption & Power saving calculations -Apr 2026.xlsm,Consolidated Utility Readings.,42,Imported from 2026-04 consolidated utility readings
MOEHE HQ / Permanent HQ,STORM-WATER,2026-04-12,7521,m3,flow,Consolidated daily report +Utility Consumption & Power saving calculations -Apr 2026.xlsm,Consolidated Utility Readings.,42,Imported from 2026-04 consolidated utility readings
MOEHE HQ / Permanent HQ,STORM-WATER,2026-04-13,7543,m3,flow,Consolidated daily report +Utility Consumption & Power saving calculations -Apr 2026.xlsm,Consolidated Utility Readings.,42,Imported from 2026-04 consolidated utility readings
MOEHE HQ / Permanent HQ,STORM-WATER,2026-04-14,7580,m3,flow,Consolidated daily report +Utility Consumption & Power saving calculations -Apr 2026.xlsm,Consolidated Utility Readings.,42,Imported from 2026-04 consolidated utility readings
MOEHE HQ / Permanent HQ,STORM-WATER,2026-04-15,7613,m3,flow,Consolidated daily report +Utility Consumption & Power saving calculations -Apr 2026.xlsm,Consolidated Utility Readings.,42,Imported from 2026-04 consolidated utility readings
MOEHE HQ / Permanent HQ,STORM-WATER,2026-04-16,7662,m3,flow,Consolidated daily report +Utility Consumption & Power saving calculations -Apr 2026.xlsm,Consolidated Utility Readings.,42,Imported from 2026-04 consolidated utility readings
MOEHE HQ / Permanent HQ,STORM-WATER,2026-04-17,7687,m3,flow,Consolidated daily report +Utility Consumption & Power saving calculations -Apr 2026.xlsm,Consolidated Utility Readings.,42,Imported from 2026-04 consolidated utility readings
MOEHE HQ / Permanent HQ,STORM-WATER,2026-04-18,7687,m3,flow,Consolidated daily report +Utility Consumption & Power saving calculations -Apr 2026.xlsm,Consolidated Utility Readings.,42,Imported from 2026-04 consolidated utility readings
MOEHE HQ / Permanent HQ,STORM-WATER,2026-04-19,7774,m3,flow,Consolidated daily report +Utility Consumption & Power saving calculations -Apr 2026.xlsm,Consolidated Utility Readings.,42,Imported from 2026-04 consolidated utility readings
MOEHE HQ / Permanent HQ,STORM-WATER,2026-04-20,7804,m3,flow,Consolidated daily report +Utility Consumption & Power saving calculations -Apr 2026.xlsm,Consolidated Utility Readings.,42,Imported from 2026-04 consolidated utility readings
MOEHE HQ / Permanent HQ,STORM-WATER,2026-04-21,7833,m3,flow,Consolidated daily report +Utility Consumption & Power saving calculations -Apr 2026.xlsm,Consolidated Utility Readings.,42,Imported from 2026-04 consolidated utility readings
MOEHE HQ / Permanent HQ,STORM-WATER,2026-04-22,7850,m3,flow,Consolidated daily report +Utility Consumption & Power saving calculations -Apr 2026.xlsm,Consolidated Utility Readings.,42,Imported from 2026-04 consolidated utility readings
MOEHE HQ / Permanent HQ,STORM-WATER,2026-04-23,7879,m3,flow,Consolidated daily report +Utility Consumption & Power saving calculations -Apr 2026.xlsm,Consolidated Utility Readings.,42,Imported from 2026-04 consolidated utility readings
MOEHE HQ / Permanent HQ,STORM-WATER,2026-04-24,7937,m3,flow,Consolidated daily report +Utility Consumption & Power saving calculations -Apr 2026.xlsm,Consolidated Utility Readings.,42,Imported from 2026-04 consolidated utility readings
MOEHE HQ / Permanent HQ,STORM-WATER,2026-04-25,7879,m3,flow,Consolidated daily report +Utility Consumption & Power saving calculations -Apr 2026.xlsm,Consolidated Utility Readings.,42,Imported from 2026-04 consolidated utility readings
MOEHE HQ / Permanent HQ,STORM-WATER,2026-04-26,7956,m3,flow,Consolidated daily report +Utility Consumption & Power saving calculations -Apr 2026.xlsm,Consolidated Utility Readings.,42,Imported from 2026-04 consolidated utility readings
MOEHE HQ / Permanent HQ,STORM-WATER,2026-04-27,7995,m3,flow,Consolidated daily report +Utility Consumption & Power saving calculations -Apr 2026.xlsm,Consolidated Utility Readings.,42,Imported from 2026-04 consolidated utility readings
MOEHE HQ / Permanent HQ,STORM-WATER,2026-04-28,8046,m3,flow,Consolidated daily report +Utility Consumption & Power saving calculations -Apr 2026.xlsm,Consolidated Utility Readings.,42,Imported from 2026-04 consolidated utility readings
MOEHE HQ / Permanent HQ,STORM-WATER,2026-04-29,8084,m3,flow,Consolidated daily report +Utility Consumption & Power saving calculations -Apr 2026.xlsm,Consolidated Utility Readings.,42,Imported from 2026-04 consolidated utility readings
MOEHE HQ / Permanent HQ,STORM-WATER,2026-04-30,8135,m3,flow,Consolidated daily report +Utility Consumption & Power saving calculations -Apr 2026.xlsm,Consolidated Utility Readings.,42,Imported from 2026-04 consolidated utility readings
MOEHE HQ / Permanent HQ,STORM-WATER,2026-05-01,8150,m3,flow,Consolidated daily report +Utility Consumption & Power saving calculations -May 2026.xlsm,Consolidated Utility Readings.,42,Imported from 2026-05 consolidated utility readings
MOEHE HQ / Permanent HQ,STORM-WATER,2026-05-02,8164,m3,flow,Consolidated daily report +Utility Consumption & Power saving calculations -May 2026.xlsm,Consolidated Utility Readings.,42,Imported from 2026-05 consolidated utility readings
MOEHE HQ / Permanent HQ,STORM-WATER,2026-05-03,8210,m3,flow,Consolidated daily report +Utility Consumption & Power saving calculations -May 2026.xlsm,Consolidated Utility Readings.,42,Imported from 2026-05 consolidated utility readings
MOEHE HQ / Permanent HQ,STORM-WATER,2026-05-04,8370,m3,flow,Consolidated daily report +Utility Consumption & Power saving calculations -May 2026.xlsm,Consolidated Utility Readings.,42,Imported from 2026-05 consolidated utility readings
MOEHE HQ / Permanent HQ,STORM-WATER,2026-05-05,8372,m3,flow,Consolidated daily report +Utility Consumption & Power saving calculations -May 2026.xlsm,Consolidated Utility Readings.,42,Imported from 2026-05 consolidated utility readings
MOEHE HQ / Permanent HQ,STORM-WATER,2026-05-06,8372,m3,flow,Consolidated daily report +Utility Consumption & Power saving calculations -May 2026.xlsm,Consolidated Utility Readings.,42,Imported from 2026-05 consolidated utility readings
MOEHE HQ / Permanent HQ,STORM-WATER,2026-05-07,8664,m3,flow,Consolidated daily report +Utility Consumption & Power saving calculations -May 2026.xlsm,Consolidated Utility Readings.,42,Imported from 2026-05 consolidated utility readings
MOEHE HQ / Permanent HQ,STORM-WATER,2026-05-08,8778,m3,flow,Consolidated daily report +Utility Consumption & Power saving calculations -May 2026.xlsm,Consolidated Utility Readings.,42,Imported from 2026-05 consolidated utility readings
MOEHE HQ / Permanent HQ,STORM-WATER,2026-05-09,8778,m3,flow,Consolidated daily report +Utility Consumption & Power saving calculations -May 2026.xlsm,Consolidated Utility Readings.,42,Imported from 2026-05 consolidated utility readings
MOEHE HQ / Permanent HQ,STORM-WATER,2026-05-10,8778,m3,flow,Consolidated daily report +Utility Consumption & Power saving calculations -May 2026.xlsm,Consolidated Utility Readings.,42,Imported from 2026-05 consolidated utility readings
MOEHE HQ / Permanent HQ,STORM-WATER,2026-05-11,9091,m3,flow,Consolidated daily report +Utility Consumption & Power saving calculations -May 2026.xlsm,Consolidated Utility Readings.,42,Imported from 2026-05 consolidated utility readings
MOEHE HQ / Permanent HQ,STORM-WATER,2026-05-12,9136,m3,flow,Consolidated daily report +Utility Consumption & Power saving calculations -May 2026.xlsm,Consolidated Utility Readings.,42,Imported from 2026-05 consolidated utility readings
MOEHE HQ / Permanent HQ,STORM-WATER,2026-05-13,9278,m3,flow,Consolidated daily report +Utility Consumption & Power saving calculations -May 2026.xlsm,Consolidated Utility Readings.,42,Imported from 2026-05 consolidated utility readings
MOEHE HQ / Permanent HQ,STORM-WATER,2026-05-14,9366,m3,flow,Consolidated daily report +Utility Consumption & Power saving calculations -May 2026.xlsm,Consolidated Utility Readings.,42,Imported from 2026-05 consolidated utility readings
MOEHE HQ / Permanent HQ,STORM-WATER,2026-05-15,9452,m3,flow,Consolidated daily report +Utility Consumption & Power saving calculations -May 2026.xlsm,Consolidated Utility Readings.,42,Imported from 2026-05 consolidated utility readings
MOEHE HQ / Permanent HQ,STORM-WATER,2026-05-16,9528,m3,flow,Consolidated daily report +Utility Consumption & Power saving calculations -May 2026.xlsm,Consolidated Utility Readings.,42,Imported from 2026-05 consolidated utility readings
MOEHE HQ / Permanent HQ,STORM-WATER,2026-05-17,9528,m3,flow,Consolidated daily report +Utility Consumption & Power saving calculations -May 2026.xlsm,Consolidated Utility Readings.,42,Imported from 2026-05 consolidated utility readings
MOEHE HQ / Permanent HQ,STORM-WATER,2026-05-18,9604,m3,flow,Consolidated daily report +Utility Consumption & Power saving calculations -May 2026.xlsm,Consolidated Utility Readings.,42,Imported from 2026-05 consolidated utility readings
MOEHE HQ / Permanent HQ,STORM-WATER,2026-05-19,9742,m3,flow,Consolidated daily report +Utility Consumption & Power saving calculations -May 2026.xlsm,Consolidated Utility Readings.,42,Imported from 2026-05 consolidated utility readings
MOEHE HQ / Permanent HQ,STORM-WATER,2026-05-20,9742,m3,flow,Consolidated daily report +Utility Consumption & Power saving calculations -May 2026.xlsm,Consolidated Utility Readings.,42,Imported from 2026-05 consolidated utility readings
MOEHE HQ / Permanent HQ,STORM-WATER,2026-05-21,9915,m3,flow,Consolidated daily report +Utility Consumption & Power saving calculations -May 2026.xlsm,Consolidated Utility Readings.,42,Imported from 2026-05 consolidated utility readings
MOEHE HQ / Permanent HQ,STORM-WATER,2026-05-22,9978,m3,flow,Consolidated daily report +Utility Consumption & Power saving calculations -May 2026.xlsm,Consolidated Utility Readings.,42,Imported from 2026-05 consolidated utility readings
MOEHE HQ / Permanent HQ,STORM-WATER,2026-05-23,10007,m3,flow,Consolidated daily report +Utility Consumption & Power saving calculations -May 2026.xlsm,Consolidated Utility Readings.,42,Imported from 2026-05 consolidated utility readings
MOEHE HQ / Permanent HQ,STORM-WATER,2026-05-24,10096,m3,flow,Consolidated daily report +Utility Consumption & Power saving calculations -May 2026.xlsm,Consolidated Utility Readings.,42,Imported from 2026-05 consolidated utility readings
MOEHE HQ / Permanent HQ,STORM-WATER,2026-05-25,10096,m3,flow,Consolidated daily report +Utility Consumption & Power saving calculations -May 2026.xlsm,Consolidated Utility Readings.,42,Imported from 2026-05 consolidated utility readings
MOEHE HQ / Permanent HQ,STORM-WATER,2026-05-26,10293,m3,flow,Consolidated daily report +Utility Consumption & Power saving calculations -May 2026.xlsm,Consolidated Utility Readings.,42,Imported from 2026-05 consolidated utility readings
MOEHE HQ / Permanent HQ,STORM-WATER,2026-05-27,10293,m3,flow,Consolidated daily report +Utility Consumption & Power saving calculations -May 2026.xlsm,Consolidated Utility Readings.,42,Imported from 2026-05 consolidated utility readings
MOEHE HQ / Permanent HQ,STORM-WATER,2026-05-28,10293,m3,flow,Consolidated daily report +Utility Consumption & Power saving calculations -May 2026.xlsm,Consolidated Utility Readings.,42,Imported from 2026-05 consolidated utility readings
MOEHE HQ / Permanent HQ,STORM-WATER,2026-05-29,10293,m3,flow,Consolidated daily report +Utility Consumption & Power saving calculations -May 2026.xlsm,Consolidated Utility Readings.,42,Imported from 2026-05 consolidated utility readings
MOEHE HQ / Permanent HQ,STORM-WATER,2026-05-30,10293,m3,flow,Consolidated daily report +Utility Consumption & Power saving calculations -May 2026.xlsm,Consolidated Utility Readings.,42,Imported from 2026-05 consolidated utility readings
MOEHE HQ / Permanent HQ,STORM-WATER,2026-05-31,10647,m3,flow,Consolidated daily report +Utility Consumption & Power saving calculations -May 2026.xlsm,Consolidated Utility Readings.,42,Imported from 2026-05 consolidated utility readings
MOEHE HQ / Permanent HQ,TMS-2000,2026-03-01,45350,liter,fuel,Consolidated daily report +Utility Consumption & Power saving calculations -Mar 2026.xlsm,Consolidated Utility Readings.,33,Imported from 2026-03 consolidated utility readings
MOEHE HQ / Permanent HQ,TMS-2000,2026-03-02,45350,liter,fuel,Consolidated daily report +Utility Consumption & Power saving calculations -Mar 2026.xlsm,Consolidated Utility Readings.,33,Imported from 2026-03 consolidated utility readings
MOEHE HQ / Permanent HQ,TMS-2000,2026-03-03,45350,liter,fuel,Consolidated daily report +Utility Consumption & Power saving calculations -Mar 2026.xlsm,Consolidated Utility Readings.,33,Imported from 2026-03 consolidated utility readings
MOEHE HQ / Permanent HQ,TMS-2000,2026-03-04,45350,liter,fuel,Consolidated daily report +Utility Consumption & Power saving calculations -Mar 2026.xlsm,Consolidated Utility Readings.,33,Imported from 2026-03 consolidated utility readings
MOEHE HQ / Permanent HQ,TMS-2000,2026-03-05,45350,liter,fuel,Consolidated daily report +Utility Consumption & Power saving calculations -Mar 2026.xlsm,Consolidated Utility Readings.,33,Imported from 2026-03 consolidated utility readings
MOEHE HQ / Permanent HQ,TMS-2000,2026-03-06,45350,liter,fuel,Consolidated daily report +Utility Consumption & Power saving calculations -Mar 2026.xlsm,Consolidated Utility Readings.,33,Imported from 2026-03 consolidated utility readings
MOEHE HQ / Permanent HQ,TMS-2000,2026-03-07,45350,liter,fuel,Consolidated daily report +Utility Consumption & Power saving calculations -Mar 2026.xlsm,Consolidated Utility Readings.,33,Imported from 2026-03 consolidated utility readings
MOEHE HQ / Permanent HQ,TMS-2000,2026-03-08,45350,liter,fuel,Consolidated daily report +Utility Consumption & Power saving calculations -Mar 2026.xlsm,Consolidated Utility Readings.,33,Imported from 2026-03 consolidated utility readings
MOEHE HQ / Permanent HQ,TMS-2000,2026-03-09,45350,liter,fuel,Consolidated daily report +Utility Consumption & Power saving calculations -Mar 2026.xlsm,Consolidated Utility Readings.,33,Imported from 2026-03 consolidated utility readings
MOEHE HQ / Permanent HQ,TMS-2000,2026-03-10,45350,liter,fuel,Consolidated daily report +Utility Consumption & Power saving calculations -Mar 2026.xlsm,Consolidated Utility Readings.,33,Imported from 2026-03 consolidated utility readings
MOEHE HQ / Permanent HQ,TMS-2000,2026-03-11,45350,liter,fuel,Consolidated daily report +Utility Consumption & Power saving calculations -Mar 2026.xlsm,Consolidated Utility Readings.,33,Imported from 2026-03 consolidated utility readings
MOEHE HQ / Permanent HQ,TMS-2000,2026-03-12,45350,liter,fuel,Consolidated daily report +Utility Consumption & Power saving calculations -Mar 2026.xlsm,Consolidated Utility Readings.,33,Imported from 2026-03 consolidated utility readings
MOEHE HQ / Permanent HQ,TMS-2000,2026-03-13,45350,liter,fuel,Consolidated daily report +Utility Consumption & Power saving calculations -Mar 2026.xlsm,Consolidated Utility Readings.,33,Imported from 2026-03 consolidated utility readings
MOEHE HQ / Permanent HQ,TMS-2000,2026-03-14,45350,liter,fuel,Consolidated daily report +Utility Consumption & Power saving calculations -Mar 2026.xlsm,Consolidated Utility Readings.,33,Imported from 2026-03 consolidated utility readings
MOEHE HQ / Permanent HQ,TMS-2000,2026-03-15,45350,liter,fuel,Consolidated daily report +Utility Consumption & Power saving calculations -Mar 2026.xlsm,Consolidated Utility Readings.,33,Imported from 2026-03 consolidated utility readings
MOEHE HQ / Permanent HQ,TMS-2000,2026-03-16,45350,liter,fuel,Consolidated daily report +Utility Consumption & Power saving calculations -Mar 2026.xlsm,Consolidated Utility Readings.,33,Imported from 2026-03 consolidated utility readings
MOEHE HQ / Permanent HQ,TMS-2000,2026-03-17,45350,liter,fuel,Consolidated daily report +Utility Consumption & Power saving calculations -Mar 2026.xlsm,Consolidated Utility Readings.,33,Imported from 2026-03 consolidated utility readings
MOEHE HQ / Permanent HQ,TMS-2000,2026-03-18,45350,liter,fuel,Consolidated daily report +Utility Consumption & Power saving calculations -Mar 2026.xlsm,Consolidated Utility Readings.,33,Imported from 2026-03 consolidated utility readings
MOEHE HQ / Permanent HQ,TMS-2000,2026-03-19,45350,liter,fuel,Consolidated daily report +Utility Consumption & Power saving calculations -Mar 2026.xlsm,Consolidated Utility Readings.,33,Imported from 2026-03 consolidated utility readings
MOEHE HQ / Permanent HQ,TMS-2000,2026-03-20,45350,liter,fuel,Consolidated daily report +Utility Consumption & Power saving calculations -Mar 2026.xlsm,Consolidated Utility Readings.,33,Imported from 2026-03 consolidated utility readings
MOEHE HQ / Permanent HQ,TMS-2000,2026-03-21,45350,liter,fuel,Consolidated daily report +Utility Consumption & Power saving calculations -Mar 2026.xlsm,Consolidated Utility Readings.,33,Imported from 2026-03 consolidated utility readings
MOEHE HQ / Permanent HQ,TMS-2000,2026-03-22,45350,liter,fuel,Consolidated daily report +Utility Consumption & Power saving calculations -Mar 2026.xlsm,Consolidated Utility Readings.,33,Imported from 2026-03 consolidated utility readings
MOEHE HQ / Permanent HQ,TMS-2000,2026-03-23,45350,liter,fuel,Consolidated daily report +Utility Consumption & Power saving calculations -Mar 2026.xlsm,Consolidated Utility Readings.,33,Imported from 2026-03 consolidated utility readings
MOEHE HQ / Permanent HQ,TMS-2000,2026-03-24,45350,liter,fuel,Consolidated daily report +Utility Consumption & Power saving calculations -Mar 2026.xlsm,Consolidated Utility Readings.,33,Imported from 2026-03 consolidated utility readings
MOEHE HQ / Permanent HQ,TMS-2000,2026-03-25,45350,liter,fuel,Consolidated daily report +Utility Consumption & Power saving calculations -Mar 2026.xlsm,Consolidated Utility Readings.,33,Imported from 2026-03 consolidated utility readings
MOEHE HQ / Permanent HQ,TMS-2000,2026-03-26,45350,liter,fuel,Consolidated daily report +Utility Consumption & Power saving calculations -Mar 2026.xlsm,Consolidated Utility Readings.,33,Imported from 2026-03 consolidated utility readings
MOEHE HQ / Permanent HQ,TMS-2000,2026-03-27,45350,liter,fuel,Consolidated daily report +Utility Consumption & Power saving calculations -Mar 2026.xlsm,Consolidated Utility Readings.,33,Imported from 2026-03 consolidated utility readings
MOEHE HQ / Permanent HQ,TMS-2000,2026-03-28,45350,liter,fuel,Consolidated daily report +Utility Consumption & Power saving calculations -Mar 2026.xlsm,Consolidated Utility Readings.,33,Imported from 2026-03 consolidated utility readings
MOEHE HQ / Permanent HQ,TMS-2000,2026-03-29,45350,liter,fuel,Consolidated daily report +Utility Consumption & Power saving calculations -Mar 2026.xlsm,Consolidated Utility Readings.,33,Imported from 2026-03 consolidated utility readings
MOEHE HQ / Permanent HQ,TMS-2000,2026-03-30,45350,liter,fuel,Consolidated daily report +Utility Consumption & Power saving calculations -Mar 2026.xlsm,Consolidated Utility Readings.,33,Imported from 2026-03 consolidated utility readings
MOEHE HQ / Permanent HQ,TMS-2000,2026-03-31,45350,liter,fuel,Consolidated daily report +Utility Consumption & Power saving calculations -Mar 2026.xlsm,Consolidated Utility Readings.,33,Imported from 2026-03 consolidated utility readings
MOEHE HQ / Permanent HQ,TMS-2000,2026-04-01,45350,liter,fuel,Consolidated daily report +Utility Consumption & Power saving calculations -Apr 2026.xlsm,Consolidated Utility Readings.,33,Imported from 2026-04 consolidated utility readings
MOEHE HQ / Permanent HQ,TMS-2000,2026-04-02,45350,liter,fuel,Consolidated daily report +Utility Consumption & Power saving calculations -Apr 2026.xlsm,Consolidated Utility Readings.,33,Imported from 2026-04 consolidated utility readings
MOEHE HQ / Permanent HQ,TMS-2000,2026-04-03,45350,liter,fuel,Consolidated daily report +Utility Consumption & Power saving calculations -Apr 2026.xlsm,Consolidated Utility Readings.,33,Imported from 2026-04 consolidated utility readings
MOEHE HQ / Permanent HQ,TMS-2000,2026-04-04,45350,liter,fuel,Consolidated daily report +Utility Consumption & Power saving calculations -Apr 2026.xlsm,Consolidated Utility Readings.,33,Imported from 2026-04 consolidated utility readings
MOEHE HQ / Permanent HQ,TMS-2000,2026-04-05,45350,liter,fuel,Consolidated daily report +Utility Consumption & Power saving calculations -Apr 2026.xlsm,Consolidated Utility Readings.,33,Imported from 2026-04 consolidated utility readings
MOEHE HQ / Permanent HQ,TMS-2000,2026-04-06,45350,liter,fuel,Consolidated daily report +Utility Consumption & Power saving calculations -Apr 2026.xlsm,Consolidated Utility Readings.,33,Imported from 2026-04 consolidated utility readings
MOEHE HQ / Permanent HQ,TMS-2000,2026-04-07,45350,liter,fuel,Consolidated daily report +Utility Consumption & Power saving calculations -Apr 2026.xlsm,Consolidated Utility Readings.,33,Imported from 2026-04 consolidated utility readings
MOEHE HQ / Permanent HQ,TMS-2000,2026-04-08,45350,liter,fuel,Consolidated daily report +Utility Consumption & Power saving calculations -Apr 2026.xlsm,Consolidated Utility Readings.,33,Imported from 2026-04 consolidated utility readings
MOEHE HQ / Permanent HQ,TMS-2000,2026-04-09,45350,liter,fuel,Consolidated daily report +Utility Consumption & Power saving calculations -Apr 2026.xlsm,Consolidated Utility Readings.,33,Imported from 2026-04 consolidated utility readings
MOEHE HQ / Permanent HQ,TMS-2000,2026-04-10,45350,liter,fuel,Consolidated daily report +Utility Consumption & Power saving calculations -Apr 2026.xlsm,Consolidated Utility Readings.,33,Imported from 2026-04 consolidated utility readings
MOEHE HQ / Permanent HQ,TMS-2000,2026-04-11,45350,liter,fuel,Consolidated daily report +Utility Consumption & Power saving calculations -Apr 2026.xlsm,Consolidated Utility Readings.,33,Imported from 2026-04 consolidated utility readings
MOEHE HQ / Permanent HQ,TMS-2000,2026-04-12,45350,liter,fuel,Consolidated daily report +Utility Consumption & Power saving calculations -Apr 2026.xlsm,Consolidated Utility Readings.,33,Imported from 2026-04 consolidated utility readings
MOEHE HQ / Permanent HQ,TMS-2000,2026-04-13,45350,liter,fuel,Consolidated daily report +Utility Consumption & Power saving calculations -Apr 2026.xlsm,Consolidated Utility Readings.,33,Imported from 2026-04 consolidated utility readings
MOEHE HQ / Permanent HQ,TMS-2000,2026-04-14,45350,liter,fuel,Consolidated daily report +Utility Consumption & Power saving calculations -Apr 2026.xlsm,Consolidated Utility Readings.,33,Imported from 2026-04 consolidated utility readings
MOEHE HQ / Permanent HQ,TMS-2000,2026-04-15,45350,liter,fuel,Consolidated daily report +Utility Consumption & Power saving calculations -Apr 2026.xlsm,Consolidated Utility Readings.,33,Imported from 2026-04 consolidated utility readings
MOEHE HQ / Permanent HQ,TMS-2000,2026-04-16,45350,liter,fuel,Consolidated daily report +Utility Consumption & Power saving calculations -Apr 2026.xlsm,Consolidated Utility Readings.,33,Imported from 2026-04 consolidated utility readings
MOEHE HQ / Permanent HQ,TMS-2000,2026-04-17,45350,liter,fuel,Consolidated daily report +Utility Consumption & Power saving calculations -Apr 2026.xlsm,Consolidated Utility Readings.,33,Imported from 2026-04 consolidated utility readings
MOEHE HQ / Permanent HQ,TMS-2000,2026-04-18,45350,liter,fuel,Consolidated daily report +Utility Consumption & Power saving calculations -Apr 2026.xlsm,Consolidated Utility Readings.,33,Imported from 2026-04 consolidated utility readings
MOEHE HQ / Permanent HQ,TMS-2000,2026-04-19,45350,liter,fuel,Consolidated daily report +Utility Consumption & Power saving calculations -Apr 2026.xlsm,Consolidated Utility Readings.,33,Imported from 2026-04 consolidated utility readings
MOEHE HQ / Permanent HQ,TMS-2000,2026-04-20,45350,liter,fuel,Consolidated daily report +Utility Consumption & Power saving calculations -Apr 2026.xlsm,Consolidated Utility Readings.,33,Imported from 2026-04 consolidated utility readings
MOEHE HQ / Permanent HQ,TMS-2000,2026-04-21,45350,liter,fuel,Consolidated daily report +Utility Consumption & Power saving calculations -Apr 2026.xlsm,Consolidated Utility Readings.,33,Imported from 2026-04 consolidated utility readings
MOEHE HQ / Permanent HQ,TMS-2000,2026-04-22,45350,liter,fuel,Consolidated daily report +Utility Consumption & Power saving calculations -Apr 2026.xlsm,Consolidated Utility Readings.,33,Imported from 2026-04 consolidated utility readings
MOEHE HQ / Permanent HQ,TMS-2000,2026-04-23,45350,liter,fuel,Consolidated daily report +Utility Consumption & Power saving calculations -Apr 2026.xlsm,Consolidated Utility Readings.,33,Imported from 2026-04 consolidated utility readings
MOEHE HQ / Permanent HQ,TMS-2000,2026-04-24,45350,liter,fuel,Consolidated daily report +Utility Consumption & Power saving calculations -Apr 2026.xlsm,Consolidated Utility Readings.,33,Imported from 2026-04 consolidated utility readings
MOEHE HQ / Permanent HQ,TMS-2000,2026-04-25,45350,liter,fuel,Consolidated daily report +Utility Consumption & Power saving calculations -Apr 2026.xlsm,Consolidated Utility Readings.,33,Imported from 2026-04 consolidated utility readings
MOEHE HQ / Permanent HQ,TMS-2000,2026-04-26,45350,liter,fuel,Consolidated daily report +Utility Consumption & Power saving calculations -Apr 2026.xlsm,Consolidated Utility Readings.,33,Imported from 2026-04 consolidated utility readings
MOEHE HQ / Permanent HQ,TMS-2000,2026-04-27,45350,liter,fuel,Consolidated daily report +Utility Consumption & Power saving calculations -Apr 2026.xlsm,Consolidated Utility Readings.,33,Imported from 2026-04 consolidated utility readings
MOEHE HQ / Permanent HQ,TMS-2000,2026-04-28,45350,liter,fuel,Consolidated daily report +Utility Consumption & Power saving calculations -Apr 2026.xlsm,Consolidated Utility Readings.,33,Imported from 2026-04 consolidated utility readings
MOEHE HQ / Permanent HQ,TMS-2000,2026-04-29,45350,liter,fuel,Consolidated daily report +Utility Consumption & Power saving calculations -Apr 2026.xlsm,Consolidated Utility Readings.,33,Imported from 2026-04 consolidated utility readings
MOEHE HQ / Permanent HQ,TMS-2000,2026-04-30,45350,liter,fuel,Consolidated daily report +Utility Consumption & Power saving calculations -Apr 2026.xlsm,Consolidated Utility Readings.,33,Imported from 2026-04 consolidated utility readings
MOEHE HQ / Permanent HQ,TMS-2000,2026-05-01,44749,liter,fuel,Consolidated daily report +Utility Consumption & Power saving calculations -May 2026.xlsm,Consolidated Utility Readings.,33,Imported from 2026-05 consolidated utility readings
MOEHE HQ / Permanent HQ,TMS-2000,2026-05-02,44749,liter,fuel,Consolidated daily report +Utility Consumption & Power saving calculations -May 2026.xlsm,Consolidated Utility Readings.,33,Imported from 2026-05 consolidated utility readings
MOEHE HQ / Permanent HQ,TMS-2000,2026-05-03,44749,liter,fuel,Consolidated daily report +Utility Consumption & Power saving calculations -May 2026.xlsm,Consolidated Utility Readings.,33,Imported from 2026-05 consolidated utility readings
MOEHE HQ / Permanent HQ,TMS-2000,2026-05-04,44749,liter,fuel,Consolidated daily report +Utility Consumption & Power saving calculations -May 2026.xlsm,Consolidated Utility Readings.,33,Imported from 2026-05 consolidated utility readings
MOEHE HQ / Permanent HQ,TMS-2000,2026-05-05,44749,liter,fuel,Consolidated daily report +Utility Consumption & Power saving calculations -May 2026.xlsm,Consolidated Utility Readings.,33,Imported from 2026-05 consolidated utility readings
MOEHE HQ / Permanent HQ,TMS-2000,2026-05-06,44749,liter,fuel,Consolidated daily report +Utility Consumption & Power saving calculations -May 2026.xlsm,Consolidated Utility Readings.,33,Imported from 2026-05 consolidated utility readings
MOEHE HQ / Permanent HQ,TMS-2000,2026-05-07,44749,liter,fuel,Consolidated daily report +Utility Consumption & Power saving calculations -May 2026.xlsm,Consolidated Utility Readings.,33,Imported from 2026-05 consolidated utility readings
MOEHE HQ / Permanent HQ,TMS-2000,2026-05-08,44749,liter,fuel,Consolidated daily report +Utility Consumption & Power saving calculations -May 2026.xlsm,Consolidated Utility Readings.,33,Imported from 2026-05 consolidated utility readings
MOEHE HQ / Permanent HQ,TMS-2000,2026-05-09,44749,liter,fuel,Consolidated daily report +Utility Consumption & Power saving calculations -May 2026.xlsm,Consolidated Utility Readings.,33,Imported from 2026-05 consolidated utility readings
MOEHE HQ / Permanent HQ,TMS-2000,2026-05-10,44749,liter,fuel,Consolidated daily report +Utility Consumption & Power saving calculations -May 2026.xlsm,Consolidated Utility Readings.,33,Imported from 2026-05 consolidated utility readings
MOEHE HQ / Permanent HQ,TMS-2000,2026-05-11,44749,liter,fuel,Consolidated daily report +Utility Consumption & Power saving calculations -May 2026.xlsm,Consolidated Utility Readings.,33,Imported from 2026-05 consolidated utility readings
MOEHE HQ / Permanent HQ,TMS-2000,2026-05-12,44749,liter,fuel,Consolidated daily report +Utility Consumption & Power saving calculations -May 2026.xlsm,Consolidated Utility Readings.,33,Imported from 2026-05 consolidated utility readings
MOEHE HQ / Permanent HQ,TMS-2000,2026-05-13,44749,liter,fuel,Consolidated daily report +Utility Consumption & Power saving calculations -May 2026.xlsm,Consolidated Utility Readings.,33,Imported from 2026-05 consolidated utility readings
MOEHE HQ / Permanent HQ,TMS-2000,2026-05-14,44749,liter,fuel,Consolidated daily report +Utility Consumption & Power saving calculations -May 2026.xlsm,Consolidated Utility Readings.,33,Imported from 2026-05 consolidated utility readings
MOEHE HQ / Permanent HQ,TMS-2000,2026-05-15,44749,liter,fuel,Consolidated daily report +Utility Consumption & Power saving calculations -May 2026.xlsm,Consolidated Utility Readings.,33,Imported from 2026-05 consolidated utility readings
MOEHE HQ / Permanent HQ,TMS-2000,2026-05-16,44749,liter,fuel,Consolidated daily report +Utility Consumption & Power saving calculations -May 2026.xlsm,Consolidated Utility Readings.,33,Imported from 2026-05 consolidated utility readings
MOEHE HQ / Permanent HQ,TMS-2000,2026-05-17,44749,liter,fuel,Consolidated daily report +Utility Consumption & Power saving calculations -May 2026.xlsm,Consolidated Utility Readings.,33,Imported from 2026-05 consolidated utility readings
MOEHE HQ / Permanent HQ,TMS-2000,2026-05-18,44749,liter,fuel,Consolidated daily report +Utility Consumption & Power saving calculations -May 2026.xlsm,Consolidated Utility Readings.,33,Imported from 2026-05 consolidated utility readings
MOEHE HQ / Permanent HQ,TMS-2000,2026-05-19,44749,liter,fuel,Consolidated daily report +Utility Consumption & Power saving calculations -May 2026.xlsm,Consolidated Utility Readings.,33,Imported from 2026-05 consolidated utility readings
MOEHE HQ / Permanent HQ,TMS-2000,2026-05-20,44749,liter,fuel,Consolidated daily report +Utility Consumption & Power saving calculations -May 2026.xlsm,Consolidated Utility Readings.,33,Imported from 2026-05 consolidated utility readings
MOEHE HQ / Permanent HQ,TMS-2000,2026-05-21,44749,liter,fuel,Consolidated daily report +Utility Consumption & Power saving calculations -May 2026.xlsm,Consolidated Utility Readings.,33,Imported from 2026-05 consolidated utility readings
MOEHE HQ / Permanent HQ,TMS-2000,2026-05-22,44749,liter,fuel,Consolidated daily report +Utility Consumption & Power saving calculations -May 2026.xlsm,Consolidated Utility Readings.,33,Imported from 2026-05 consolidated utility readings
MOEHE HQ / Permanent HQ,TMS-2000,2026-05-23,44749,liter,fuel,Consolidated daily report +Utility Consumption & Power saving calculations -May 2026.xlsm,Consolidated Utility Readings.,33,Imported from 2026-05 consolidated utility readings
MOEHE HQ / Permanent HQ,TMS-2000,2026-05-24,44749,liter,fuel,Consolidated daily report +Utility Consumption & Power saving calculations -May 2026.xlsm,Consolidated Utility Readings.,33,Imported from 2026-05 consolidated utility readings
MOEHE HQ / Permanent HQ,TMS-2000,2026-05-25,44749,liter,fuel,Consolidated daily report +Utility Consumption & Power saving calculations -May 2026.xlsm,Consolidated Utility Readings.,33,Imported from 2026-05 consolidated utility readings
MOEHE HQ / Permanent HQ,TMS-2000,2026-05-26,44749,liter,fuel,Consolidated daily report +Utility Consumption & Power saving calculations -May 2026.xlsm,Consolidated Utility Readings.,33,Imported from 2026-05 consolidated utility readings
MOEHE HQ / Permanent HQ,TMS-2000,2026-05-27,44749,liter,fuel,Consolidated daily report +Utility Consumption & Power saving calculations -May 2026.xlsm,Consolidated Utility Readings.,33,Imported from 2026-05 consolidated utility readings
MOEHE HQ / Permanent HQ,TMS-2000,2026-05-28,44749,liter,fuel,Consolidated daily report +Utility Consumption & Power saving calculations -May 2026.xlsm,Consolidated Utility Readings.,33,Imported from 2026-05 consolidated utility readings
MOEHE HQ / Permanent HQ,TMS-2000,2026-05-29,44749,liter,fuel,Consolidated daily report +Utility Consumption & Power saving calculations -May 2026.xlsm,Consolidated Utility Readings.,33,Imported from 2026-05 consolidated utility readings
MOEHE HQ / Permanent HQ,TMS-2000,2026-05-30,44749,liter,fuel,Consolidated daily report +Utility Consumption & Power saving calculations -May 2026.xlsm,Consolidated Utility Readings.,33,Imported from 2026-05 consolidated utility readings
MOEHE HQ / Permanent HQ,TMS-2000,2026-05-31,44749,liter,fuel,Consolidated daily report +Utility Consumption & Power saving calculations -May 2026.xlsm,Consolidated Utility Readings.,33,Imported from 2026-05 consolidated utility readings
